-- --------------------------------------------------------
-- Host:                         127.0.0.1
-- Versión del servidor:         5.7.15-log - MySQL Community Server (GPL)
-- SO del servidor:              Win32
-- HeidiSQL Versión:             12.0.0.6468
-- --------------------------------------------------------

/*!40101 SET @OLD_CHARACTER_SET_CLIENT=@@CHARACTER_SET_CLIENT */;
/*!40101 SET NAMES utf8 */;
/*!50503 SET NAMES utf8mb4 */;
/*!40103 SET @OLD_TIME_ZONE=@@TIME_ZONE */;
/*!40103 SET TIME_ZONE='+00:00' */;
/*!40014 SET @OLD_FOREIGN_KEY_CHECKS=@@FOREIGN_KEY_CHECKS, FOREIGN_KEY_CHECKS=0 */;
/*!40101 SET @OLD_SQL_MODE=@@SQL_MODE, SQL_MODE='NO_AUTO_VALUE_ON_ZERO' */;
/*!40111 SET @OLD_SQL_NOTES=@@SQL_NOTES, SQL_NOTES=0 */;


-- Volcando estructura de base de datos para bd_app_inventario
CREATE DATABASE IF NOT EXISTS `bd_app_inventario` /*!40100 DEFAULT CHARACTER SET utf8 */;
USE `bd_app_inventario`;

-- Volcando estructura para tabla bd_app_inventario.accounts_receivable
CREATE TABLE IF NOT EXISTS `accounts_receivable` (
  `id_account_receivable` bigint(20) unsigned NOT NULL AUTO_INCREMENT,
  `id_client` bigint(20) unsigned NOT NULL,
  `id_user` int(10) unsigned NOT NULL DEFAULT '0',
  `reference` varchar(10) COLLATE utf8_unicode_ci NOT NULL,
  `observation` varchar(500) COLLATE utf8_unicode_ci NOT NULL,
  `broadcast_date` date NOT NULL,
  `expirate_date` date NOT NULL,
  `coin` varchar(10) COLLATE utf8_unicode_ci NOT NULL,
  `exchange_rate` decimal(10,4) NOT NULL,
  `total` decimal(10,2) NOT NULL,
  `total_paid` decimal(10,2) NOT NULL,
  `balance` decimal(10,2) NOT NULL,
  `state` int(11) NOT NULL,
  `created_at` timestamp NULL DEFAULT NULL,
  `updated_at` timestamp NULL DEFAULT NULL,
  PRIMARY KEY (`id_account_receivable`),
  KEY `accounts_receivable_id_client_foreign` (`id_client`),
  KEY `id_user` (`id_user`),
  CONSTRAINT `FK_accounts_receivable_users` FOREIGN KEY (`id_user`) REFERENCES `users` (`id_user`),
  CONSTRAINT `accounts_receivable_id_client_foreign` FOREIGN KEY (`id_client`) REFERENCES `clients` (`id_client`)
) ENGINE=InnoDB AUTO_INCREMENT=110 DEFAULT CHARSET=utf8 COLLATE=utf8_unicode_ci;

-- Volcando datos para la tabla bd_app_inventario.accounts_receivable: ~109 rows (aproximadamente)
INSERT INTO `accounts_receivable` (`id_account_receivable`, `id_client`, `id_user`, `reference`, `observation`, `broadcast_date`, `expirate_date`, `coin`, `exchange_rate`, `total`, `total_paid`, `balance`, `state`, `created_at`, `updated_at`) VALUES
	(1, 2, 1, '', '', '2022-07-01', '2022-07-31', 'USD', 3.8880, 400.00, 0.00, 400.00, 9, '2022-08-25 21:22:46', '2022-08-26 22:15:00'),
	(2, 2, 1, '', '', '2022-07-01', '2022-08-31', 'USD', 3.8880, 400.00, 0.00, 400.00, 9, '2022-08-25 21:24:12', '2022-08-26 21:50:20'),
	(3, 2, 1, '', '', '2022-08-01', '2022-08-25', 'USD', 3.8880, 400.00, 0.00, 400.00, 1, '2022-08-25 21:44:40', '2022-08-25 21:44:40'),
	(4, 2, 1, '', '', '2022-08-25', '2022-08-25', 'USD', 3.8880, 748.29, 0.00, 748.29, 1, '2022-08-25 22:15:16', '2022-08-25 22:15:16'),
	(5, 3, 1, '', '', '2022-08-25', '2022-08-25', 'USD', 3.8880, 624.74, 0.00, 624.74, 1, '2022-08-25 22:16:09', '2022-08-25 22:16:09'),
	(6, 4, 1, '', '', '2022-08-25', '2022-08-25', 'USD', 3.8880, 1992.50, 0.00, 1992.50, 1, '2022-08-25 22:16:51', '2022-08-25 22:16:51'),
	(7, 4, 1, '', '', '2022-08-25', '2022-08-25', 'USD', 3.8880, 5877.20, 0.00, 5877.20, 1, '2022-08-25 22:17:10', '2022-08-25 22:17:10'),
	(8, 1, 1, '', '', '2022-08-25', '2022-08-25', 'USD', 3.8880, 26.60, 0.00, 26.60, 9, '2022-08-25 22:17:52', '2022-08-25 22:22:27'),
	(9, 5, 1, '', '', '2022-08-25', '2022-08-25', 'USD', 3.8770, 26.60, 26.60, 0.00, 2, '2022-08-25 22:22:48', '2022-12-17 23:32:29'),
	(10, 6, 1, '', '', '2022-08-25', '2022-08-25', 'USD', 3.8880, 32.99, 32.99, 0.00, 9, '2022-08-25 22:23:30', '2022-08-25 22:24:36'),
	(11, 7, 1, '', '', '2022-08-25', '2022-08-25', 'USD', 3.8880, 2009.94, 2009.94, 0.00, 2, '2022-08-25 22:25:52', '2022-10-04 15:14:49'),
	(12, 8, 1, '', '', '2022-08-25', '2022-08-25', 'USD', 3.8880, 4074.30, 4074.30, 0.00, 2, '2022-08-25 22:26:51', '2022-10-06 00:43:33'),
	(13, 9, 1, '', '', '2022-08-25', '2022-08-25', 'USD', 3.8880, 3776.93, 3776.93, 0.00, 2, '2022-08-25 22:28:01', '2022-09-20 23:27:11'),
	(14, 10, 1, '', '', '2022-08-25', '2022-08-25', 'USD', 3.8880, 2651.89, 2651.89, 0.00, 2, '2022-08-25 22:28:55', '2022-09-10 00:28:10'),
	(15, 6, 1, '', '', '2022-08-25', '2022-08-25', 'USD', 3.8880, 32.99, 32.99, 0.00, 2, '2022-08-25 22:29:30', '2022-08-25 22:29:43'),
	(16, 6, 1, '', '', '2022-08-25', '2022-08-25', 'USD', 3.8880, 5053.07, 5053.07, 0.00, 2, '2022-08-25 22:30:08', '2022-08-25 22:30:19'),
	(17, 7, 1, '', '', '2022-08-25', '2022-08-25', 'USD', 3.8880, 3862.04, 3862.04, 0.00, 2, '2022-08-25 22:30:48', '2022-08-25 22:31:03'),
	(18, 5, 1, '', '', '2022-08-25', '2022-08-25', 'USD', 3.8880, 303.33, 303.33, 0.00, 2, '2022-08-25 22:31:44', '2022-08-25 22:31:57'),
	(19, 5, 1, '', '', '2022-08-25', '2022-08-25', 'USD', 3.8880, 3568.61, 3568.61, 0.00, 2, '2022-08-25 22:32:41', '2022-08-25 22:33:04'),
	(20, 11, 1, '', '', '2022-08-25', '2022-08-25', 'USD', 3.8880, 1321.55, 1321.55, 0.00, 2, '2022-08-25 22:33:48', '2022-08-25 22:33:59'),
	(21, 9, 1, '', '', '2022-08-25', '2022-08-25', 'USD', 3.8880, 3288.81, 3288.81, 0.00, 2, '2022-08-25 22:34:26', '2022-08-25 22:35:22'),
	(22, 2, 1, '', '', '2022-07-06', '2022-08-11', 'USD', 3.8880, 100.00, 0.00, 100.00, 9, '2022-08-25 23:32:59', '2022-08-26 22:14:52'),
	(23, 12, 1, '', '', '2022-08-26', '2022-08-26', 'USD', 3.8610, 6090.46, 6090.46, 0.00, 2, '2022-08-26 22:29:41', '2022-08-26 22:29:55'),
	(24, 11, 1, '', '', '2022-09-26', '2022-09-26', 'USD', 3.9110, 2569.67, 2569.67, 0.00, 2, '2022-09-26 21:18:46', '2022-09-28 00:48:04'),
	(25, 15, 1, '', '', '2022-09-26', '2022-09-26', 'USD', 3.9110, 1215.87, 1215.87, 0.00, 2, '2022-09-26 21:25:23', '2022-11-09 01:57:57'),
	(26, 14, 1, '', '', '2022-09-27', '2022-09-27', 'USD', 3.9380, 2485.48, 2485.48, 0.00, 2, '2022-09-27 21:34:17', '2022-09-27 21:34:31'),
	(27, 16, 1, '', '', '2022-10-04', '2022-10-04', 'USD', 3.9690, 3724.05, 3724.05, 0.00, 2, '2022-10-04 15:11:56', '2022-10-21 21:56:31'),
	(28, 9, 1, 'NV 149', '', '2022-10-06', '2022-10-06', 'USD', 3.9660, 3149.12, 3149.12, 0.00, 2, '2022-10-06 14:25:50', '2022-11-02 16:45:29'),
	(29, 14, 1, 'NV 161', '', '2022-10-06', '2022-10-06', 'USD', 3.9660, 7980.64, 7980.64, 0.00, 2, '2022-10-06 14:29:05', '2022-11-04 21:09:25'),
	(30, 17, 1, 'NV 104', '', '2022-10-06', '2022-10-06', 'USD', 3.9660, 2610.52, 0.00, 2610.52, 9, '2022-10-06 14:33:24', '2022-12-17 22:59:09'),
	(31, 7, 1, 'NV 156', '', '2022-10-06', '2022-10-06', 'USD', 3.9660, 2137.70, 2137.70, 0.00, 2, '2022-10-06 14:35:10', '2022-11-30 01:13:11'),
	(32, 5, 1, 'NV 63', '', '2022-10-21', '2022-10-21', 'USD', 3.9780, 4254.81, 4254.81, 0.00, 2, '2022-10-21 21:20:57', '2022-10-25 14:25:55'),
	(33, 18, 1, 'NV 236', '', '2022-10-21', '2022-10-21', 'USD', 3.9780, 1777.00, 1777.00, 0.00, 2, '2022-10-21 21:23:57', '2022-10-21 21:24:25'),
	(34, 10, 1, 'NV 109', '', '2022-09-13', '2022-10-20', 'USD', 3.9930, 1552.98, 1552.98, 0.00, 2, '2022-11-02 16:25:40', '2022-11-02 16:26:00'),
	(35, 7, 1, 'NV 414', '', '2022-10-26', '2022-11-26', 'USD', 3.9930, 9117.57, 5683.00, 3434.57, 1, '2022-11-02 16:44:22', '2023-04-22 16:01:21'),
	(36, 19, 1, 'NV 409', '', '2022-10-26', '2022-11-26', 'USD', 3.9930, 1572.64, 1572.64, 0.00, 2, '2022-11-02 16:48:59', '2022-12-07 23:22:43'),
	(37, 10, 1, 'NV 425', '', '2022-11-04', '2022-12-04', 'USD', 3.9930, 2419.26, 2419.26, 0.00, 2, '2022-11-02 22:55:02', '2023-01-17 22:06:41'),
	(38, 11, 1, 'NV 419', '', '2022-11-03', '2022-12-03', 'USD', 3.9760, 3221.20, 3221.20, 0.00, 2, '2022-11-03 13:22:45', '2022-11-11 15:45:53'),
	(39, 9, 1, 'NV 417', '', '2022-11-03', '2022-12-03', 'USD', 3.9760, 6487.67, 6487.67, 0.00, 2, '2022-11-03 21:00:09', '2022-12-17 00:56:44'),
	(40, 20, 1, 'NV 476', '', '2022-11-18', '2022-11-18', 'USD', 3.8450, 871.25, 871.25, 0.00, 2, '2022-11-18 15:58:41', '2022-11-18 15:58:57'),
	(41, 21, 1, 'NV 472', '', '2022-11-21', '2022-11-18', 'USD', 3.8410, 1605.92, 1605.92, 0.00, 2, '2022-11-21 16:28:11', '2022-11-23 14:44:30'),
	(42, 20, 1, 'NV 498', '', '2022-11-30', '2022-11-30', 'USD', 3.8470, 504.11, 504.11, 0.00, 2, '2022-11-30 16:21:08', '2022-11-30 16:21:22'),
	(43, 5, 1, 'NV 176', '', '2022-11-30', '2022-11-30', 'USD', 3.8470, 2403.82, 2403.82, 0.00, 2, '2022-11-30 16:24:28', '2022-11-30 16:24:39'),
	(44, 5, 1, 'NV 451', '', '2022-12-06', '2022-12-06', 'USD', 3.8480, 7997.00, 7997.00, 0.00, 2, '2022-12-06 22:55:34', '2023-03-08 01:35:28'),
	(45, 19, 1, 'NV 553', '', '2022-12-06', '2022-12-06', 'USD', 3.8480, 1902.33, 1802.33, 100.00, 9, '2022-12-06 22:56:27', '2023-01-17 16:45:45'),
	(46, 17, 1, 'NV 499', 'MAS EL 1% (66 USD)', '2022-12-06', '2022-12-06', 'USD', 3.8480, 6661.55, 6661.55, 0.00, 2, '2022-12-06 23:18:57', '2022-12-24 23:50:22'),
	(47, 1, 1, 'NV 495', '', '2022-12-06', '2022-12-06', 'USD', 3.8480, 1971.32, 0.00, 1971.32, 9, '2022-12-06 23:56:43', '2022-12-06 23:58:12'),
	(48, 1, 1, 'NV 495', '', '2022-12-06', '2022-12-06', 'USD', 3.8480, 1971.32, 0.00, 1971.32, 9, '2022-12-06 23:57:20', '2022-12-06 23:58:23'),
	(49, 16, 1, 'NV 495', '', '2022-12-06', '2022-12-06', 'USD', 3.8480, 1971.32, 1971.32, 0.00, 2, '2022-12-06 23:59:53', '2022-12-28 00:55:34'),
	(50, 19, 1, 'NV 559', 'SE DESCONTO 137.64 (NOTA DE CREDITO) TESTER PACO R.', '2022-12-06', '2022-12-06', 'USD', 3.8480, 1598.08, 1598.08, 0.00, 2, '2022-12-07 00:02:06', '2023-01-05 01:07:04'),
	(51, 14, 1, 'NV 461', '', '2022-12-10', '2022-12-10', 'USD', 3.8510, 11588.53, 11588.53, 0.00, 2, '2022-12-10 16:51:03', '2023-01-05 00:42:21'),
	(52, 8, 1, 'NV 448', '', '2022-12-10', '2022-12-10', 'USD', 3.8510, 4913.71, 4913.71, 0.00, 2, '2022-12-10 16:54:52', '2023-01-17 16:43:07'),
	(53, 16, 1, 'NV 564', 'SE DESCONTO 204.92 USD (NOTA DE CREDITO)', '2022-12-12', '2022-12-12', 'USD', 3.8510, 2767.55, 2767.55, 0.00, 2, '2022-12-12 14:31:48', '2023-03-23 13:24:54'),
	(54, 11, 1, 'NV 538', '', '2022-12-12', '2022-12-12', 'USD', 3.8510, 1965.68, 1965.68, 0.00, 2, '2022-12-12 23:57:00', '2022-12-12 23:57:10'),
	(55, 22, 1, 'NV 569', '', '2022-12-15', '2022-12-15', 'USD', 3.8410, 6519.66, 6519.66, 0.00, 2, '2022-12-15 17:45:03', '2023-01-25 01:41:50'),
	(56, 6, 1, 'NV 591', '', '2022-12-15', '2022-12-15', 'USD', 3.8410, 2139.98, 2139.98, 0.00, 2, '2022-12-15 17:46:26', '2022-12-17 15:47:34'),
	(57, 23, 1, '', '', '2022-10-31', '2022-10-31', 'USD', 4.1070, 16837.56, 16837.56, 0.00, 2, '2022-12-17 23:05:04', '2022-12-17 23:52:52'),
	(58, 1, 1, 'NV ????', '', '2022-12-21', '2022-12-21', 'USD', 3.8390, 1749.78, 0.00, 1749.78, 9, '2022-12-21 14:57:32', '2022-12-21 15:03:31'),
	(59, 15, 1, 'NV 590', '', '2022-12-21', '2022-12-21', 'USD', 3.8390, 1201.70, 1201.70, 0.00, 2, '2022-12-21 15:00:17', '2023-01-19 15:26:25'),
	(60, 10, 1, 'NV ?', '', '2022-12-21', '2022-12-21', 'USD', 3.8390, 1749.78, 0.00, 1749.78, 9, '2022-12-21 15:01:23', '2022-12-21 15:02:58'),
	(61, 10, 1, 'NV 638', '', '2022-12-21', '2022-12-21', 'USD', 3.8390, 1509.42, 1509.42, 0.00, 2, '2022-12-21 15:04:06', '2022-12-24 23:54:07'),
	(62, 9, 1, 'NV 608', '', '2022-12-24', '2022-12-24', 'USD', 3.8270, 2968.04, 2968.04, 0.00, 2, '2022-12-24 23:59:11', '2023-01-16 14:52:50'),
	(63, 11, 1, 'NV 646', '', '2022-12-31', '2022-12-31', 'USD', 3.8200, 1997.12, 1997.12, 0.00, 2, '2022-12-31 22:35:22', '2022-12-31 22:35:36'),
	(64, 1, 1, 'NV 553', 'SE DESCONTO 44 USD POR UN PACO R. DE 200 ML', '2023-01-01', '2023-01-24', 'USD', 3.8220, 1858.33, 0.00, 1858.33, 9, '2023-01-17 16:47:59', '2023-01-17 16:49:06'),
	(65, 19, 1, 'NV 553', 'SE DESCONTO 44 USD POR UN PACO R. DE 200 ML', '2023-01-01', '2023-01-24', 'USD', 3.8220, 1858.33, 1858.33, 0.00, 2, '2023-01-17 16:50:02', '2023-01-17 16:50:40'),
	(66, 20, 1, 'NV 721', '', '2023-01-19', '2023-01-19', 'USD', 3.8360, 1073.88, 1073.88, 0.00, 2, '2023-01-19 15:30:27', '2023-01-19 22:53:50'),
	(67, 10, 1, 'NV 696', '', '2023-01-19', '2023-01-19', 'USD', 3.8360, 1681.77, 1681.77, 0.00, 2, '2023-01-19 15:34:13', '2023-02-09 16:46:59'),
	(68, 9, 1, 'NV 720', '', '2023-01-23', '2023-01-23', 'USD', 3.8590, 3663.22, 3663.22, 0.00, 2, '2023-01-23 21:57:36', '2023-02-14 17:52:47'),
	(69, 20, 1, 'NV 731', '', '2023-01-26', '2023-01-26', 'USD', 3.9000, 1487.47, 1487.47, 0.00, 9, '2023-01-26 17:33:54', '2023-01-31 15:32:56'),
	(70, 10, 1, 'NV 738', '', '2023-01-26', '2023-01-26', 'USD', 3.9000, 1473.72, 1473.72, 0.00, 2, '2023-01-26 17:35:16', '2023-03-01 00:23:56'),
	(71, 14, 1, 'NV 729', '', '2023-01-26', '2023-01-26', 'USD', 3.9000, 6000.00, 0.00, 6000.00, 9, '2023-01-26 21:51:40', '2023-03-28 12:44:31'),
	(72, 20, 1, 'NV 731', '', '2023-01-26', '2023-01-26', 'USD', 3.8590, 1915.75, 1915.75, 0.00, 2, '2023-01-31 15:34:31', '2023-01-31 15:34:45'),
	(73, 9, 1, 'NV 774', '', '2023-02-06', '2023-02-06', 'USD', 3.8470, 3239.07, 3239.07, 0.00, 2, '2023-02-06 22:14:57', '2023-02-28 00:28:31'),
	(74, 8, 1, 'NV 763', '', '2023-02-07', '2023-02-07', 'USD', 3.8550, 7474.02, 7474.02, 0.00, 2, '2023-02-07 21:08:25', '2023-03-20 14:33:21'),
	(75, 11, 1, 'NV 739', '', '2023-02-11', '2023-02-11', 'USD', 3.8580, 2905.08, 2905.08, 0.00, 2, '2023-02-11 16:55:36', '2023-02-11 16:55:57'),
	(76, 7, 1, 'NV 832', '', '2023-02-15', '2023-02-15', 'USD', 3.8610, 1470.74, 1470.74, 0.00, 2, '2023-02-15 22:12:38', '2023-02-15 22:12:47'),
	(77, 11, 1, 'NV 869', '', '2023-02-17', '2023-02-17', 'USD', 3.8680, 2107.99, 2107.99, 0.00, 2, '2023-02-17 21:33:45', '2023-02-28 15:00:16'),
	(78, 9, 1, 'NV 876', '', '2023-02-23', '2023-02-23', 'USD', 3.8270, 5302.39, 2061.00, 3241.39, 9, '2023-02-24 00:10:04', '2023-03-13 22:21:10'),
	(79, 15, 1, 'NV 875', '', '2023-02-23', '2023-02-23', 'USD', 3.8270, 1517.00, 1517.00, 0.00, 2, '2023-02-24 00:11:18', '2023-03-23 22:44:20'),
	(80, 18, 1, 'NV 892', 'PEDIDO DE RELOJES (ENRIQUE TAPIA)', '2023-03-01', '2023-03-01', 'USD', 3.8100, 3561.00, 3561.00, 0.00, 2, '2023-03-01 15:30:08', '2023-03-01 15:30:25'),
	(81, 5, 1, 'NV 894', '', '2023-03-07', '2023-03-07', 'USD', 3.7880, 2410.52, 2410.52, 0.00, 2, '2023-03-08 01:37:36', '2023-04-03 23:17:22'),
	(82, 7, 1, 'NV 901', '', '2023-03-09', '2023-03-09', 'USD', 3.7880, 1466.95, 1466.95, 0.00, 2, '2023-03-09 22:08:46', '2023-03-17 13:03:50'),
	(83, 9, 1, 'NV 876', '', '2023-02-25', '2023-03-25', 'USD', 3.7860, 5128.31, 5128.31, 0.00, 2, '2023-03-13 22:22:24', '2023-03-27 21:55:00'),
	(84, 19, 1, 'NV 827', '', '2023-02-20', '2023-03-20', 'USD', 3.7980, 1912.47, 1912.47, 0.00, 2, '2023-03-20 14:32:16', '2023-03-20 14:32:26'),
	(85, 24, 1, 'NV 1003', '', '2023-03-23', '2023-03-23', 'USD', 3.7740, 708.75, 708.75, 0.00, 2, '2023-03-23 21:37:46', '2023-03-27 16:17:14'),
	(86, 16, 1, 'NV 497', '', '2023-03-23', '2023-03-23', 'USD', 3.7740, 2127.69, 2127.69, 0.00, 2, '2023-03-23 22:15:12', '2023-05-16 00:19:24'),
	(87, 14, 1, 'NV 729', '', '2023-03-28', '2023-03-28', 'USD', 3.7730, 9824.92, 9824.92, 0.00, 2, '2023-03-28 12:44:58', '2023-05-11 13:39:54'),
	(88, 10, 1, 'NV 895', '', '2023-03-04', '2023-04-06', 'USD', 3.7650, 1752.17, 1752.17, 0.00, 2, '2023-04-01 17:26:25', '2023-04-10 23:42:11'),
	(89, 16, 1, 'NV 1056', '', '2023-04-03', '2023-04-03', 'USD', 3.7650, 1554.45, 1072.31, 482.14, 1, '2023-04-03 13:21:13', '2023-05-16 00:19:57'),
	(90, 9, 1, 'NV 1046', '', '2023-04-03', '2023-04-03', 'USD', 3.7650, 3742.60, 3742.60, 0.00, 2, '2023-04-03 13:24:24', '2023-04-12 23:12:40'),
	(91, 5, 1, 'NV 1057', '', '2023-04-03', '2023-04-03', 'USD', 3.7650, 2807.02, 2800.00, 7.02, 1, '2023-04-03 13:44:30', '2023-05-12 23:18:21'),
	(92, 11, 1, 'NV 1139', '', '2023-04-12', '2023-04-12', 'USD', 3.7870, 2349.62, 2349.62, 0.00, 2, '2023-04-12 21:28:17', '2023-04-12 23:32:11'),
	(93, 5, 1, 'ARMF V.', 'COMPRA DE 9 ARMAF', '2023-04-14', '2023-04-14', 'USD', 3.7770, 115.74, 115.74, 0.00, 2, '2023-04-14 14:16:04', '2023-04-14 14:16:29'),
	(94, 20, 1, 'NV 1166', '', '2023-04-20', '2023-04-20', 'USD', 3.7810, 2006.82, 2006.82, 0.00, 2, '2023-04-20 14:02:20', '2023-04-21 13:18:35'),
	(95, 7, 1, 'NV 1169', '', '2023-04-22', '2023-04-22', 'USD', 3.7680, 1486.31, 1486.31, 0.00, 2, '2023-04-22 16:00:54', '2023-04-22 16:01:04'),
	(96, 22, 1, 'NV 1164', '', '2023-04-24', '2023-04-24', 'USD', 3.7680, 7681.23, 4200.00, 3481.23, 1, '2023-04-24 13:47:21', '2023-05-31 22:38:42'),
	(97, 8, 1, 'NV 1167', '', '2023-04-24', '2023-04-24', 'USD', 3.7680, 6643.71, 6643.71, 0.00, 2, '2023-04-24 13:48:52', '2023-05-24 15:18:27'),
	(98, 10, 1, 'NV 1151', '', '2023-04-24', '2023-04-24', 'USD', 3.7680, 3813.19, 2000.00, 1813.19, 1, '2023-04-24 13:59:40', '2023-06-01 13:17:38'),
	(99, 9, 1, 'NV 1146', '', '2023-04-24', '2023-04-24', 'USD', 3.7680, 5585.27, 5585.27, 0.00, 2, '2023-04-24 14:01:01', '2023-05-16 00:08:10'),
	(100, 18, 1, 'NV ', '', '2023-04-24', '2023-04-24', 'USD', 3.7680, 4861.01, 4861.01, 0.00, 2, '2023-04-24 21:59:54', '2023-04-24 23:22:01'),
	(101, 11, 1, 'NV 1249', '', '2023-05-08', '2023-05-11', 'USD', 3.6780, 3160.56, 3160.56, 0.00, 2, '2023-05-11 13:42:38', '2023-05-11 13:42:49'),
	(102, 14, 1, 'NV 1460', '', '2023-05-16', '2023-05-16', 'USD', 3.6670, 10494.93, 0.00, 10494.93, 1, '2023-05-16 15:03:50', '2023-05-16 15:03:50'),
	(103, 5, 1, ' NV 1442', '', '2023-05-16', '2023-05-16', 'USD', 3.6670, 2979.53, 0.00, 2979.53, 1, '2023-05-16 15:04:59', '2023-05-16 15:04:59'),
	(104, 9, 1, 'NV 1439', '', '2023-05-16', '2023-05-16', 'USD', 3.6670, 3095.95, 3095.95, 0.00, 2, '2023-05-16 15:06:42', '2023-05-22 21:51:34'),
	(105, 19, 1, 'NV 1449', '', '2023-05-16', '2023-05-16', 'USD', 3.6670, 2029.52, 0.00, 2029.52, 1, '2023-05-16 15:08:40', '2023-05-16 15:08:40'),
	(106, 9, 1, 'NV 1672', '', '2023-05-27', '2023-06-27', 'USD', 3.6820, 5745.21, 0.00, 5745.21, 1, '2023-06-01 14:12:25', '2023-06-01 14:12:25'),
	(107, 21, 1, 'NV 1712', '', '2023-06-01', '2023-06-01', 'USD', 3.6820, 1103.53, 1103.53, 0.00, 2, '2023-06-01 14:16:55', '2023-06-02 12:50:02'),
	(108, 7, 1, 'NV 1445', '', '2023-06-01', '2023-06-01', 'USD', 3.6820, 1967.73, 0.00, 1967.73, 1, '2023-06-02 12:58:37', '2023-06-02 12:58:37'),
	(109, 8, 1, 'NV 1741', '', '2023-06-02', '2023-06-02', 'USD', 3.6840, 4057.10, 0.00, 4057.10, 1, '2023-06-02 15:18:05', '2023-06-02 15:18:05');

-- Volcando estructura para tabla bd_app_inventario.accounts_receivable_expenses
CREATE TABLE IF NOT EXISTS `accounts_receivable_expenses` (
  `id_expense` bigint(20) unsigned NOT NULL AUTO_INCREMENT,
  `description` varchar(500) COLLATE utf8_unicode_ci NOT NULL DEFAULT '',
  `id_user` int(10) unsigned NOT NULL,
  `code` varchar(10) COLLATE utf8_unicode_ci NOT NULL,
  `date` date NOT NULL,
  `year` varchar(10) COLLATE utf8_unicode_ci NOT NULL,
  `month` varchar(10) COLLATE utf8_unicode_ci NOT NULL,
  `payment_method` varchar(10) COLLATE utf8_unicode_ci NOT NULL,
  `observation` varchar(500) COLLATE utf8_unicode_ci NOT NULL,
  `coin` varchar(10) COLLATE utf8_unicode_ci NOT NULL,
  `exchange_rate` decimal(10,4) NOT NULL,
  `total` decimal(10,2) NOT NULL,
  `state` int(11) NOT NULL,
  `created_at` timestamp NULL DEFAULT NULL,
  `updated_at` timestamp NULL DEFAULT NULL,
  PRIMARY KEY (`id_expense`) USING BTREE,
  KEY `accounts_receivable_expenses_id_user_foreign` (`id_user`) USING BTREE,
  CONSTRAINT `accounts_receivable_expenses_id_user_foreign` FOREIGN KEY (`id_user`) REFERENCES `users` (`id_user`)
) ENGINE=InnoDB AUTO_INCREMENT=59 DEFAULT CHARSET=utf8 COLLATE=utf8_unicode_ci;

-- Volcando datos para la tabla bd_app_inventario.accounts_receivable_expenses: ~57 rows (aproximadamente)
INSERT INTO `accounts_receivable_expenses` (`id_expense`, `description`, `id_user`, `code`, `date`, `year`, `month`, `payment_method`, `observation`, `coin`, `exchange_rate`, `total`, `state`, `created_at`, `updated_at`) VALUES
	(2, 'PAGO DE FACTURAS DE AEROPUERTOS ANDINOS DEL PERÚ S.A..', 1, '00001001', '2022-08-26', '2022', '08', '008', '', 'USD', 3.8610, 8637.08, 1, '2022-08-26 22:17:53', '2022-08-26 22:17:53'),
	(3, 'ARRIENDO DE LA TIENDA SAN MARTIN', 1, '00001002', '2022-09-09', '2022', '09', '008', '', 'USD', 3.8810, 5000.00, 1, '2022-09-09 23:36:24', '2022-09-09 23:37:23'),
	(4, 'IMPUESTO DE LA TIENDA SAN MARTIN', 1, '00001003', '2022-09-09', '2022', '09', '008', '', 'USD', 3.8810, 250.00, 1, '2022-09-09 23:37:04', '2022-09-09 23:37:37'),
	(5, 'APERTURA DE CUENTA INVERSIONES JAI MATADI S.A.C.', 1, '00001004', '2022-09-09', '2022', '09', '008', '', 'USD', 3.8810, 500.00, 1, '2022-09-09 23:38:34', '2022-09-09 23:38:34'),
	(6, 'MORYA SERVICIOS E IMPORTACIONES S.A.C.', 1, '00001005', '2022-09-09', '2022', '09', '008', '', 'USD', 3.8810, 500.00, 1, '2022-09-09 23:39:07', '2022-09-09 23:42:34'),
	(7, 'PAGO DE ALQUILER DE LA TIENDA SAN MARTIN (OCTUBRE) ', 1, '00001006', '2022-10-17', '2022', '10', '008', '', 'USD', 3.9920, 5000.00, 1, '2022-10-17 21:56:40', '2022-10-17 21:56:40'),
	(8, 'IMPUESTO DE LA TIENDA SAN MARTIN (OCTUBRE)', 1, '00001007', '2022-10-17', '2022', '10', '008', '', 'USD', 3.9920, 250.00, 1, '2022-10-17 21:57:15', '2022-10-17 21:57:15'),
	(9, 'COMPRA DE LICOR IMPORTADO EL MORRO S.A.C.', 1, '00001008', '2022-10-31', '2022', '10', '008', '', 'USD', 3.9780, 3767.00, 1, '2022-10-31 15:57:19', '2022-10-31 16:08:15'),
	(10, 'COMPRA DE LICOR IMPORTADO EL MORRO S.A.C.', 1, '00001009', '2022-10-31', '2022', '10', '008', '', 'USD', 3.9780, 10715.00, 1, '2022-10-31 15:58:01', '2022-10-31 16:07:56'),
	(11, 'COMPRA DE LICOR IMPORTADO EL MORRO S.A.C.', 1, '00001010', '2022-10-31', '2022', '10', '008', '', 'USD', 3.9780, 7477.50, 1, '2022-10-31 15:58:26', '2022-10-31 16:07:39'),
	(12, 'COMPRA DE LICOR IMPORTADO EL MORRO S.A.C.', 1, '00001011', '2022-10-31', '2022', '10', '008', '', 'USD', 3.9780, 11163.01, 1, '2022-10-31 15:59:00', '2022-10-31 16:07:27'),
	(13, 'COMPRA DE LICOR IMPORTADO EL MORRO S.A.C.', 1, '00001012', '2022-10-31', '2022', '10', '008', '', 'USD', 3.9780, 2322.00, 1, '2022-10-31 15:59:28', '2022-10-31 16:06:46'),
	(14, 'COMPRA DE LICOR IMPORTADO EL MORRO S.A.C.', 1, '00001013', '2022-10-31', '2022', '10', '008', '', 'USD', 3.9780, 3575.00, 1, '2022-10-31 15:59:50', '2022-10-31 16:06:28'),
	(15, 'COMPRA DE LICOR IMPORTADO EL MORRO S.A.C.', 1, '00001014', '2022-10-31', '2022', '10', '008', '', 'USD', 3.9780, 2738.50, 1, '2022-10-31 16:00:14', '2022-10-31 16:06:15'),
	(16, 'COMPRA DE LICOR IMPORTADO EL MORRO S.A.C.', 1, '00001015', '2022-10-31', '2022', '10', '008', '', 'USD', 3.9780, 5814.00, 1, '2022-10-31 16:00:34', '2022-10-31 16:05:20'),
	(17, 'PAGO DE ALQUILER DE LA TIENDA SAN MARTIN (NOVIEMBRE)', 1, '00001016', '2022-11-15', '2022', '11', '008', '', 'USD', 3.8600, 5000.00, 1, '2022-11-15 17:53:44', '2022-11-15 17:53:44'),
	(18, 'IMPUESTO DE LA TIENDA SAN MARTIN (NOVIEMBRE)', 1, '00001017', '2022-11-15', '2022', '11', '008', '', 'USD', 3.8600, 250.00, 1, '2022-11-15 17:54:24', '2022-11-15 17:54:50'),
	(19, 'PAGO DE ALQUILER DE LA TIENDA SAN MARTIN (DICIEMBRE)	', 1, '00001018', '2022-12-07', '2022', '11', '008', '', 'USD', 3.8510, 5000.00, 1, '2022-12-07 23:07:56', '2022-12-07 23:07:56'),
	(20, 'IMPUESTO DE LA TIENDA SAN MARTIN (DICIEMBRE)	', 1, '00001019', '2022-12-07', '2022', '11', '008', '', 'USD', 3.8510, 250.00, 1, '2022-12-07 23:08:49', '2022-12-07 23:08:49'),
	(21, 'REPOSICIÓN DE MONTO PARA CUADRE DE NOVIEMBRE', 1, '00001020', '2022-12-07', '2022', '10', '008', '', 'USD', 3.8510, 16837.56, 9, '2022-12-07 23:18:48', '2022-12-08 15:57:21'),
	(22, 'PARA CUADRAR FALTANTE DE MES DE OCTUBRE', 1, '00001021', '2022-12-07', '2022', '11', '008', '', 'USD', 3.8510, 16837.56, 9, '2022-12-07 23:23:57', '2022-12-08 15:57:14'),
	(23, 'PAGO POR APROBACIÓN DE CONSTRUCCIÓN DE FACHADA DE LA TIENDA SAN MARTIN', 1, '00001022', '2022-12-17', '2022', '12', '008', '', 'USD', 3.8530, 700.00, 1, '2022-12-17 23:01:40', '2022-12-17 23:01:40'),
	(24, 'SERVICIO DE ALMACENAJES - LOS ANDES', 1, '00001023', '2022-12-26', '2022', '12', '008', '', 'USD', 3.8270, 299.00, 1, '2022-12-27 01:02:57', '2022-12-27 01:02:57'),
	(25, 'SERVICIO DE ALMACENAJES - LOS ANDES	', 1, '00001024', '2022-12-26', '2022', '12', '008', '', 'USD', 3.8270, 300.00, 1, '2022-12-27 01:03:30', '2022-12-27 01:03:30'),
	(26, 'VALE DE GASTO PARA PAGO DE PEDIDO DE LICORES', 1, '00001025', '2022-12-26', '2022', '12', '008', '', 'USD', 3.8270, 35600.00, 1, '2022-12-27 01:14:20', '2022-12-27 01:14:20'),
	(27, 'SERVICIO DE ALMACENAJES - LOS ANDES	', 1, '00001026', '2022-12-28', '2022', '12', '008', '', 'USD', 3.8220, 100.00, 1, '2022-12-28 21:26:20', '2022-12-28 21:26:20'),
	(28, 'PAGO DE FACTURAS DE AEROPUERTO (AGOSTO A DICIEMRE 2022)', 1, '00001027', '2023-01-16', '2023', '01', '008', '', 'USD', 3.8060, 8619.22, 1, '2023-01-16 14:57:31', '2023-01-16 14:58:08'),
	(29, 'ALQUILER DE ENERO 2023 DE LA TIENDA SAN MARTIN', 1, '00001028', '2023-01-16', '2023', '01', '008', '', 'USD', 3.8060, 5000.00, 1, '2023-01-16 15:17:31', '2023-01-16 15:17:31'),
	(30, 'IMPUESTO DE ENERO DE LA TIENDA SAN MARTIN', 1, '00001029', '2023-01-16', '2023', '01', '008', '', 'USD', 3.8060, 250.00, 1, '2023-01-16 15:18:03', '2023-01-16 15:18:03'),
	(31, 'SERVICIO DE ALMACENAJE - LOS ANDES', 1, '00001030', '2023-01-28', '2023', '01', '008', '', 'USD', 3.8290, 336.00, 1, '2023-01-28 16:47:47', '2023-01-28 16:49:44'),
	(32, 'SERVICIO DE ALMACENAJE - LOS ANDES	', 1, '00001031', '2023-01-28', '2023', '01', '008', '', 'USD', 3.8290, 224.00, 1, '2023-01-28 16:48:10', '2023-01-28 16:49:32'),
	(33, 'SERVICIO DE ALMACENAJE - LOS ANDES	', 1, '00001032', '2023-02-02', '2023', '01', '008', '', 'USD', 3.8480, 341.00, 1, '2023-02-03 00:58:51', '2023-02-03 00:59:07'),
	(34, 'ALQUILER DE FEBRERO 2023 DE LA TIENDA SAN MARTIN	', 1, '00001033', '2023-02-14', '2023', '02', '008', '', 'USD', 3.8540, 5000.00, 1, '2023-02-14 23:22:01', '2023-02-14 23:22:01'),
	(35, 'IMPUESTO DE FEBRERO DE LA TIENDA SAN MARTIN	', 1, '00001034', '2023-02-14', '2023', '02', '008', '', 'USD', 3.8540, 250.00, 1, '2023-02-14 23:37:11', '2023-02-14 23:43:33'),
	(36, 'ALQUILER DE MARZO 2023 DE LA TIENDA SAN MARTIN', 1, '00001035', '2023-03-17', '2023', '03', '008', '', 'USD', 3.8010, 5000.00, 1, '2023-03-17 13:05:37', '2023-04-11 12:53:14'),
	(37, 'IMPUESTO DE MARZO DE LA TIENDA SAN MARTIN', 1, '00001036', '2023-03-17', '2023', '03', '008', '', 'USD', 3.8010, 250.00, 1, '2023-03-17 13:06:00', '2023-04-11 12:53:33'),
	(38, 'DEPOSITO AUTORIZADO POR EL SR. SHANI', 1, '00001037', '2023-04-06', '2023', '03', '008', '', 'USD', 3.7740, 2000.00, 1, '2023-04-06 15:36:52', '2023-04-06 15:36:52'),
	(39, 'DEPOSITO AUTORIZADO POR EL SR. SHANI	', 1, '00001038', '2023-04-06', '2023', '03', '008', '', 'USD', 3.7740, 2000.00, 1, '2023-04-06 15:37:12', '2023-04-06 15:37:12'),
	(40, 'DEPOSITO AUTORIZADO POR EL SR. SHANI	', 1, '00001039', '2023-04-06', '2023', '03', '008', '', 'USD', 3.7740, 2000.00, 1, '2023-04-06 15:37:26', '2023-04-06 15:41:17'),
	(41, 'COMPRA DE LICORES IMPORTADOS', 1, '00001040', '2023-04-06', '2023', '03', '008', '', 'USD', 3.7740, 2429.17, 1, '2023-04-06 15:40:39', '2023-04-06 15:41:26'),
	(42, 'COMPRA DE LICORES IMPORTADOS	', 1, '00001041', '2023-04-06', '2023', '03', '008', '', 'USD', 3.7740, 3874.00, 1, '2023-04-06 15:41:04', '2023-04-06 15:41:04'),
	(43, 'COMPRA DE LICORES IMPORTADOS	', 1, '00001042', '2023-04-06', '2023', '03', '008', '', 'USD', 3.7740, 1503.00, 1, '2023-04-06 15:41:48', '2023-04-06 15:41:48'),
	(44, 'COMPRA DE LICORES IMPORTADOS	', 1, '00001043', '2023-04-06', '2023', '03', '008', '', 'USD', 3.7740, 981.04, 1, '2023-04-06 15:42:14', '2023-04-06 15:42:21'),
	(45, 'COMPRA DE LICORES IMPORTADOS	', 1, '00001044', '2023-04-06', '2023', '03', '008', '', 'USD', 3.7740, 4056.00, 1, '2023-04-06 15:42:42', '2023-04-06 15:42:42'),
	(46, 'COMPRA DE LICORES IMPORTADOS	', 1, '00001045', '2023-04-06', '2023', '03', '008', '', 'USD', 3.7740, 2160.00, 1, '2023-04-06 15:43:00', '2023-04-06 15:43:00'),
	(47, 'COMPRA DE LICORES IMPORTADOS	', 1, '00001046', '2023-04-06', '2023', '03', '008', '', 'USD', 3.7740, 6909.00, 1, '2023-04-06 15:43:21', '2023-04-06 15:43:21'),
	(48, 'COMPRA DE LICORES IMPORTADOS	', 1, '00001047', '2023-04-06', '2023', '03', '008', '', 'USD', 3.7740, 4462.33, 1, '2023-04-06 15:43:45', '2023-04-06 15:43:45'),
	(49, 'COMPRA DE LICORES IMPORTADOS	', 1, '00001048', '2023-04-06', '2023', '03', '008', '', 'USD', 3.7740, 7985.00, 1, '2023-04-06 15:44:07', '2023-04-06 15:44:07'),
	(50, 'COMPRA DE LICORES IMPORTADOS	', 1, '00001049', '2023-04-06', '2023', '03', '008', '', 'USD', 3.7740, 1962.50, 1, '2023-04-06 15:44:31', '2023-04-06 15:44:31'),
	(51, 'ALQUILER DE ABRIL 2023 DE LA TIENDA SAN MARTIN	', 1, '00001050', '2023-04-11', '2023', '04', '008', '', 'USD', 3.7740, 5000.00, 1, '2023-04-11 12:54:34', '2023-04-11 13:22:16'),
	(52, 'IMPUESTO DE ABRIL DE LA TIENDA SAN MARTIN	', 1, '00001051', '2023-04-11', '2023', '04', '008', '', 'USD', 3.7740, 250.00, 1, '2023-04-11 12:55:01', '2023-04-11 13:22:07'),
	(53, 'PAGO A PRIMO DEL SR. SHANI', 1, '00001052', '2023-04-25', '2023', '04', '008', '', 'USD', 3.7610, 2100.00, 1, '2023-04-25 14:12:33', '2023-04-25 14:12:33'),
	(54, 'RENOVACIÓN DE SEGURO MULTIRRIESGO (TIENDA AEROPUERTO)', 1, '00001053', '2023-04-25', '2023', '04', '008', '', 'USD', 3.7610, 820.58, 1, '2023-04-25 14:14:46', '2023-04-25 14:14:57'),
	(55, 'ALQUILER DE TIENDA SAN MARTIN', 1, '00001054', '2023-05-23', '2023', '05', '008', '', 'USD', 3.6950, 5800.00, 1, '2023-05-23 15:38:31', '2023-05-23 15:38:31'),
	(56, 'PAGO DE IMPUESTO DE TIENDA SAN MARTIN', 1, '00001055', '2023-05-23', '2023', '05', '008', '', 'USD', 3.6950, 250.00, 1, '2023-05-23 15:38:50', '2023-05-23 15:38:57'),
	(57, 'PAGO POR TRAMITE DE FOTOCHECK PARA PERSONAL DE AEROPUERTO', 1, '00001056', '2023-05-23', '2023', '05', '008', '', 'PEN', 3.6950, 49.56, 1, '2023-05-23 15:39:46', '2023-05-23 15:39:46'),
	(58, 'PAGO DE ALQUILER A AEROPUERTO DE ENERO - MAYO', 1, '00001057', '2023-05-29', '2023', '05', '008', '', 'USD', 3.6750, 9879.21, 1, '2023-05-29 16:41:41', '2023-05-29 16:41:41');

-- Volcando estructura para tabla bd_app_inventario.accounts_receivable_payment
CREATE TABLE IF NOT EXISTS `accounts_receivable_payment` (
  `id_account_receivable_payment` bigint(20) unsigned NOT NULL AUTO_INCREMENT,
  `id_account_receivable` bigint(20) unsigned NOT NULL,
  `id_user` int(10) unsigned NOT NULL,
  `reference` varchar(10) COLLATE utf8_unicode_ci NOT NULL,
  `payment_method` varchar(10) COLLATE utf8_unicode_ci NOT NULL,
  `payment_date` date NOT NULL,
  `total` decimal(10,2) NOT NULL,
  `state` int(11) NOT NULL,
  `created_at` timestamp NULL DEFAULT NULL,
  `updated_at` timestamp NULL DEFAULT NULL,
  PRIMARY KEY (`id_account_receivable_payment`),
  KEY `accounts_receivable_payment_id_account_receivable_foreign` (`id_account_receivable`),
  KEY `accounts_receivable_payment_id_user_foreign` (`id_user`),
  CONSTRAINT `accounts_receivable_payment_id_account_receivable_foreign` FOREIGN KEY (`id_account_receivable`) REFERENCES `accounts_receivable` (`id_account_receivable`),
  CONSTRAINT `accounts_receivable_payment_id_user_foreign` FOREIGN KEY (`id_user`) REFERENCES `users` (`id_user`)
) ENGINE=InnoDB AUTO_INCREMENT=135 DEFAULT CHARSET=utf8 COLLATE=utf8_unicode_ci;

-- Volcando datos para la tabla bd_app_inventario.accounts_receivable_payment: ~134 rows (aproximadamente)
INSERT INTO `accounts_receivable_payment` (`id_account_receivable_payment`, `id_account_receivable`, `id_user`, `reference`, `payment_method`, `payment_date`, `total`, `state`, `created_at`, `updated_at`) VALUES
	(1, 10, 1, '', '008', '2022-08-03', 32.99, 1, '2022-08-25 22:24:02', '2022-08-25 22:24:02'),
	(2, 15, 1, '', '008', '2022-08-25', 32.99, 1, '2022-08-25 22:29:43', '2022-08-25 22:29:43'),
	(3, 16, 1, '', '008', '2022-08-25', 5053.07, 1, '2022-08-25 22:30:19', '2022-08-25 22:30:19'),
	(4, 17, 1, '', '008', '2022-08-25', 3862.04, 1, '2022-08-25 22:31:03', '2022-08-25 22:31:03'),
	(5, 18, 1, '', '008', '2022-08-25', 303.33, 1, '2022-08-25 22:31:57', '2022-08-25 22:31:57'),
	(6, 19, 1, '', '008', '2022-08-25', 3568.61, 1, '2022-08-25 22:33:04', '2022-08-25 22:33:04'),
	(7, 20, 1, '', '008', '2022-08-25', 1321.55, 1, '2022-08-25 22:33:59', '2022-08-25 22:33:59'),
	(8, 21, 1, '', '008', '2022-08-18', 2970.81, 1, '2022-08-25 22:35:11', '2022-08-25 22:35:11'),
	(9, 21, 1, '', '008', '2022-08-25', 318.00, 1, '2022-08-25 22:35:22', '2022-08-25 22:35:22'),
	(10, 23, 1, '', '008', '2022-08-26', 6090.46, 1, '2022-08-26 22:29:55', '2022-08-26 22:29:55'),
	(11, 14, 1, '', '008', '2022-09-09', 2651.89, 1, '2022-09-10 00:28:10', '2022-09-10 00:28:10'),
	(12, 13, 1, '', '008', '2022-09-20', 3776.93, 1, '2022-09-20 23:27:11', '2022-09-20 23:27:11'),
	(13, 26, 1, '', '008', '2022-09-26', 2485.48, 1, '2022-09-27 21:34:31', '2022-09-27 21:34:31'),
	(14, 24, 1, '', '008', '2022-09-27', 2569.67, 1, '2022-09-28 00:48:04', '2022-09-28 00:48:04'),
	(15, 11, 1, '', '008', '2022-10-04', 2009.94, 9, '2022-10-04 15:07:24', '2022-10-04 15:14:37'),
	(16, 27, 1, '', '008', '2022-10-04', 3619.65, 9, '2022-10-04 15:12:06', '2022-10-04 15:15:08'),
	(17, 11, 1, '', '008', '2022-09-30', 2009.94, 1, '2022-10-04 15:14:49', '2022-10-04 15:14:49'),
	(18, 27, 1, '', '008', '2022-09-30', 3619.65, 9, '2022-10-04 15:15:18', '2022-10-21 21:54:44'),
	(19, 12, 1, '', '008', '2022-10-05', 4074.30, 1, '2022-10-06 00:43:33', '2022-10-06 00:43:33'),
	(20, 32, 1, '', '008', '2022-10-19', 3000.00, 1, '2022-10-21 21:21:31', '2022-10-21 21:21:31'),
	(21, 33, 1, '', '008', '2022-10-21', 1777.00, 1, '2022-10-21 21:24:25', '2022-10-21 21:24:25'),
	(22, 27, 1, '', '008', '2022-10-21', 3724.05, 1, '2022-10-21 21:56:31', '2022-10-21 21:56:31'),
	(23, 32, 1, '', '008', '2022-10-24', 1254.81, 1, '2022-10-25 14:25:55', '2022-10-25 14:25:55'),
	(24, 9, 1, '', '008', '2022-10-31', 26.60, 9, '2022-10-31 16:11:46', '2022-12-17 23:31:47'),
	(25, 34, 1, '', '008', '2022-11-02', 1552.98, 1, '2022-11-02 16:26:00', '2022-11-02 16:26:00'),
	(26, 28, 1, '', '008', '2022-11-01', 3149.12, 1, '2022-11-02 16:45:29', '2022-11-02 16:45:29'),
	(27, 29, 1, '', '008', '2022-11-04', 7980.64, 1, '2022-11-04 21:09:25', '2022-11-04 21:09:25'),
	(28, 25, 1, '', '008', '2022-11-08', 1215.87, 1, '2022-11-09 01:57:57', '2022-11-09 01:57:57'),
	(29, 38, 1, '', '008', '2022-11-11', 3221.20, 1, '2022-11-11 15:45:53', '2022-11-11 15:45:53'),
	(30, 40, 1, '', '008', '2022-11-18', 871.25, 1, '2022-11-18 15:58:57', '2022-11-18 15:58:57'),
	(31, 41, 1, '', '008', '2022-11-23', 1605.92, 1, '2022-11-23 14:44:30', '2022-11-23 14:44:30'),
	(32, 31, 1, '', '008', '2022-11-29', 2137.70, 1, '2022-11-30 01:13:11', '2022-11-30 01:13:11'),
	(33, 42, 1, '', '008', '2022-11-30', 504.11, 1, '2022-11-30 16:21:22', '2022-11-30 16:21:22'),
	(34, 43, 1, '', '008', '2022-11-30', 2403.82, 1, '2022-11-30 16:24:39', '2022-11-30 16:24:39'),
	(35, 36, 1, '', '008', '2022-12-06', 1572.64, 9, '2022-12-06 22:46:14', '2022-12-07 23:22:33'),
	(36, 36, 1, '', '008', '2022-11-30', 1572.64, 1, '2022-12-07 23:22:43', '2022-12-07 23:22:43'),
	(37, 54, 1, '', '008', '2022-12-12', 1965.68, 1, '2022-12-12 23:57:10', '2022-12-12 23:57:10'),
	(38, 55, 1, '', '008', '2022-12-14', 2500.00, 1, '2022-12-15 17:45:23', '2022-12-15 17:45:23'),
	(39, 56, 1, '', '008', '2022-12-15', 1700.00, 9, '2022-12-15 17:46:41', '2022-12-16 22:32:38'),
	(40, 56, 1, '', '008', '2022-12-14', 1700.00, 1, '2022-12-16 22:33:41', '2022-12-16 22:33:41'),
	(41, 39, 1, '', '008', '2022-12-16', 6487.67, 1, '2022-12-17 00:56:44', '2022-12-17 00:56:44'),
	(42, 56, 1, '', '008', '2022-12-17', 439.98, 1, '2022-12-17 15:47:34', '2022-12-17 15:47:34'),
	(43, 46, 1, '', '008', '2022-12-17', 6666.60, 9, '2022-12-17 22:58:59', '2022-12-24 23:49:36'),
	(44, 57, 1, '', '008', '2022-10-31', 16837.56, 9, '2022-12-17 23:05:28', '2022-12-17 23:32:53'),
	(45, 9, 1, '', '008', '2022-10-31', 26.60, 1, '2022-12-17 23:32:29', '2022-12-17 23:32:29'),
	(46, 57, 1, '', '008', '2022-10-31', 16837.56, 9, '2022-12-17 23:33:37', '2022-12-17 23:42:28'),
	(47, 57, 1, '', '008', '2022-10-31', 16837.56, 9, '2022-12-17 23:43:15', '2022-12-17 23:51:46'),
	(48, 57, 1, '', '008', '2022-10-31', 16837.56, 1, '2022-12-17 23:52:52', '2022-12-17 23:52:52'),
	(49, 58, 1, '', '008', '2022-12-21', 1749.78, 9, '2022-12-21 14:57:43', '2022-12-21 15:02:46'),
	(50, 52, 1, '', '008', '2022-12-20', 4000.00, 1, '2022-12-21 14:58:03', '2022-12-21 14:58:03'),
	(51, 61, 1, '', '008', '2022-12-20', 1749.78, 9, '2022-12-21 15:04:25', '2022-12-24 23:53:16'),
	(52, 46, 1, '', '008', '2022-12-17', 6661.55, 1, '2022-12-24 23:50:22', '2022-12-24 23:50:22'),
	(53, 61, 1, '', '008', '2022-12-20', 1509.42, 1, '2022-12-24 23:54:07', '2022-12-24 23:54:07'),
	(54, 37, 1, '', '008', '2022-12-20', 241.00, 1, '2022-12-24 23:55:34', '2022-12-24 23:55:34'),
	(55, 49, 1, '', '008', '2022-12-23', 1000.00, 1, '2022-12-25 00:12:10', '2022-12-25 00:12:10'),
	(56, 49, 1, '', '008', '2022-12-27', 971.32, 1, '2022-12-28 00:55:34', '2022-12-28 00:55:34'),
	(57, 53, 1, '', '008', '2022-12-27', 29.00, 1, '2022-12-28 00:56:44', '2022-12-28 00:56:44'),
	(58, 63, 1, '', '008', '2022-12-31', 1997.12, 1, '2022-12-31 22:35:36', '2022-12-31 22:35:36'),
	(59, 51, 1, '', '008', '2023-01-04', 11588.53, 1, '2023-01-05 00:42:21', '2023-01-05 00:42:21'),
	(60, 45, 1, '', '008', '2023-01-04', 1802.33, 1, '2023-01-05 01:06:53', '2023-01-05 01:06:53'),
	(61, 50, 1, '', '008', '2023-01-04', 1598.08, 1, '2023-01-05 01:07:04', '2023-01-05 01:07:04'),
	(62, 44, 1, '', '008', '2023-01-07', 5040.00, 1, '2023-01-08 00:38:42', '2023-01-08 00:38:42'),
	(63, 37, 1, '', '008', '2023-01-09', 2000.00, 1, '2023-01-09 22:11:13', '2023-01-09 22:11:13'),
	(64, 62, 1, '', '008', '2023-01-14', 2968.04, 1, '2023-01-16 14:52:50', '2023-01-16 14:52:50'),
	(65, 35, 1, '', '008', '2023-01-02', 62.00, 1, '2023-01-16 14:54:27', '2023-01-16 14:54:27'),
	(66, 52, 1, '', '008', '2023-01-16', 913.71, 1, '2023-01-17 16:43:07', '2023-01-17 16:43:07'),
	(67, 65, 1, '', '008', '2023-01-04', 1802.33, 1, '2023-01-17 16:50:26', '2023-01-17 16:50:26'),
	(68, 65, 1, '', '008', '2023-01-16', 56.00, 1, '2023-01-17 16:50:40', '2023-01-17 16:50:40'),
	(69, 37, 1, '', '008', '2023-01-17', 178.26, 1, '2023-01-17 22:06:41', '2023-01-17 22:06:41'),
	(70, 59, 1, '', '008', '2023-01-18', 1201.70, 1, '2023-01-19 15:26:25', '2023-01-19 15:26:25'),
	(71, 66, 1, '', '008', '2023-01-19', 1073.88, 1, '2023-01-19 22:53:50', '2023-01-19 22:53:50'),
	(72, 55, 1, '', '008', '2023-01-24', 4019.66, 1, '2023-01-25 01:41:50', '2023-01-25 01:41:50'),
	(73, 69, 1, '', '008', '2023-01-27', 1487.47, 1, '2023-01-28 15:19:12', '2023-01-28 15:19:12'),
	(74, 72, 1, '', '008', '2023-01-30', 1915.75, 1, '2023-01-31 15:34:45', '2023-01-31 15:34:45'),
	(75, 53, 1, '', '008', '2023-02-04', 1100.00, 1, '2023-02-05 00:15:32', '2023-02-05 00:15:32'),
	(76, 35, 1, '', '008', '2023-02-06', 2000.00, 1, '2023-02-07 17:29:36', '2023-02-07 17:29:36'),
	(77, 67, 1, '', '008', '2023-02-08', 1681.77, 1, '2023-02-09 16:46:59', '2023-02-09 16:46:59'),
	(78, 70, 1, '', '008', '2023-02-09', 18.23, 1, '2023-02-09 16:47:36', '2023-02-09 16:47:36'),
	(79, 75, 1, '', '008', '2023-02-11', 2905.08, 1, '2023-02-11 16:55:57', '2023-02-11 16:55:57'),
	(80, 70, 1, '', '008', '2023-02-11', 120.48, 1, '2023-02-11 17:00:54', '2023-02-11 17:00:54'),
	(81, 44, 1, '', '008', '2023-02-14', 900.00, 1, '2023-02-14 17:45:45', '2023-02-14 17:45:45'),
	(82, 68, 1, '', '008', '2023-02-14', 3663.22, 1, '2023-02-14 17:52:47', '2023-02-14 17:52:47'),
	(83, 76, 1, '', '008', '2023-02-15', 1470.74, 1, '2023-02-15 22:12:47', '2023-02-15 22:12:47'),
	(84, 53, 1, '', '008', '2023-02-20', 1200.00, 1, '2023-02-21 00:55:29', '2023-02-21 00:55:29'),
	(85, 53, 1, '', '008', '2023-02-20', 170.00, 1, '2023-02-21 00:57:02', '2023-02-21 00:57:02'),
	(86, 77, 1, '', '008', '2023-02-22', 1330.00, 1, '2023-02-23 17:37:54', '2023-02-23 17:37:54'),
	(87, 73, 1, '', '008', '2023-02-27', 3239.07, 1, '2023-02-28 00:28:31', '2023-02-28 00:28:31'),
	(88, 78, 1, '', '008', '2023-02-27', 61.00, 1, '2023-02-28 00:28:45', '2023-02-28 00:28:45'),
	(89, 77, 1, '', '008', '2023-02-25', 777.99, 1, '2023-02-28 15:00:16', '2023-02-28 15:00:16'),
	(90, 70, 1, '', '008', '2023-02-28', 1335.01, 1, '2023-03-01 00:23:56', '2023-03-01 00:23:56'),
	(91, 80, 1, '', '008', '2023-02-28', 3561.00, 1, '2023-03-01 15:30:25', '2023-03-01 15:30:25'),
	(92, 35, 1, '', '008', '2023-03-02', 2500.00, 1, '2023-03-03 01:28:00', '2023-03-03 01:28:00'),
	(93, 78, 1, '', '008', '2023-03-07', 2000.00, 1, '2023-03-08 00:05:47', '2023-03-08 00:05:47'),
	(94, 44, 1, '', '008', '2023-03-07', 2057.00, 1, '2023-03-08 01:35:28', '2023-03-08 01:35:28'),
	(95, 83, 1, '', '008', '2023-02-27', 61.00, 1, '2023-03-13 22:22:45', '2023-03-13 22:22:45'),
	(96, 83, 1, '', '008', '2023-03-07', 2000.00, 1, '2023-03-13 22:23:06', '2023-03-13 22:23:06'),
	(97, 82, 1, '', '008', '2023-03-15', 1466.95, 1, '2023-03-17 13:03:50', '2023-03-17 13:03:50'),
	(98, 84, 1, '', '008', '2023-03-20', 1912.47, 1, '2023-03-20 14:32:26', '2023-03-20 14:32:26'),
	(99, 74, 1, '', '008', '2023-03-20', 7474.02, 1, '2023-03-20 14:33:21', '2023-03-20 14:33:21'),
	(100, 53, 1, '', '008', '2023-03-23', 268.55, 1, '2023-03-23 13:24:54', '2023-03-23 13:24:54'),
	(101, 79, 1, '', '008', '2023-03-23', 1517.00, 1, '2023-03-23 22:44:20', '2023-03-23 22:44:20'),
	(102, 85, 1, '', '008', '2023-03-27', 708.75, 1, '2023-03-27 16:17:14', '2023-03-27 16:17:14'),
	(103, 83, 1, '', '008', '2023-03-27', 3067.31, 1, '2023-03-27 21:55:00', '2023-03-27 21:55:00'),
	(104, 87, 1, '', '008', '2023-03-28', 6000.00, 1, '2023-03-28 12:45:12', '2023-03-28 12:45:12'),
	(105, 81, 1, '', '008', '2023-03-18', 1000.00, 1, '2023-03-31 13:52:15', '2023-03-31 13:52:15'),
	(106, 81, 1, '', '008', '2023-04-03', 1410.52, 1, '2023-04-03 23:17:22', '2023-04-03 23:17:22'),
	(107, 90, 1, '', '008', '2023-04-10', 2000.00, 1, '2023-04-10 23:10:42', '2023-04-10 23:10:42'),
	(108, 88, 1, '', '008', '2023-04-10', 1752.17, 1, '2023-04-10 23:42:11', '2023-04-10 23:42:11'),
	(109, 35, 1, '', '008', '2023-04-12', 1107.00, 1, '2023-04-12 21:59:05', '2023-04-12 21:59:05'),
	(110, 90, 1, '', '008', '2023-04-12', 1742.60, 1, '2023-04-12 23:12:40', '2023-04-12 23:12:40'),
	(111, 87, 1, '', '008', '2023-04-12', 1400.00, 1, '2023-04-12 23:17:09', '2023-04-12 23:17:09'),
	(112, 92, 1, '', '008', '2023-04-12', 2349.62, 1, '2023-04-12 23:32:11', '2023-04-12 23:32:11'),
	(113, 93, 1, '', '008', '2023-04-14', 115.74, 1, '2023-04-14 14:16:29', '2023-04-14 14:16:29'),
	(114, 94, 1, '', '008', '2023-04-21', 2006.82, 1, '2023-04-21 13:18:35', '2023-04-21 13:18:35'),
	(115, 95, 1, '', '008', '2023-04-22', 1486.31, 1, '2023-04-22 16:01:04', '2023-04-22 16:01:04'),
	(116, 35, 1, '', '008', '2023-04-22', 14.00, 1, '2023-04-22 16:01:21', '2023-04-22 16:01:21'),
	(117, 100, 1, '', '008', '2023-04-24', 4861.01, 1, '2023-04-24 23:22:01', '2023-04-24 23:22:01'),
	(118, 91, 1, '', '008', '2023-04-25', 1000.00, 1, '2023-04-26 00:07:35', '2023-04-26 00:07:35'),
	(119, 86, 1, '', '008', '2023-05-01', 500.00, 9, '2023-05-01 15:57:56', '2023-05-01 15:59:11'),
	(120, 86, 1, '', '008', '2023-04-30', 500.00, 1, '2023-05-01 15:59:31', '2023-05-01 15:59:31'),
	(121, 86, 1, '', '008', '2023-05-06', 500.00, 1, '2023-05-06 14:26:36', '2023-05-06 14:26:36'),
	(122, 87, 1, '', '008', '2023-05-08', 2424.92, 1, '2023-05-11 13:39:54', '2023-05-11 13:39:54'),
	(123, 101, 1, '', '008', '2023-05-09', 3160.56, 1, '2023-05-11 13:42:49', '2023-05-11 13:42:49'),
	(124, 91, 1, '', '008', '2023-05-12', 1800.00, 1, '2023-05-12 23:18:21', '2023-05-12 23:18:21'),
	(125, 99, 1, '', '008', '2023-05-12', 3000.00, 1, '2023-05-12 23:22:19', '2023-05-12 23:22:19'),
	(126, 86, 1, '', '008', '2023-05-13', 1000.00, 1, '2023-05-13 17:08:38', '2023-05-13 17:08:38'),
	(127, 99, 1, '', '008', '2023-05-15', 2585.27, 1, '2023-05-16 00:08:10', '2023-05-16 00:08:10'),
	(128, 86, 1, '', '008', '2023-05-15', 127.69, 1, '2023-05-16 00:19:24', '2023-05-16 00:19:24'),
	(129, 89, 1, '', '008', '2023-05-15', 1072.31, 1, '2023-05-16 00:19:57', '2023-05-16 00:19:57'),
	(130, 104, 1, '', '008', '2023-05-22', 3095.95, 1, '2023-05-22 21:51:34', '2023-05-22 21:51:34'),
	(131, 97, 1, '', '008', '2023-05-24', 6643.71, 1, '2023-05-24 15:18:27', '2023-05-24 15:18:27'),
	(132, 96, 1, '', '008', '2023-05-31', 4200.00, 1, '2023-05-31 22:38:42', '2023-05-31 22:38:42'),
	(133, 98, 1, '', '008', '2023-05-29', 2000.00, 1, '2023-06-01 13:17:38', '2023-06-01 13:17:38'),
	(134, 107, 1, '', '008', '2023-06-01', 1103.53, 1, '2023-06-02 12:50:02', '2023-06-02 12:50:02');

-- Volcando estructura para tabla bd_app_inventario.audit
CREATE TABLE IF NOT EXISTS `audit` (
  `id_audit` bigint(20) NOT NULL AUTO_INCREMENT,
  `id_user` int(11) DEFAULT NULL,
  `registration_date` datetime DEFAULT NULL,
  `module` varchar(50) DEFAULT NULL,
  `process` varchar(500) DEFAULT NULL,
  `data` longtext,
  `ip` varchar(50) DEFAULT NULL,
  `url` varchar(50) DEFAULT NULL,
  `state` int(11) DEFAULT NULL,
  `created_at` timestamp NULL DEFAULT NULL,
  `updated_at` timestamp NULL DEFAULT NULL,
  PRIMARY KEY (`id_audit`),
  KEY `id_user` (`id_user`)
) ENGINE=InnoDB DEFAULT CHARSET=utf8;

-- Volcando datos para la tabla bd_app_inventario.audit: ~0 rows (aproximadamente)

-- Volcando estructura para tabla bd_app_inventario.business
CREATE TABLE IF NOT EXISTS `business` (
  `id_business` int(10) unsigned NOT NULL AUTO_INCREMENT,
  `document_type` varchar(2) COLLATE utf8_unicode_ci NOT NULL,
  `document_number` varchar(20) COLLATE utf8_unicode_ci NOT NULL,
  `name` varchar(500) COLLATE utf8_unicode_ci NOT NULL,
  `bd` varchar(500) COLLATE utf8_unicode_ci NOT NULL,
  `state` int(11) NOT NULL,
  `created_at` timestamp NULL DEFAULT NULL,
  `updated_at` timestamp NULL DEFAULT NULL,
  PRIMARY KEY (`id_business`) USING BTREE
) ENGINE=InnoDB AUTO_INCREMENT=3 DEFAULT CHARSET=utf8 COLLATE=utf8_unicode_ci;

-- Volcando datos para la tabla bd_app_inventario.business: ~2 rows (aproximadamente)
INSERT INTO `business` (`id_business`, `document_type`, `document_number`, `name`, `bd`, `state`, `created_at`, `updated_at`) VALUES
	(1, '6', '20601249431', 'OPERADORES DUTY FREE SAC', 'operadores', 1, '2021-06-22 23:00:38', '2021-09-12 15:53:21'),
	(2, '6', '20601249511', 'INVERSIONES DPG SAC', 'inversiones', 1, '2021-08-18 19:42:47', '2021-08-17 19:42:47');

-- Volcando estructura para tabla bd_app_inventario.clients
CREATE TABLE IF NOT EXISTS `clients` (
  `id_client` bigint(20) unsigned NOT NULL AUTO_INCREMENT,
  `document_type` varchar(10) COLLATE utf8_unicode_ci NOT NULL,
  `document_number` varchar(20) COLLATE utf8_unicode_ci NOT NULL,
  `name` varchar(500) COLLATE utf8_unicode_ci NOT NULL,
  `email` varchar(100) COLLATE utf8_unicode_ci NOT NULL,
  `phone` varchar(20) COLLATE utf8_unicode_ci NOT NULL,
  `state` int(11) NOT NULL,
  `created_at` timestamp NULL DEFAULT NULL,
  `updated_at` timestamp NULL DEFAULT NULL,
  PRIMARY KEY (`id_client`)
) ENGINE=InnoDB AUTO_INCREMENT=25 DEFAULT CHARSET=utf8 COLLATE=utf8_unicode_ci;

-- Volcando datos para la tabla bd_app_inventario.clients: ~24 rows (aproximadamente)
INSERT INTO `clients` (`id_client`, `document_type`, `document_number`, `name`, `email`, `phone`, `state`, `created_at`, `updated_at`) VALUES
	(1, '1', '00000000', 'CLEINTES VARIOS', '', '', 1, '2022-08-24 01:35:46', '2022-08-24 01:35:46'),
	(2, '1', '', 'HILDA CONDORI', '', '', 1, '2022-08-25 21:22:10', '2022-08-25 21:22:10'),
	(3, '1', '', 'CELIA ANQUISE', '', '', 1, '2022-08-25 22:15:49', '2022-08-25 22:15:49'),
	(4, '1', '', 'BENITO PAUCAR', '', '', 1, '2022-08-25 22:16:35', '2022-08-25 22:16:35'),
	(5, '1', '', 'GUILLERMINA CRUZ', '', '', 1, '2022-08-25 22:17:41', '2022-08-25 22:17:41'),
	(6, '1', '', 'EMERITA MAMANI', '', '', 1, '2022-08-25 22:23:11', '2022-08-25 22:23:11'),
	(7, '1', '', 'ELSA CRUZ', '', '', 1, '2022-08-25 22:25:01', '2022-08-25 22:25:01'),
	(8, '1', '', 'ALEX GARCIA', '', '', 1, '2022-08-25 22:26:26', '2022-08-25 22:26:26'),
	(9, '1', '', 'CARLOS CRUZ', '', '', 1, '2022-08-25 22:27:43', '2022-08-25 22:27:43'),
	(10, '1', '', 'VERONICA ESCARCENA', '', '', 1, '2022-08-25 22:28:37', '2022-08-25 22:28:37'),
	(11, '1', '', 'CECILIA MAQUERA', '', '', 1, '2022-08-25 22:33:28', '2022-08-25 22:33:28'),
	(12, '1', '', 'ACUMULADO JULIO 2022', '', '', 1, '2022-08-26 22:29:18', '2022-08-26 22:29:18'),
	(13, '0', '', 'USAR', '', '', 1, '2022-09-26 21:12:00', '2022-09-26 21:14:59'),
	(14, '1', '', 'JORGE CHAMBILLA', '', '', 1, '2022-09-26 21:19:52', '2022-09-26 21:38:23'),
	(15, '1', '', 'APOLIAR POLLOQUERI', '', '', 1, '2022-09-26 21:24:53', '2022-09-26 21:24:53'),
	(16, '1', '', 'LUCENIA ', '', '', 1, '2022-09-26 21:31:29', '2022-09-26 21:31:29'),
	(17, '1', '', 'GILDA CENTENO', '', '', 1, '2022-10-06 14:32:51', '2022-10-06 14:32:51'),
	(18, '1', '', 'ANA CANO', '', '', 1, '2022-10-21 21:23:00', '2022-10-21 21:23:00'),
	(19, '1', '', 'JUDIT MACEDO', '', '', 1, '2022-11-02 16:47:57', '2022-11-02 16:47:57'),
	(20, '1', '', 'ROSA MARIA SALCEDO', '', '', 1, '2022-11-18 15:57:54', '2022-11-18 15:57:54'),
	(21, '1', '', 'MABEL SIÑA', '', '', 1, '2022-11-21 16:27:11', '2022-11-21 16:27:11'),
	(22, '1', '', 'ELIZABETH CHAMBILLA', '', '', 1, '2022-12-15 17:44:27', '2022-12-15 17:44:27'),
	(23, '1', '', 'PARA CUADRE DE DINERO', '', '', 1, '2022-12-17 23:03:35', '2022-12-17 23:03:35'),
	(24, '1', '', 'SRA. FANNY', '', '', 1, '2023-03-23 21:37:11', '2023-03-23 21:37:11');

-- Volcando estructura para tabla bd_app_inventario.correlatives
CREATE TABLE IF NOT EXISTS `correlatives` (
  `id_correlative` int(10) unsigned NOT NULL AUTO_INCREMENT,
  `module` varchar(255) COLLATE utf8_unicode_ci NOT NULL,
  `number` varchar(10) COLLATE utf8_unicode_ci NOT NULL,
  `num` int(11) NOT NULL,
  `state` int(11) NOT NULL,
  `created_at` timestamp NULL DEFAULT NULL,
  `updated_at` timestamp NULL DEFAULT NULL,
  PRIMARY KEY (`id_correlative`)
) ENGINE=InnoDB AUTO_INCREMENT=14 DEFAULT CHARSET=utf8 COLLATE=utf8_unicode_ci;

-- Volcando datos para la tabla bd_app_inventario.correlatives: ~8 rows (aproximadamente)
INSERT INTO `correlatives` (`id_correlative`, `module`, `number`, `num`, `state`, `created_at`, `updated_at`) VALUES
	(6, 'ManagementExpense', '00001829', 1829, 1, '2022-07-26 05:23:40', '2023-06-01 13:59:57'),
	(7, 'ManagementIncome', '00001027', 1027, 1, '2022-07-26 05:23:40', '2023-06-03 15:29:59'),
	(8, 'ManagementUtility', '00001001', 1001, 1, '2022-07-26 05:23:40', '2022-07-30 23:16:01'),
	(9, 'Income', '00001033', 1033, 1, '2022-07-26 05:23:40', '2023-05-04 14:21:49'),
	(10, 'Expense', '00001136', 1136, 1, '2022-07-26 05:23:40', '2023-05-04 14:35:06'),
	(11, 'DailySettlementExpense', '00001141', 1141, 1, '2022-07-26 05:23:40', '2022-11-03 13:26:06'),
	(12, 'DailySettlementIncome', '00001022', 1022, 1, '2022-07-26 05:23:40', '2023-05-04 14:18:36'),
	(13, 'AccountReceivableExpense', '00001058', 1058, 1, '0000-00-00 00:00:00', '2023-05-29 16:41:41');

-- Volcando estructura para tabla bd_app_inventario.daily_settlement_expenses
CREATE TABLE IF NOT EXISTS `daily_settlement_expenses` (
  `id_expense` bigint(20) unsigned NOT NULL AUTO_INCREMENT,
  `id_user` int(10) unsigned NOT NULL,
  `description` varchar(500) COLLATE utf8_unicode_ci NOT NULL DEFAULT '',
  `code` varchar(10) COLLATE utf8_unicode_ci NOT NULL,
  `date` date NOT NULL,
  `year` varchar(10) COLLATE utf8_unicode_ci NOT NULL,
  `month` varchar(10) COLLATE utf8_unicode_ci NOT NULL,
  `payment_method` varchar(10) COLLATE utf8_unicode_ci NOT NULL,
  `observation` varchar(500) COLLATE utf8_unicode_ci NOT NULL,
  `coin` varchar(10) COLLATE utf8_unicode_ci NOT NULL,
  `exchange_rate` decimal(10,4) NOT NULL,
  `total` decimal(10,2) NOT NULL,
  `state` int(11) NOT NULL,
  `created_at` timestamp NULL DEFAULT NULL,
  `updated_at` timestamp NULL DEFAULT NULL,
  PRIMARY KEY (`id_expense`),
  KEY `daily_settlement_expenses_id_user_foreign` (`id_user`),
  CONSTRAINT `daily_settlement_expenses_id_user_foreign` FOREIGN KEY (`id_user`) REFERENCES `users` (`id_user`)
) ENGINE=InnoDB AUTO_INCREMENT=141 DEFAULT CHARSET=utf8 COLLATE=utf8_unicode_ci;

-- Volcando datos para la tabla bd_app_inventario.daily_settlement_expenses: ~121 rows (aproximadamente)
INSERT INTO `daily_settlement_expenses` (`id_expense`, `id_user`, `description`, `code`, `date`, `year`, `month`, `payment_method`, `observation`, `coin`, `exchange_rate`, `total`, `state`, `created_at`, `updated_at`) VALUES
	(1, 1, 'PAGO DE CONSUMO ELECTRICO DEL MES DE JUNIO  04-07-2022', '00001001', '2022-08-24', '2022', '07', '008', '', 'PEN', 3.8880, 504.00, 1, '2022-08-24 22:46:27', '2022-08-24 22:46:27'),
	(2, 1, 'PAGO DE CONSUMO ELECTRICO DEL MES DE JUNIO  04-07-2022', '00001002', '2022-08-24', '2022', '07', '008', '', 'PEN', 3.8880, 71.80, 1, '2022-08-24 22:46:50', '2022-08-24 22:46:50'),
	(3, 1, 'PAGO DE CONSUMO ELECTRICO DEL MES DE JUNIO  04-07-2022', '00001003', '2022-08-24', '2022', '07', '008', '', 'PEN', 3.8880, 8.70, 1, '2022-08-24 22:48:12', '2022-08-24 22:48:12'),
	(4, 1, 'CONSUMO DE COMBUSTIBLE 03-07-2022', '00001004', '2022-08-24', '2022', '07', '008', '', 'PEN', 3.8880, 100.00, 1, '2022-08-24 22:48:33', '2022-08-24 22:48:33'),
	(5, 1, 'DEVOLUCION POR RECLAMO 04-07-2022', '00001005', '2022-08-24', '2022', '07', '008', '', 'PEN', 3.8880, 1099.00, 1, '2022-08-24 22:48:56', '2022-08-24 22:48:56'),
	(6, 1, 'RESTANTE DE REMUNERACION DEL MES DE JUNIO 06-07-2022 (JUAN JOSÉ) 06-07-2022', '00001006', '2022-08-24', '2022', '07', '008', '', 'PEN', 3.8880, 4558.30, 1, '2022-08-24 22:49:50', '2022-08-24 22:49:50'),
	(7, 1, 'RESTANTE DE REMUNERACION DEL MES DE JUNIO 06-07-2022 (GIOVANNA) 06-07-2022', '00001007', '2022-08-24', '2022', '07', '008', '', 'PEN', 3.8880, 1062.00, 1, '2022-08-24 22:50:13', '2022-08-24 22:50:13'),
	(8, 1, 'RESTANTE DE REMUNERACION DEL MES DE JUNIO 06-07-2022 (MOISES) 06-07-2022', '00001008', '2022-08-24', '2022', '07', '008', '', 'PEN', 3.8880, 899.10, 1, '2022-08-24 22:50:36', '2022-08-24 22:50:36'),
	(9, 1, 'RESTANTE DE REMUNERACION DEL MES DE JUNIO 06-07-2022 (YANELA) 06-07-2022', '00001009', '2022-08-24', '2022', '07', '008', '', 'PEN', 3.8880, 504.00, 1, '2022-08-24 22:50:57', '2022-08-24 22:50:57'),
	(10, 1, 'RESTANTE DE REMUNERACION DEL MES DE JUNIO 06-07-2022 (CRISTIAN) 06-07-2022', '00001010', '2022-08-24', '2022', '07', '008', '', 'PEN', 3.8880, 599.10, 1, '2022-08-24 22:51:15', '2022-08-24 22:51:15'),
	(11, 1, 'RESTANTE DE REMUNERACION DEL MES DE JUNIO 06-07-2022 (LISSETH) 06-07-2022', '00001011', '2022-08-24', '2022', '07', '008', '', 'PEN', 3.8880, 635.10, 1, '2022-08-24 22:51:36', '2022-08-24 22:51:36'),
	(12, 1, 'RESTANTE DE REMUNERACION DEL MES DE JUNIO 06-07-2022 (MARK) 06-07-2022', '00001012', '2022-08-24', '2022', '07', '008', '', 'PEN', 3.8880, 1294.20, 1, '2022-08-24 22:52:00', '2022-08-24 22:52:00'),
	(13, 1, 'RESTANTE DE REMUNERACION DEL MES DE JUNIO 06-07-2022 (MARIA) 06-07-2022', '00001013', '2022-08-24', '2022', '07', '008', '', 'PEN', 3.8880, 835.90, 1, '2022-08-24 22:52:20', '2022-08-24 22:52:20'),
	(14, 1, 'RESTANTE DE REMUNERACION DEL MES DE JUNIO 06-07-2022 (YENY) 06-07-2022', '00001014', '2022-08-24', '2022', '07', '008', '', 'PEN', 3.8880, 714.00, 1, '2022-08-24 22:52:43', '2022-08-24 22:52:43'),
	(15, 1, 'PEDIDO DAVID CHAMBILLA  07-07-2022', '00001015', '2022-08-24', '2022', '07', '008', '', 'PEN', 3.8880, 180.00, 1, '2022-08-24 22:53:12', '2022-08-24 22:53:12'),
	(16, 1, 'COMPRA DE PRODUCTOS 08-07-2022', '00001016', '2022-08-24', '2022', '07', '008', '', 'PEN', 3.8880, 1100.40, 1, '2022-08-24 22:53:31', '2022-08-24 22:53:31'),
	(17, 1, 'COMPRA DE ENCHUFES 08-07-2022', '00001017', '2022-08-24', '2022', '07', '008', '', 'PEN', 3.8880, 207.80, 1, '2022-08-24 22:53:50', '2022-08-24 22:53:50'),
	(18, 1, 'CONSUMO DE COMBUSTIBLE 08-07-2022', '00001018', '2022-08-24', '2022', '07', '008', '', 'PEN', 3.8880, 100.00, 1, '2022-08-24 22:54:10', '2022-08-24 22:54:10'),
	(19, 1, 'COMPRA DE PRODUCTOS 11-07-2022', '00001019', '2022-08-24', '2022', '07', '008', '', 'PEN', 3.8880, 54.00, 1, '2022-08-24 22:54:27', '2022-08-24 22:54:27'),
	(20, 1, 'PEDIDO DAVID CHAMBILLA  15-07-2022', '00001020', '2022-08-24', '2022', '07', '008', '', 'PEN', 3.8880, 550.00, 1, '2022-08-24 22:54:51', '2022-08-24 22:54:51'),
	(21, 1, 'CONSUMO DE COMBUSTIBLE 17-07-2022', '00001021', '2022-08-24', '2022', '07', '008', '', 'PEN', 3.8880, 100.00, 9, '2022-08-24 22:55:12', '2022-12-08 15:31:06'),
	(22, 1, 'COMPRA DE PRODUCTOS 21-07-2022', '00001022', '2022-08-24', '2022', '07', '008', '', 'PEN', 3.8880, 2916.96, 9, '2022-08-24 22:55:36', '2022-12-08 15:30:59'),
	(23, 1, 'CONSUMO DE COMBUSTIBLE 23-07-2022', '00001023', '2022-08-24', '2022', '07', '008', '', 'PEN', 3.8880, 100.00, 1, '2022-08-24 22:56:30', '2022-08-24 22:56:30'),
	(24, 1, 'INVITACION DE ALMUERZO A DUEÑO DE EDIFICIO (REUNION SOBRE NUEVO ALQUILER)', '00001024', '2022-08-24', '2022', '07', '008', '', 'PEN', 3.8880, 83.00, 1, '2022-08-24 22:56:49', '2022-08-24 22:56:49'),
	(25, 1, 'HONORARIOS DON ANGEL 26-07-2022', '00001025', '2022-08-24', '2022', '07', '008', '', 'PEN', 3.8880, 4500.00, 1, '2022-08-24 22:57:10', '2022-08-24 22:57:10'),
	(26, 1, 'ADELANTO DE REMUNERACIÓN DE JULIO (JUAN JSOÉ)  26-07-2022', '00001026', '2022-08-24', '2022', '07', '008', '', 'PEN', 3.8880, 4000.00, 1, '2022-08-24 22:57:29', '2022-08-24 22:57:29'),
	(27, 1, 'ADELANTO DE REMUNERACIÓN DE JULIO (GIOVANNA)  26-07-2022', '00001027', '2022-08-24', '2022', '07', '008', '', 'PEN', 3.8880, 1500.00, 1, '2022-08-24 22:57:51', '2022-08-24 22:57:51'),
	(28, 1, 'ADELANTO DE REMUNERACIÓN DE JULIO (MOISES)  26-07-2022', '00001028', '2022-08-24', '2022', '07', '008', '', 'PEN', 3.8880, 1100.00, 1, '2022-08-24 22:58:11', '2022-08-24 22:58:11'),
	(29, 1, 'ADELANTO DE REMUNERACIÓN DE JULIO (YANELA)  26-07-2022', '00001029', '2022-08-24', '2022', '07', '008', '', 'PEN', 3.8880, 1000.00, 1, '2022-08-24 22:58:31', '2022-08-24 22:58:31'),
	(30, 1, 'ADELANTO DE REMUNERACIÓN DE JULIO (CRISTIAN)  26-07-2022', '00001030', '2022-08-24', '2022', '07', '008', '', 'PEN', 3.8880, 1000.00, 1, '2022-08-24 22:58:50', '2022-08-24 22:58:50'),
	(31, 1, 'ADELANTO DE REMUNERACIÓN DE JULIO (LISSETH)  26-07-2022', '00001031', '2022-08-24', '2022', '07', '008', '', 'PEN', 3.8880, 1000.00, 1, '2022-08-24 22:59:08', '2022-08-24 22:59:08'),
	(32, 1, 'ADELANTO DE REMUNERACIÓN DE JULIO (MARK)  26-07-2022', '00001032', '2022-08-24', '2022', '07', '008', '', 'PEN', 3.8880, 1100.00, 1, '2022-08-24 22:59:27', '2022-08-24 22:59:27'),
	(33, 1, 'ADELANTO DE REMUNERACIÓN DE JULIO (MARIA)  26-07-2022', '00001033', '2022-08-24', '2022', '07', '008', '', 'PEN', 3.8880, 1000.00, 1, '2022-08-24 23:00:14', '2022-08-24 23:00:14'),
	(34, 1, 'ADELANTO DE REMUNERACIÓN DE JULIO (YENY)  26-07-2022', '00001034', '2022-08-24', '2022', '07', '008', '', 'PEN', 3.8880, 1000.00, 1, '2022-08-24 23:00:32', '2022-08-24 23:00:32'),
	(35, 1, 'ADELANTO DE REMUNERACIÓN DE JULIO (JHON)  26-07-2022', '00001035', '2022-08-24', '2022', '07', '008', '', 'PEN', 3.8880, 800.00, 1, '2022-08-24 23:00:50', '2022-08-24 23:00:50'),
	(36, 1, 'POEDIDO DAVID CHAMBILLA  26-07-2022', '00001036', '2022-08-24', '2022', '07', '008', '', 'PEN', 3.8880, 560.00, 1, '2022-08-24 23:01:10', '2022-08-24 23:01:10'),
	(37, 1, 'FONDO PARA TRAMITES EN DIGEMID (NUEVOS REGISTROS DE PERFUMES) 27-07-2022', '00001037', '2022-08-24', '2022', '07', '008', '', 'PEN', 3.8880, 1500.00, 1, '2022-08-24 23:01:39', '2022-08-24 23:01:39'),
	(38, 1, 'PAGO POR EXTINCION DE EMPRESA DPG DUTY FREE 27-07-2022', '00001038', '2022-08-24', '2022', '07', '008', '', 'PEN', 3.8880, 5000.00, 1, '2022-08-24 23:02:00', '2022-08-24 23:02:00'),
	(39, 1, 'COMPRA DE PRODUCTOS 28-07-2022', '00001039', '2022-08-24', '2022', '07', '008', '', 'PEN', 3.8880, 3964.40, 1, '2022-08-24 23:02:18', '2022-08-24 23:02:18'),
	(40, 1, 'COMPRA DE PRODUCTOS 29-07-2022', '00001040', '2022-08-24', '2022', '07', '008', '', 'PEN', 3.8880, 3716.40, 1, '2022-08-24 23:02:36', '2022-08-24 23:02:36'),
	(41, 1, 'COMPRA DE PRODUCTOS 29-07-2022', '00001041', '2022-08-24', '2022', '07', '008', '', 'PEN', 3.8880, 1824.72, 1, '2022-08-24 23:02:54', '2022-08-24 23:02:54'),
	(42, 1, 'CONSUMO DE COMBUSTIBLE 30-07-2022', '00001042', '2022-08-24', '2022', '07', '008', '', 'PEN', 3.8880, 100.00, 1, '2022-08-24 23:03:17', '2022-08-24 23:03:17'),
	(43, 1, 'PAGO DE CELULAR DE TIENDA Y CELULAR PAGINA WEB 31-07-2022', '00001043', '2022-08-24', '2022', '07', '008', '', 'PEN', 3.8880, 235.00, 1, '2022-08-24 23:03:36', '2022-08-24 23:03:36'),
	(44, 1, 'INTERNET ALMACEN AEROPUERTO 31-07-2022', '00001044', '2022-08-24', '2022', '07', '008', '', 'PEN', 3.8880, 111.00, 1, '2022-08-24 23:03:56', '2022-08-24 23:03:56'),
	(45, 1, 'INTERNET TIENDA SAN MARTIN 31-07-2022', '00001045', '2022-08-24', '2022', '07', '008', '', 'PEN', 3.8880, 111.00, 1, '2022-08-24 23:04:15', '2022-08-24 23:04:15'),
	(46, 1, 'COCHERA DIA - NOCHE 31-07-2022', '00001046', '2022-08-24', '2022', '07', '008', '', 'PEN', 3.8880, 300.00, 1, '2022-08-24 23:04:35', '2022-08-24 23:04:35'),
	(47, 1, 'MANEJO DE PAGINA WEB 31-07-2022', '00001047', '2022-08-24', '2022', '07', '008', '', 'PEN', 3.8880, 1200.00, 1, '2022-08-24 23:04:54', '2022-08-24 23:04:54'),
	(48, 1, 'PAGO POR PERNOCTE EN TIENDA SAN MARTIN 31-07-2022', '00001048', '2022-08-24', '2022', '07', '008', '', 'PEN', 3.8880, 800.00, 1, '2022-08-24 23:05:12', '2022-08-24 23:05:12'),
	(49, 1, 'CONSUMO DE COMBUSTIBLE ', '00001049', '2022-08-25', '2022', '08', '008', '', 'PEN', 3.8880, 100.00, 1, '2022-08-25 15:50:01', '2022-08-25 15:50:01'),
	(50, 1, 'CONSUMO DE COMBUSTIBLE ', '00001050', '2022-08-25', '2022', '08', '008', '', 'PEN', 3.8880, 100.00, 1, '2022-08-25 15:50:39', '2022-08-25 15:50:39'),
	(51, 1, 'CONSUMO DE COMBUSTIBLE', '00001051', '2022-08-25', '2022', '08', '008', '', 'PEN', 3.8880, 100.00, 1, '2022-08-25 15:51:06', '2022-08-25 15:51:06'),
	(52, 1, 'CONSUMO DE COMBUSTIBLE', '00001052', '2022-08-25', '2022', '08', '008', '', 'PEN', 3.8880, 100.00, 1, '2022-08-25 15:51:28', '2022-08-25 15:51:28'),
	(53, 1, 'REVISIÓN TECNICA DEL VEHICULO', '00001053', '2022-08-25', '2022', '08', '008', '', 'PEN', 3.8880, 90.00, 1, '2022-08-25 15:52:23', '2022-08-25 15:52:23'),
	(54, 1, 'PAGO DE CONSUMO ELECTRICO DE LA TIENDA SAN MARTIN', '00001054', '2022-08-25', '2022', '08', '008', '', 'PEN', 3.8880, 7.60, 1, '2022-08-25 15:52:53', '2022-08-25 15:52:53'),
	(55, 1, 'PAGO DE CONSUMO ELECTRICO DE LA TIENDA SAN MARTIN', '00001055', '2022-08-25', '2022', '08', '008', '', 'PEN', 3.8880, 90.00, 1, '2022-08-25 15:53:19', '2022-08-25 15:53:19'),
	(56, 1, 'PAGO DE CONSUMO ELECTRICO DE LA TIENDA SAN MARTIN', '00001056', '2022-08-25', '2022', '08', '008', '', 'PEN', 3.8880, 571.80, 1, '2022-08-25 15:53:59', '2022-08-25 15:53:59'),
	(57, 1, 'COMPRA DE UTILES DE ESCRITORIO', '00001057', '2022-08-25', '2022', '08', '008', '', 'PEN', 3.8880, 190.40, 1, '2022-08-25 15:54:59', '2022-08-25 15:54:59'),
	(58, 1, 'PAGO DE INTERNET - ALMACEN AEROPUERTO', '00001058', '2022-08-25', '2022', '08', '008', '', 'PEN', 3.8880, 111.00, 1, '2022-08-25 15:55:48', '2022-08-25 15:55:48'),
	(59, 1, 'PAGO DE INTERNET - TIENDA SAN MARTIN', '00001059', '2022-08-25', '2022', '08', '008', '', 'PEN', 3.8880, 111.00, 1, '2022-08-25 15:56:08', '2022-08-25 15:56:08'),
	(60, 1, 'PAGO POR MANEJO DE PAGINA WEB Y RRSS', '00001060', '2022-08-25', '2022', '08', '008', '', 'PEN', 3.8880, 1200.00, 1, '2022-08-25 15:59:09', '2022-08-25 15:59:09'),
	(61, 1, 'PAGO POR PERNOCTE EN TIENDA SAN MARTIN', '00001061', '2022-08-25', '2022', '08', '008', '', 'PEN', 3.8880, 800.00, 1, '2022-08-25 15:59:28', '2022-08-25 15:59:28'),
	(62, 1, 'PAGO DE CELULAR TIENDA Y PAGINA WEB', '00001062', '2022-08-25', '2022', '08', '008', '', 'PEN', 3.8880, 235.00, 1, '2022-08-25 15:59:52', '2022-08-25 15:59:52'),
	(63, 1, 'PAGO DE COCHERA DIA Y NOCHE', '00001063', '2022-08-25', '2022', '08', '008', '', 'PEN', 3.8880, 300.00, 1, '2022-08-25 16:00:08', '2022-08-25 16:00:08'),
	(64, 1, 'COMPRA DE UTILES DE ASEO Y FOCOS LED PARA LA TIENDA SAN MARTIN', '00001064', '2022-08-26', '2022', '08', '008', '', 'PEN', 3.8610, 752.80, 1, '2022-08-26 22:52:19', '2022-08-26 22:52:19'),
	(65, 1, 'COMPRA DE UTILES DE ESCRITORIO (USB PARA BODEGA Y TIENDAS)', '00001065', '2022-08-26', '2022', '08', '008', '', 'PEN', 3.8610, 41.80, 1, '2022-08-26 22:53:25', '2022-08-26 22:53:25'),
	(66, 1, 'COSUMO DE COMUSTILE', '00001066', '2022-08-30', '2022', '08', '008', '', 'PEN', 3.8380, 100.00, 1, '2022-08-30 15:38:12', '2022-08-30 15:38:12'),
	(67, 1, 'MANTENIMIENTO ELECTRICO DE LA TIENDA SAN MARTIN', '00001067', '2022-09-02', '2022', '08', '008', '', 'PEN', 3.8650, 170.00, 1, '2022-09-02 16:09:30', '2022-09-02 16:09:30'),
	(68, 1, 'COMPRA DE BOLSAS DE TIENDA - RHILDO EIRL', '00001068', '2022-09-02', '2022', '08', '008', '', 'PEN', 3.8650, 612.50, 1, '2022-09-02 16:10:46', '2022-09-02 16:10:46'),
	(69, 1, 'COMPRA DE BOLSAS DE TIENDA - RHILDO EIRL', '00001069', '2022-09-02', '2022', '08', '008', '', 'PEN', 3.8650, 612.50, 1, '2022-09-02 16:11:08', '2022-09-02 16:11:08'),
	(70, 1, 'REGALO A SR. FREDDY (ZOFRATACNA)', '00001070', '2022-09-09', '2022', '09', '008', 'AUTORIZO EL SR. SHANI ', 'PEN', 3.8810, 165.00, 1, '2022-09-09 22:29:02', '2022-09-09 22:29:02'),
	(71, 1, 'CONSUMO DE COMBUSTIBLE', '00001071', '2022-09-09', '2022', '09', '008', '', 'PEN', 3.8810, 100.00, 1, '2022-09-09 22:29:31', '2022-09-09 22:29:31'),
	(72, 1, 'COMPRA DE FOCOS LED PARA LA TIENDA SAN MARTIN', '00001072', '2022-09-09', '2022', '09', '008', '', 'PEN', 3.8810, 76.80, 1, '2022-09-09 22:30:29', '2022-09-09 22:30:29'),
	(73, 1, 'COMPRA DE BOLSAS DE TIENDA (DON RHILDO)', '00001073', '2022-09-09', '2022', '09', '008', '', 'PEN', 3.8810, 612.50, 1, '2022-09-09 22:31:08', '2022-09-09 22:31:08'),
	(74, 1, 'COMPRA DE BOLSAS DE TIENDA (DON RHILDO)', '00001074', '2022-09-09', '2022', '09', '008', '', 'PEN', 3.8810, 612.50, 1, '2022-09-09 22:31:32', '2022-09-09 22:31:32'),
	(75, 1, 'COMPRA DE ARTEFACTO PARA INSTALACION DE ALARMA DE SEGURIDAD PROSEGUR', '00001075', '2022-09-09', '2022', '09', '008', '', 'PEN', 3.8810, 103.00, 1, '2022-09-09 22:32:58', '2022-09-09 22:32:58'),
	(76, 1, 'PAGO POR EXTENCIÓN DE SISTEMA DE GERENCIA', '00001076', '2022-09-09', '2022', '09', '008', '', 'PEN', 3.8810, 1050.00, 1, '2022-09-09 22:33:33', '2022-09-09 22:33:33'),
	(77, 1, 'MOVILIDAD PARA TRAMITES (DOÑA JUANA)', '00001077', '2022-09-09', '2022', '09', '008', '', 'PEN', 3.8810, 20.00, 1, '2022-09-09 22:35:59', '2022-09-09 22:35:59'),
	(78, 1, 'FICHA REGISTRAL MORYA SERVICIOS E IMPORTACIONES S.A.C.', '00001078', '2022-09-09', '2022', '09', '008', '', 'PEN', 3.8810, 42.00, 1, '2022-09-09 22:37:32', '2022-09-09 22:37:32'),
	(79, 1, 'FICHA REGISTRAL IMPORT EXPORT LAVIN S.A.C.', '00001079', '2022-09-09', '2022', '09', '008', '', 'PEN', 3.8810, 42.00, 1, '2022-09-09 22:38:05', '2022-09-09 22:38:05'),
	(80, 1, 'FICHA REGISTRAL INVERSIONES JAI MATADI S.A.C.', '00001080', '2022-09-09', '2022', '09', '008', '', 'PEN', 3.8810, 42.00, 1, '2022-09-09 22:38:43', '2022-09-09 22:38:43'),
	(81, 1, 'FICHA REGISTRAL IMPORTADORA ALISHA S.A.C.', '00001081', '2022-09-09', '2022', '09', '008', '', 'PEN', 3.8810, 48.00, 1, '2022-09-09 22:39:18', '2022-09-09 22:39:18'),
	(82, 1, 'DEVOLUCION DE LENTES (RECLAMO)', '00001082', '2022-09-09', '2022', '09', '008', '', 'PEN', 3.8810, 515.00, 1, '2022-09-09 22:40:18', '2022-09-09 22:40:18'),
	(83, 1, 'ARREGLO Y ASEGURAMIENTO DE PUERTA DE LA TIENDA SAN MARTIN', '00001083', '2022-09-09', '2022', '09', '008', '', 'PEN', 3.8810, 1232.00, 1, '2022-09-09 23:30:20', '2022-09-09 23:30:20'),
	(84, 1, 'PROSEGUR ACTIVA', '00001084', '2022-09-10', '2022', '09', '008', '', 'PEN', 3.8830, 1076.86, 1, '2022-09-10 15:43:47', '2022-09-10 15:43:47'),
	(85, 1, 'ESTAMPADOS DE CHALECOS PARA INGRESO A ALMACEN AEROPUERTO', '00001085', '2022-09-19', '2022', '09', '008', '', 'PEN', 3.8830, 60.00, 1, '2022-09-20 00:26:18', '2022-09-20 00:26:18'),
	(86, 1, 'PAGO POR TRABAJO DE REFORZAMIENTO DE PUERTA DE LA TIENDA SAN MARTIN', '00001086', '2022-09-19', '2022', '09', '008', '', 'PEN', 3.8830, 344.00, 1, '2022-09-20 00:27:00', '2022-09-20 00:27:00'),
	(87, 1, 'CONSUMO DE COMBUSTIBLE', '00001087', '2022-09-19', '2022', '09', '008', '', 'PEN', 3.8830, 100.00, 1, '2022-09-20 00:27:31', '2022-09-20 00:27:31'),
	(88, 1, 'COMPRA DE CANDADOS PARA PUERTA DE TIENDA SAN MARTIN', '00001088', '2022-09-19', '2022', '09', '008', '', 'PEN', 3.8830, 356.50, 1, '2022-09-20 00:28:25', '2022-09-20 00:28:25'),
	(89, 1, 'COMPRA DE FOCOS LED Y UTILES DE ASEO ', '00001089', '2022-09-19', '2022', '09', '008', '', 'PEN', 3.8830, 198.70, 1, '2022-09-20 00:30:12', '2022-09-20 00:30:12'),
	(90, 1, 'CONSUMO DE COMBUSTIBLE', '00001090', '2022-09-19', '2022', '09', '008', '', 'PEN', 3.8830, 100.00, 1, '2022-09-20 00:30:37', '2022-09-20 00:30:37'),
	(91, 1, ' COMPRA DE LIBRO DE RECLAMACIONES MORYA', '00001091', '2022-09-20', '2022', '09', '008', '', 'PEN', 3.8710, 88.00, 1, '2022-09-20 14:17:05', '2022-09-20 14:17:05'),
	(92, 1, 'COMPRA DE LIBRO DE RECLAMACIONES INVERSIONES JAI MATADI', '00001092', '2022-09-20', '2022', '09', '008', '', 'PEN', 3.8710, 88.00, 1, '2022-09-20 14:18:55', '2022-09-20 14:18:55'),
	(93, 1, 'COMPRA DE LIBRO DE RECLAMACIONES IMPORTADORA ALISHA', '00001093', '2022-09-20', '2022', '09', '008', '', 'PEN', 3.8710, 88.00, 1, '2022-09-20 14:19:36', '2022-09-20 14:19:36'),
	(94, 1, 'COMPRA DE LIBRO DE RECLAMACIONES IMPORT EXPORT LAVIN', '00001094', '2022-09-20', '2022', '09', '008', '', 'PEN', 3.8710, 88.00, 1, '2022-09-20 14:20:37', '2022-09-20 14:20:37'),
	(95, 1, 'COMPRA DE LIBRO DE RECLAMACIONES OPERADORES DUTY FREE ', '00001095', '2022-09-20', '2022', '09', '008', '', 'PEN', 3.8710, 176.00, 1, '2022-09-20 14:21:13', '2022-09-20 14:21:13'),
	(96, 1, 'COMPRA DE LIBRO DE RECLAMACIONES INVERSIONES DPG', '00001096', '2022-09-20', '2022', '09', '008', '', 'PEN', 3.8710, 176.00, 1, '2022-09-20 14:21:46', '2022-09-20 14:21:46'),
	(97, 1, 'MOVILIDAD PARA TRAMITES (DOÑA JUANA)', '00001097', '2022-09-20', '2022', '09', '008', '', 'PEN', 3.8710, 36.00, 1, '2022-09-20 14:22:17', '2022-09-20 14:22:17'),
	(98, 1, 'MENSUALIDAD PROSEGUR ALARMAS', '00001098', '2022-10-03', '2022', '09', '008', '', 'PEN', 3.9840, 134.17, 1, '2022-10-03 14:48:01', '2022-10-03 14:48:01'),
	(99, 1, 'ESTADO DE CUENTA DPG 2021', '00001099', '2022-10-03', '2022', '09', '008', '', 'PEN', 3.9840, 84.00, 1, '2022-10-03 14:49:42', '2022-10-03 14:49:42'),
	(100, 1, 'ESTADO DE CUENTA DPG 2022', '00001100', '2022-10-03', '2022', '09', '008', '', 'PEN', 3.9840, 84.00, 1, '2022-10-03 14:50:06', '2022-10-03 14:50:06'),
	(101, 1, 'MOVILIDAD PARA TRAMITES (DOÑA JUANA)', '00001101', '2022-10-03', '2022', '09', '008', '', 'PEN', 3.9840, 24.00, 1, '2022-10-03 15:11:21', '2022-10-03 15:11:21'),
	(102, 1, 'CONSUMO DE COMBUSTIBLE', '00001102', '2022-10-03', '2022', '09', '008', '', 'PEN', 3.9840, 100.00, 1, '2022-10-03 15:11:53', '2022-10-03 15:11:53'),
	(103, 1, 'CONSUMO DE ELECTRICIDAD DE LA TIENDA SAN MARTIN', '00001103', '2022-10-03', '2022', '09', '008', '', 'PEN', 3.9840, 7.20, 1, '2022-10-03 15:13:00', '2022-10-03 15:13:00'),
	(104, 1, 'CONSUMO DE ELECTRICIDAD DE LA TIENDA SAN MARTIN', '00001104', '2022-10-03', '2022', '09', '008', '', 'PEN', 3.9840, 533.20, 1, '2022-10-03 15:13:37', '2022-10-03 15:13:37'),
	(105, 1, 'CONSUMO DE ELECTRICIDAD DE LA TIENDA SAN MARTIN', '00001105', '2022-10-03', '2022', '09', '008', '', 'PEN', 3.9840, 106.80, 1, '2022-10-03 15:14:08', '2022-10-03 15:14:08'),
	(106, 1, 'CONSUMO DE COMBUSTIBLE', '00001106', '2022-10-03', '2022', '09', '008', '', 'PEN', 3.9840, 100.00, 1, '2022-10-03 15:14:42', '2022-10-03 15:14:42'),
	(107, 1, 'CONSUMO DE COMBUSTIBLE', '00001107', '2022-10-03', '2022', '09', '008', '', 'PEN', 3.9840, 100.00, 1, '2022-10-03 15:15:09', '2022-10-03 15:15:09'),
	(108, 1, 'PAGO DE COCHERA DIA Y NOCHE', '00001108', '2022-10-03', '2022', '09', '008', '', 'PEN', 3.9840, 300.00, 1, '2022-10-03 15:15:42', '2022-10-03 15:15:42'),
	(109, 1, 'PAGO DE CELULARES DE TIENDA', '00001109', '2022-10-03', '2022', '09', '008', '', 'PEN', 3.9840, 239.00, 1, '2022-10-03 15:16:15', '2022-10-03 15:16:15'),
	(110, 1, 'PAGO POR MANEJO DE PAGINA WEB', '00001110', '2022-10-03', '2022', '09', '008', '', 'PEN', 3.9840, 1200.00, 1, '2022-10-03 15:16:51', '2022-10-03 15:16:51'),
	(111, 1, 'PERNOCTE EN TIENDA SAN MARTIN (ULTIMO MES)', '00001111', '2022-10-03', '2022', '09', '008', '', 'PEN', 3.9840, 800.00, 1, '2022-10-03 15:17:34', '2022-10-03 15:17:34'),
	(112, 1, 'RENOVASIÓN DE HOSTING ', '00001112', '2022-10-17', '2022', '10', '008', '', 'PEN', 3.9920, 260.05, 1, '2022-10-17 22:39:24', '2022-10-17 22:39:24'),
	(113, 1, 'RENOVACIÓN DE DOMINIOS', '00001113', '2022-10-17', '2022', '10', '008', '', 'PEN', 3.9920, 540.00, 1, '2022-10-17 22:41:24', '2022-10-17 22:41:24'),
	(114, 1, 'COMPRA DE PAPEL TERMICO DE BOLETA', '00001114', '2022-10-17', '2022', '10', '008', '', 'PEN', 3.9920, 320.00, 1, '2022-10-17 22:41:52', '2022-10-17 22:41:52'),
	(115, 1, 'CONSUMO DE COMBUSTIBLE', '00001115', '2022-10-17', '2022', '10', '008', '', 'PEN', 3.9920, 100.00, 1, '2022-10-17 22:42:16', '2022-10-17 22:42:16'),
	(116, 1, 'CONSUMO DE COMBUSTIBLE', '00001116', '2022-10-17', '2022', '10', '008', '', 'PEN', 3.9920, 100.00, 1, '2022-10-17 22:42:48', '2022-10-17 22:42:48'),
	(117, 1, 'FICHA REGISTRAL DPG', '00001117', '2022-10-17', '2022', '10', '008', '', 'PEN', 3.9920, 84.00, 1, '2022-10-17 22:43:16', '2022-10-17 22:43:16'),
	(118, 1, 'MOVILIDAD PARA TRAMITES (DOÑA JUANA)', '00001118', '2022-10-17', '2022', '10', '008', '', 'PEN', 3.9920, 12.00, 1, '2022-10-17 22:43:50', '2022-10-17 22:43:50'),
	(119, 1, 'PAGO DE INTERNET DE SEPTIEMRE (TIENDA SA MARTIN)', '00001119', '2022-10-17', '2022', '10', '008', '', 'PEN', 3.9920, 111.00, 1, '2022-10-17 22:44:29', '2022-10-17 22:44:29'),
	(120, 1, 'PAGO DE INTERNET DE SEPTIEMRE (ALMACEN AEROPUERTO)	', '00001120', '2022-10-17', '2022', '10', '008', '', 'PEN', 3.9920, 111.00, 1, '2022-10-17 22:44:54', '2022-10-17 22:44:54'),
	(121, 1, 'RECLAMO POR DEFECTO DE RELOJ (DEVOLUCIÓN)', '00001121', '2022-10-17', '2022', '10', '008', '', 'PEN', 3.9920, 929.00, 1, '2022-10-17 22:45:43', '2022-10-17 22:45:43'),
	(122, 1, 'CONSUMO DE COMBUSTIBLE', '00001122', '2022-10-17', '2022', '10', '008', '', 'PEN', 3.9920, 100.00, 1, '2022-10-17 22:46:22', '2022-10-17 22:46:22'),
	(123, 1, 'CONSUMO DE COMBUSTIBLE', '00001123', '2022-10-17', '2022', '10', '008', '', 'PEN', 3.9920, 100.00, 1, '2022-10-17 22:47:21', '2022-10-17 22:47:21'),
	(124, 1, 'CONSUMO DE ELECTRICIDAD DE LA TIENDA SAN MARTIN', '00001124', '2022-10-31', '2022', '10', '008', '', 'PEN', 3.9780, 7.20, 1, '2022-10-31 14:16:41', '2022-10-31 14:16:41'),
	(125, 1, '	CONSUMO DE ELECTRICIDAD DE LA TIENDA SAN MARTIN', '00001125', '2022-10-31', '2022', '10', '008', '', 'PEN', 3.9780, 470.10, 1, '2022-10-31 14:17:04', '2022-10-31 14:17:04'),
	(126, 1, '	CONSUMO DE ELECTRICIDAD DE LA TIENDA SAN MARTIN', '00001126', '2022-10-31', '2022', '10', '008', '', 'PEN', 3.9780, 91.30, 1, '2022-10-31 14:17:27', '2022-10-31 14:17:27'),
	(127, 1, 'COMPRA DE UTILES DE ASEO', '00001127', '2022-10-31', '2022', '10', '008', '', 'PEN', 3.9780, 21.50, 1, '2022-10-31 14:18:16', '2022-10-31 14:18:16'),
	(128, 1, 'CONSUMO DE COMBUSTIBLE', '00001128', '2022-10-31', '2022', '10', '008', '', 'PEN', 3.9780, 100.00, 1, '2022-10-31 14:25:49', '2022-10-31 14:27:00'),
	(129, 1, 'CONSUMO DE COMBUSTIBLE', '00001129', '2022-10-31', '2022', '10', '008', '', 'PEN', 3.9780, 100.00, 1, '2022-10-31 14:27:26', '2022-10-31 14:27:26'),
	(130, 1, 'PAGO POR EXPEDIENTES PARA CERTIFICADOS DE DEFENSA CIVIL', '00001130', '2022-10-31', '2022', '10', '008', '', 'PEN', 3.9780, 1592.00, 1, '2022-10-31 16:33:43', '2022-10-31 16:33:43'),
	(131, 1, 'DEVOLUCION POR RECLAMO DE PERFUME', '00001131', '2022-10-31', '2022', '10', '008', '', 'PEN', 3.9780, 95.00, 1, '2022-10-31 16:34:12', '2022-10-31 16:34:12'),
	(132, 1, 'COMPRA DE UTILES DE ESCRITORIO', '00001132', '2022-10-31', '2022', '10', '008', '', 'PEN', 3.9780, 190.50, 1, '2022-10-31 16:34:43', '2022-10-31 16:34:43'),
	(133, 1, 'RAMOS HANCCO EDSON NABAL', '00001133', '2022-11-02', '2022', '10', '008', '', 'PEN', 3.9930, 100.00, 1, '2022-11-02 22:12:54', '2022-11-02 22:12:54'),
	(134, 1, 'PAGO POR MANEJO DE PAGINA WEB', '00001134', '2022-11-02', '2022', '10', '008', '', 'PEN', 3.9930, 1200.00, 1, '2022-11-02 22:14:21', '2022-11-02 22:14:21'),
	(135, 1, 'PAGO DE COCHERA OCTUBRE', '00001135', '2022-11-02', '2022', '10', '008', '', 'PEN', 3.9930, 300.00, 1, '2022-11-02 22:15:12', '2022-11-02 22:15:12'),
	(136, 1, 'PAGO DE CELULARES DPG', '00001136', '2022-11-02', '2022', '10', '008', '', 'PEN', 3.9930, 235.00, 1, '2022-11-02 22:16:25', '2022-11-02 22:16:25'),
	(137, 1, 'INVITACIÓN CENA A GERENTES DE MUNICIPALIDAD', '00001137', '2022-11-02', '2022', '10', '008', '', 'PEN', 3.9930, 222.00, 1, '2022-11-02 22:23:58', '2022-11-02 22:23:58'),
	(138, 1, 'INVITACIÓN CENA A GERENTES DE MUNICIPALIDAD	', '00001138', '2022-11-02', '2022', '10', '008', '', 'PEN', 3.9930, 296.00, 1, '2022-11-02 22:24:30', '2022-11-02 22:24:30'),
	(139, 1, 'PAGO DE INTERNET DE TIENDA SAN MARTIN', '00001139', '2022-11-03', '2022', '10', '008', '', 'PEN', 3.9760, 111.00, 1, '2022-11-03 13:25:27', '2022-11-03 13:25:27'),
	(140, 1, 'PAGO DE INTERNET DE ALMACEN AEROPUERTO', '00001140', '2022-11-03', '2022', '10', '008', '', 'PEN', 3.9760, 111.00, 1, '2022-11-03 13:26:06', '2022-11-03 13:26:06');

-- Volcando estructura para tabla bd_app_inventario.daily_settlement_incomes
CREATE TABLE IF NOT EXISTS `daily_settlement_incomes` (
  `id_income` bigint(20) unsigned NOT NULL AUTO_INCREMENT,
  `id_business` int(10) unsigned NOT NULL,
  `id_user` int(10) unsigned NOT NULL,
  `code` varchar(10) COLLATE utf8_unicode_ci NOT NULL,
  `date` date NOT NULL,
  `year` varchar(10) COLLATE utf8_unicode_ci NOT NULL,
  `month` varchar(10) COLLATE utf8_unicode_ci NOT NULL,
  `observation` varchar(500) COLLATE utf8_unicode_ci NOT NULL,
  `counted_total_pen` decimal(10,2) NOT NULL,
  `counted_total_usd` decimal(10,2) NOT NULL,
  `credit_total_pen` decimal(10,2) NOT NULL,
  `credit_total_usd` decimal(10,2) NOT NULL,
  `total_pen` decimal(10,2) NOT NULL,
  `total_usd` decimal(10,2) NOT NULL,
  `state` int(11) NOT NULL,
  `created_at` timestamp NULL DEFAULT NULL,
  `updated_at` timestamp NULL DEFAULT NULL,
  PRIMARY KEY (`id_income`),
  KEY `id_business` (`id_business`),
  KEY `id_user` (`id_user`),
  CONSTRAINT `FK_daily_settlement_incomes_business` FOREIGN KEY (`id_business`) REFERENCES `business` (`id_business`),
  CONSTRAINT `FK_daily_settlement_incomes_users` FOREIGN KEY (`id_user`) REFERENCES `users` (`id_user`)
) ENGINE=InnoDB AUTO_INCREMENT=22 DEFAULT CHARSET=utf8 COLLATE=utf8_unicode_ci;

-- Volcando datos para la tabla bd_app_inventario.daily_settlement_incomes: ~21 rows (aproximadamente)
INSERT INTO `daily_settlement_incomes` (`id_income`, `id_business`, `id_user`, `code`, `date`, `year`, `month`, `observation`, `counted_total_pen`, `counted_total_usd`, `credit_total_pen`, `credit_total_usd`, `total_pen`, `total_usd`, `state`, `created_at`, `updated_at`) VALUES
	(1, 1, 1, '00001001', '2022-08-24', '2022', '07', '', 60036.50, 15390.12, 234903.00, 60164.12, 294939.50, 75554.25, 1, '2022-08-24 22:42:11', '2022-08-24 22:42:11'),
	(2, 2, 1, '00001002', '2022-08-25', '2022', '07', '', 6870.50, 1762.70, 14799.50, 3786.96, 21670.00, 5549.66, 1, '2022-08-25 14:03:59', '2022-08-25 14:03:59'),
	(3, 1, 1, '00001003', '2022-09-01', '2022', '08', '', 50796.50, 13098.12, 283310.00, 73154.12, 334106.50, 86252.24, 1, '2022-09-02 00:36:21', '2022-09-02 00:36:21'),
	(4, 2, 1, '00001004', '2022-09-01', '2022', '08', '', 9985.50, 2577.61, 18746.00, 4842.11, 28731.50, 7419.73, 1, '2022-09-02 00:36:51', '2022-09-02 00:36:51'),
	(5, 1, 1, '00001005', '2022-10-03', '2022', '09', '', 56428.00, 14520.34, 249195.50, 63966.32, 305623.50, 78486.66, 1, '2022-10-03 13:49:51', '2022-10-03 13:49:51'),
	(6, 2, 1, '00001006', '2022-10-03', '2022', '09', '', 7337.00, 1882.79, 18527.50, 4758.15, 25864.50, 6640.94, 1, '2022-10-03 13:50:44', '2022-10-03 13:50:44'),
	(7, 1, 1, '00001007', '2022-11-01', '2022', '10', '', 49766.00, 12498.11, 279056.00, 70072.75, 328822.00, 82570.86, 1, '2022-11-01 21:50:45', '2022-11-01 21:50:45'),
	(8, 2, 1, '00001008', '2022-11-01', '2022', '10', '', 0.00, 0.00, 0.00, 0.00, 0.00, 0.00, 9, '2022-11-01 21:51:03', '2022-11-01 21:51:28'),
	(9, 2, 1, '00001009', '2022-11-01', '2022', '10', '', 9050.00, 2272.59, 18230.00, 4577.38, 27280.00, 6849.97, 1, '2022-11-01 21:51:50', '2022-11-01 21:51:50'),
	(10, 1, 1, '00001010', '2022-12-02', '2022', '11', '', 40544.00, 10432.33, 234706.00, 60420.51, 275250.00, 70852.84, 1, '2022-12-02 14:14:36', '2022-12-02 14:14:36'),
	(11, 2, 1, '00001011', '2022-12-02', '2022', '11', '', 8770.50, 2254.41, 17239.50, 4428.49, 26010.00, 6682.91, 1, '2022-12-02 14:14:54', '2022-12-02 14:14:54'),
	(12, 2, 1, '00001012', '2023-01-09', '2022', '12', '', 7980.00, 2079.87, 16029.00, 4179.77, 24009.00, 6259.64, 1, '2023-01-10 00:07:43', '2023-01-10 00:07:43'),
	(13, 1, 1, '00001013', '2023-01-09', '2022', '12', '', 68265.50, 17802.36, 327597.50, 85374.64, 395863.00, 103177.00, 1, '2023-01-10 00:08:04', '2023-01-10 00:08:04'),
	(14, 1, 1, '00001014', '2023-02-02', '2023', '01', '', 30038.00, 7844.08, 201230.00, 52480.22, 231268.00, 60324.30, 1, '2023-02-02 22:59:24', '2023-02-02 22:59:24'),
	(15, 2, 1, '00001015', '2023-02-02', '2023', '01', '', 6359.00, 1659.48, 10441.50, 2729.50, 16800.50, 4388.99, 1, '2023-02-02 22:59:44', '2023-02-02 22:59:44'),
	(16, 1, 1, '00001016', '2023-03-01', '2023', '02', '', 45506.00, 11852.67, 231240.00, 60153.47, 276746.00, 72006.14, 1, '2023-03-02 01:06:54', '2023-03-02 01:06:54'),
	(17, 2, 1, '00001017', '2023-03-01', '2023', '02', '', 6260.00, 1627.50, 11152.00, 2899.77, 17412.00, 4527.27, 1, '2023-03-02 01:07:18', '2023-03-02 01:07:18'),
	(18, 2, 1, '00001018', '2023-04-20', '2023', '03', '', 9433.50, 2492.38, 15130.50, 3996.25, 24564.00, 6488.63, 1, '2023-04-20 16:20:49', '2023-04-20 16:20:49'),
	(19, 1, 1, '00001019', '2023-04-20', '2023', '03', '', 43591.00, 11510.65, 284115.00, 75092.80, 327706.00, 86603.46, 1, '2023-04-20 16:21:40', '2023-04-20 16:21:40'),
	(20, 2, 1, '00001020', '2023-05-04', '2023', '04', '', 6854.00, 1817.62, 13764.50, 3652.29, 20618.50, 5469.90, 1, '2023-05-04 14:18:20', '2023-05-04 14:18:20'),
	(21, 1, 1, '00001021', '2023-05-04', '2023', '04', '', 43161.50, 11441.37, 265095.50, 70372.22, 308257.00, 81813.58, 1, '2023-05-04 14:18:36', '2023-05-04 14:18:36');

-- Volcando estructura para tabla bd_app_inventario.expenses
CREATE TABLE IF NOT EXISTS `expenses` (
  `id_expense` bigint(20) unsigned NOT NULL AUTO_INCREMENT,
  `id_type_expense` bigint(20) unsigned NOT NULL,
  `id_user` int(10) unsigned NOT NULL DEFAULT '0',
  `code` varchar(10) COLLATE utf8_unicode_ci NOT NULL DEFAULT '',
  `date` date NOT NULL,
  `year` varchar(50) COLLATE utf8_unicode_ci NOT NULL DEFAULT '',
  `month` varchar(50) COLLATE utf8_unicode_ci NOT NULL DEFAULT '',
  `payment_method` varchar(10) COLLATE utf8_unicode_ci NOT NULL,
  `observation` varchar(500) COLLATE utf8_unicode_ci NOT NULL,
  `coin` varchar(5) COLLATE utf8_unicode_ci DEFAULT NULL,
  `exchange_rate` decimal(10,4) NOT NULL,
  `total` decimal(10,2) NOT NULL,
  `state` int(11) NOT NULL,
  `created_at` timestamp NULL DEFAULT NULL,
  `updated_at` timestamp NULL DEFAULT NULL,
  PRIMARY KEY (`id_expense`),
  KEY `management_expenses_id_type_expense_foreign` (`id_type_expense`),
  KEY `id_user` (`id_user`),
  CONSTRAINT `FK_management_expenses_users` FOREIGN KEY (`id_user`) REFERENCES `users` (`id_user`),
  CONSTRAINT `management_expenses_id_type_expense_foreign` FOREIGN KEY (`id_type_expense`) REFERENCES `type_expenses` (`id_type_expense`)
) ENGINE=InnoDB AUTO_INCREMENT=136 DEFAULT CHARSET=utf8 COLLATE=utf8_unicode_ci;

-- Volcando datos para la tabla bd_app_inventario.expenses: ~135 rows (aproximadamente)
INSERT INTO `expenses` (`id_expense`, `id_type_expense`, `id_user`, `code`, `date`, `year`, `month`, `payment_method`, `observation`, `coin`, `exchange_rate`, `total`, `state`, `created_at`, `updated_at`) VALUES
	(1, 9, 1, '00001001', '2022-08-25', '2022', '07', '008', '', 'PEN', 3.8880, 9500.00, 1, '2022-08-25 22:03:11', '2022-08-25 22:03:11'),
	(2, 8, 1, '00001002', '2022-08-25', '2022', '07', '008', '', 'PEN', 3.8880, 535.93, 1, '2022-08-25 22:04:04', '2022-08-25 22:04:04'),
	(3, 7, 1, '00001003', '2022-08-25', '2022', '07', '008', '', 'PEN', 3.8880, 7935.18, 1, '2022-08-25 22:04:40', '2022-08-25 22:04:40'),
	(4, 6, 1, '00001004', '2022-08-25', '2022', '07', '008', '', 'PEN', 3.8880, 4500.00, 1, '2022-08-25 22:05:02', '2022-08-25 22:05:02'),
	(5, 4, 1, '00001005', '2022-08-25', '2022', '07', '008', '', 'PEN', 3.8880, 20475.00, 1, '2022-08-25 22:05:44', '2022-08-25 22:05:44'),
	(6, 3, 1, '00001006', '2022-08-25', '2022', '07', '008', '', 'PEN', 3.8880, 8430.04, 1, '2022-08-25 22:06:08', '2022-08-25 22:06:08'),
	(7, 2, 1, '00001007', '2022-08-25', '2022', '07', '008', '', 'PEN', 3.8880, 13314.00, 1, '2022-08-25 22:06:31', '2022-08-25 22:06:31'),
	(8, 1, 1, '00001008', '2022-08-25', '2022', '07', '008', '', 'PEN', 3.8880, 24933.50, 1, '2022-08-25 22:07:07', '2022-08-25 22:07:07'),
	(9, 1, 1, '00001009', '2022-09-03', '2022', '08', '008', '', 'PEN', 3.8760, 0.00, 9, '2022-09-03 21:47:58', '2022-09-03 21:51:21'),
	(10, 2, 1, '00001010', '2022-09-03', '2022', '08', '008', '', 'PEN', 3.8760, 0.00, 9, '2022-09-03 21:48:22', '2022-09-03 21:51:54'),
	(11, 3, 1, '00001011', '2022-09-03', '2022', '08', '008', '', 'PEN', 3.8760, 0.00, 9, '2022-09-03 21:48:45', '2022-09-03 21:51:41'),
	(12, 4, 1, '00001012', '2022-09-03', '2022', '08', '008', '', 'PEN', 3.8760, 20349.00, 9, '2022-09-03 21:50:12', '2022-09-03 21:51:32'),
	(13, 9, 1, '00001013', '2022-09-03', '2022', '08', '008', '', 'PEN', 3.8760, 6396.40, 1, '2022-09-03 21:52:21', '2022-09-03 22:01:11'),
	(14, 8, 1, '00001014', '2022-09-03', '2022', '08', '008', '', 'PEN', 3.8760, 818.00, 1, '2022-09-03 21:52:57', '2022-09-03 21:52:57'),
	(15, 7, 1, '00001015', '2022-09-03', '2022', '08', '008', '', 'PEN', 3.8760, 11687.31, 1, '2022-09-03 21:53:26', '2022-09-03 21:53:26'),
	(16, 6, 1, '00001016', '2022-09-03', '2022', '08', '008', '', 'PEN', 3.8760, 4500.00, 1, '2022-09-03 21:53:58', '2022-09-03 21:53:58'),
	(17, 4, 1, '00001017', '2022-09-03', '2022', '08', '008', '', 'PEN', 3.8760, 20349.00, 1, '2022-09-03 21:54:43', '2022-09-03 21:55:01'),
	(18, 3, 1, '00001018', '2022-09-03', '2022', '08', '008', '', 'PEN', 3.8760, 9122.43, 1, '2022-09-03 21:55:23', '2022-09-08 21:06:33'),
	(19, 2, 1, '00001019', '2022-09-03', '2022', '08', '008', '', 'PEN', 3.8760, 17611.00, 1, '2022-09-03 21:55:42', '2022-09-09 21:41:46'),
	(20, 1, 1, '00001020', '2022-09-03', '2022', '08', '008', '', 'PEN', 3.8760, 25729.60, 1, '2022-09-03 21:55:56', '2022-09-06 16:14:49'),
	(21, 9, 1, '00001021', '2022-10-04', '2022', '09', '008', '', 'PEN', 3.9690, 11449.23, 1, '2022-10-04 15:58:46', '2022-10-04 16:02:51'),
	(22, 8, 1, '00001022', '2022-10-04', '2022', '09', '008', '', 'PEN', 3.9690, 729.04, 1, '2022-10-04 15:59:04', '2022-10-04 16:03:25'),
	(23, 7, 1, '00001023', '2022-10-04', '2022', '09', '008', '', 'PEN', 3.9690, 10303.33, 1, '2022-10-04 15:59:24', '2022-10-04 16:03:51'),
	(24, 6, 1, '00001024', '2022-10-04', '2022', '09', '008', '', 'PEN', 3.9690, 4500.00, 1, '2022-10-04 15:59:42', '2022-10-04 16:04:10'),
	(25, 4, 1, '00001025', '2022-10-04', '2022', '09', '008', '', 'PEN', 3.9690, 20837.25, 1, '2022-10-04 16:00:04', '2022-10-04 16:05:14'),
	(26, 3, 1, '00001026', '2022-10-04', '2022', '09', '008', '', 'PEN', 3.9690, 6375.28, 1, '2022-10-04 16:00:31', '2022-10-04 16:13:23'),
	(27, 2, 1, '00001027', '2022-10-04', '2022', '09', '008', '', 'PEN', 3.9690, 13316.00, 1, '2022-10-04 16:00:47', '2022-10-18 14:39:47'),
	(28, 1, 1, '00001028', '2022-10-04', '2022', '09', '008', '', 'PEN', 3.9690, 22510.00, 1, '2022-10-04 16:01:01', '2022-10-04 16:07:09'),
	(29, 9, 1, '00001029', '2022-11-03', '2022', '10', '008', '', 'PEN', 3.9760, 8009.65, 1, '2022-11-03 13:34:06', '2022-11-03 13:42:26'),
	(30, 8, 1, '00001030', '2022-11-03', '2022', '10', '008', '', 'PEN', 3.9760, 697.81, 1, '2022-11-03 13:35:42', '2022-11-03 13:35:42'),
	(31, 7, 1, '00001031', '2022-11-03', '2022', '10', '008', '', 'PEN', 3.9760, 10647.25, 1, '2022-11-03 13:36:29', '2022-11-03 13:36:29'),
	(32, 6, 1, '00001032', '2022-11-03', '2022', '10', '008', '', 'PEN', 3.9760, 4500.00, 1, '2022-11-03 13:37:31', '2022-11-03 13:37:31'),
	(33, 4, 1, '00001033', '2022-11-03', '2022', '10', '008', '', 'PEN', 3.9760, 20874.00, 1, '2022-11-03 13:38:41', '2022-11-03 13:38:41'),
	(34, 3, 1, '00001034', '2022-11-03', '2022', '10', '008', '', 'PEN', 3.9760, 8732.36, 1, '2022-11-03 13:39:03', '2022-11-07 16:01:41'),
	(35, 2, 1, '00001035', '2022-11-03', '2022', '10', '008', '', 'PEN', 3.9760, 13745.00, 1, '2022-11-03 13:39:27', '2022-11-13 00:01:34'),
	(36, 1, 1, '00001036', '2022-11-03', '2022', '10', '008', '', 'PEN', 3.9760, 23667.40, 1, '2022-11-03 13:39:49', '2022-11-05 21:03:31'),
	(37, 9, 1, '00001037', '2022-12-06', '2022', '11', '008', '', 'PEN', 3.8480, 11605.40, 1, '2022-12-07 00:07:04', '2022-12-07 00:14:53'),
	(38, 8, 1, '00001038', '2022-12-06', '2022', '11', '008', '', 'PEN', 3.8480, 794.19, 1, '2022-12-07 00:07:47', '2022-12-07 00:07:47'),
	(39, 7, 1, '00001039', '2022-12-06', '2022', '11', '008', '', 'PEN', 3.8480, 9989.41, 1, '2022-12-07 00:08:13', '2022-12-07 00:08:13'),
	(40, 6, 1, '00001040', '2022-12-06', '2022', '11', '008', '', 'PEN', 3.8480, 4500.00, 1, '2022-12-07 00:08:30', '2022-12-07 00:08:30'),
	(41, 4, 1, '00001041', '2022-12-06', '2022', '11', '008', '', 'PEN', 3.8480, 20160.00, 1, '2022-12-07 00:09:24', '2022-12-07 00:09:24'),
	(42, 3, 1, '00001042', '2022-12-06', '2022', '11', '008', '', 'PEN', 3.8480, 8433.67, 1, '2022-12-07 00:09:40', '2022-12-09 22:41:24'),
	(43, 2, 1, '00001043', '2022-12-06', '2022', '11', '008', '', 'PEN', 3.8480, 12475.00, 1, '2022-12-07 00:09:57', '2022-12-17 22:57:06'),
	(44, 1, 1, '00001044', '2022-12-06', '2022', '11', '008', '', 'PEN', 3.8480, 22354.80, 1, '2022-12-07 00:11:17', '2022-12-07 00:11:17'),
	(45, 9, 1, '00001045', '2023-01-03', '2022', '12', '008', '', 'PEN', 3.8200, 7623.40, 1, '2023-01-03 16:44:17', '2023-01-03 16:45:22'),
	(46, 8, 1, '00001046', '2023-01-03', '2022', '12', '008', '', 'PEN', 3.8200, 567.08, 1, '2023-01-03 16:45:02', '2023-01-03 16:45:02'),
	(47, 7, 1, '00001047', '2023-01-03', '2022', '12', '008', '', 'PEN', 3.8200, 12844.45, 1, '2023-01-03 16:45:56', '2023-01-03 16:45:56'),
	(48, 6, 1, '00001048', '2023-01-03', '2022', '12', '008', '', 'PEN', 3.8200, 4500.00, 1, '2023-01-03 16:46:21', '2023-01-03 16:46:21'),
	(49, 4, 1, '00001049', '2023-01-03', '2022', '12', '008', '', 'PEN', 3.8200, 20055.00, 1, '2023-01-03 16:47:30', '2023-01-03 16:47:30'),
	(50, 3, 1, '00001050', '2023-01-03', '2022', '12', '008', '', 'PEN', 3.8200, 8442.20, 1, '2023-01-03 16:48:52', '2023-01-03 16:48:52'),
	(51, 2, 1, '00001051', '2023-01-03', '2022', '12', '008', '', 'PEN', 3.8200, 15475.00, 1, '2023-01-03 16:49:21', '2023-02-02 00:50:35'),
	(52, 1, 1, '00001052', '2023-01-03', '2022', '12', '008', 'INCLUYE GRATIFICACIONES', 'PEN', 3.8200, 43000.00, 1, '2023-01-03 16:50:06', '2023-01-03 16:50:38'),
	(53, 9, 1, '00001053', '2023-02-06', '2023', '01', '008', '', 'PEN', 3.8470, 3545.30, 1, '2023-02-06 16:11:30', '2023-02-06 16:37:35'),
	(54, 8, 1, '00001054', '2023-02-06', '2023', '01', '008', '', 'PEN', 3.8470, 500.44, 1, '2023-02-06 16:14:20', '2023-02-06 16:14:20'),
	(55, 7, 1, '00001055', '2023-02-06', '2023', '01', '008', '', 'PEN', 3.8470, 8391.49, 1, '2023-02-06 16:22:20', '2023-02-06 16:22:20'),
	(56, 6, 1, '00001056', '2023-02-06', '2023', '01', '008', '', 'PEN', 3.8470, 3500.00, 1, '2023-02-06 16:25:17', '2023-02-06 16:25:17'),
	(57, 4, 1, '00001057', '2023-02-06', '2023', '01', '008', '', 'PEN', 3.8470, 20196.75, 1, '2023-02-06 16:26:40', '2023-02-06 16:26:40'),
	(58, 3, 1, '00001058', '2023-02-06', '2023', '01', '008', '', 'PEN', 3.8470, 8463.40, 1, '2023-02-06 16:28:36', '2023-02-06 16:28:36'),
	(59, 2, 1, '00001059', '2023-02-06', '2023', '01', '008', '', 'PEN', 3.8470, 9350.00, 1, '2023-02-06 16:29:09', '2023-02-14 16:35:55'),
	(60, 1, 1, '00001060', '2023-02-06', '2023', '01', '008', '', 'PEN', 3.8470, 22831.70, 1, '2023-02-06 16:31:14', '2023-02-06 16:31:14'),
	(61, 9, 1, '00001061', '2023-02-14', '2022', '01', '008', '', 'PEN', 3.8540, 9409.00, 1, '2023-02-14 23:48:27', '2023-02-14 23:48:27'),
	(62, 8, 1, '00001062', '2023-02-14', '2022', '01', '008', '', 'PEN', 3.8540, 428.43, 1, '2023-02-14 23:49:09', '2023-02-14 23:49:09'),
	(63, 7, 1, '00001063', '2023-02-14', '2022', '01', '008', '', 'PEN', 3.8540, 6884.67, 1, '2023-02-14 23:49:44', '2023-02-14 23:49:44'),
	(64, 6, 1, '00001064', '2023-02-14', '2022', '01', '008', '', 'PEN', 3.8540, 3000.00, 1, '2023-02-14 23:50:10', '2023-02-14 23:50:10'),
	(65, 4, 1, '00001065', '2023-02-14', '2022', '01', '008', '', 'PEN', 3.8540, 20233.50, 1, '2023-02-14 23:50:52', '2023-02-15 22:20:56'),
	(66, 3, 1, '00001066', '2023-02-14', '2022', '01', '008', '', 'PEN', 3.8540, 8014.72, 1, '2023-02-14 23:51:21', '2023-02-14 23:51:21'),
	(67, 2, 1, '00001067', '2023-02-14', '2022', '01', '008', '', 'PEN', 3.8540, 5734.29, 1, '2023-02-14 23:51:52', '2023-02-14 23:51:52'),
	(68, 1, 1, '00001068', '2023-02-14', '2022', '01', '008', '', 'PEN', 3.8540, 21744.20, 1, '2023-02-14 23:52:17', '2023-02-14 23:52:17'),
	(69, 9, 1, '00001069', '2023-02-14', '2022', '02', '008', '', 'PEN', 3.8540, 6211.16, 1, '2023-02-14 23:55:50', '2023-02-14 23:56:09'),
	(70, 8, 1, '00001070', '2023-02-14', '2022', '02', '008', '', 'PEN', 3.8540, 566.02, 1, '2023-02-14 23:56:43', '2023-02-14 23:56:43'),
	(71, 7, 1, '00001071', '2023-02-14', '2022', '02', '008', '', 'PEN', 3.8540, 8668.74, 1, '2023-02-14 23:57:17', '2023-02-14 23:57:17'),
	(72, 6, 1, '00001072', '2023-02-14', '2022', '02', '008', '', 'PEN', 3.8540, 3000.00, 1, '2023-02-14 23:57:43', '2023-02-14 23:57:43'),
	(73, 4, 1, '00001073', '2023-02-14', '2022', '02', '008', '', 'PEN', 3.8540, 20233.50, 1, '2023-02-14 23:58:11', '2023-02-15 22:20:22'),
	(74, 3, 1, '00001074', '2023-02-14', '2022', '02', '008', '', 'PEN', 3.8540, 9300.52, 1, '2023-02-14 23:58:39', '2023-02-14 23:58:39'),
	(75, 2, 1, '00001075', '2023-02-14', '2022', '02', '008', '', 'PEN', 3.8540, 9762.41, 1, '2023-02-14 23:59:06', '2023-02-14 23:59:06'),
	(76, 1, 1, '00001076', '2023-02-14', '2022', '02', '008', '', 'PEN', 3.8540, 23325.80, 1, '2023-02-14 23:59:44', '2023-02-14 23:59:44'),
	(77, 9, 1, '00001077', '2023-02-15', '2022', '03', '008', '', 'PEN', 3.8610, 5402.19, 1, '2023-02-15 22:14:03', '2023-02-15 22:14:03'),
	(78, 8, 1, '00001078', '2023-02-15', '2022', '03', '008', '', 'PEN', 3.8610, 743.18, 1, '2023-02-15 22:14:47', '2023-02-15 22:14:47'),
	(79, 7, 1, '00001079', '2023-02-15', '2022', '03', '008', '', 'PEN', 3.8610, 10173.44, 1, '2023-02-15 22:15:46', '2023-02-15 22:15:46'),
	(80, 6, 1, '00001080', '2023-02-15', '2022', '03', '008', '', 'PEN', 3.8610, 3000.00, 1, '2023-02-15 22:16:14', '2023-02-15 22:16:14'),
	(81, 4, 1, '00001081', '2023-02-15', '2022', '03', '008', '', 'PEN', 3.8610, 20270.25, 1, '2023-02-15 22:17:37', '2023-02-15 22:17:37'),
	(82, 3, 1, '00001082', '2023-02-15', '2022', '03', '008', '', 'PEN', 3.8610, 9883.80, 1, '2023-02-15 22:18:19', '2023-02-15 22:18:19'),
	(83, 2, 1, '00001083', '2023-02-15', '2022', '03', '008', '', 'PEN', 3.8610, 14137.92, 1, '2023-02-15 22:18:50', '2023-02-15 22:18:50'),
	(84, 1, 1, '00001084', '2023-02-15', '2022', '03', '008', '', 'PEN', 3.8610, 22234.30, 1, '2023-02-15 22:19:41', '2023-02-15 22:19:41'),
	(85, 9, 1, '00001085', '2023-02-15', '2022', '04', '008', '', 'PEN', 3.8610, 8100.22, 1, '2023-02-15 22:23:07', '2023-02-15 22:23:07'),
	(86, 8, 1, '00001086', '2023-02-15', '2022', '04', '008', '', 'PEN', 3.8610, 730.09, 1, '2023-02-15 22:23:34', '2023-02-15 22:23:34'),
	(87, 7, 1, '00001087', '2023-02-15', '2022', '04', '008', '', 'PEN', 3.8610, 9887.88, 1, '2023-02-15 22:24:03', '2023-02-15 22:24:03'),
	(88, 6, 1, '00001088', '2023-02-15', '2022', '04', '008', '', 'PEN', 3.8610, 3000.00, 1, '2023-02-15 22:24:36', '2023-02-15 22:24:36'),
	(89, 4, 1, '00001089', '2023-02-15', '2022', '04', '008', '', 'PEN', 3.8610, 20270.25, 1, '2023-02-15 22:25:36', '2023-02-15 22:25:36'),
	(90, 3, 1, '00001090', '2023-02-15', '2022', '04', '008', '', 'PEN', 3.8610, 10237.84, 1, '2023-02-15 22:26:13', '2023-02-15 22:26:13'),
	(91, 2, 1, '00001091', '2023-02-15', '2022', '04', '008', '', 'PEN', 3.8610, 16929.00, 1, '2023-02-15 22:26:39', '2023-02-15 22:26:39'),
	(92, 1, 1, '00001092', '2023-02-15', '2022', '04', '008', '', 'PEN', 3.8610, 24271.30, 1, '2023-02-15 22:27:18', '2023-02-15 22:27:18'),
	(93, 9, 1, '00001093', '2023-02-15', '2022', '05', '008', '', 'PEN', 3.8610, 9175.46, 1, '2023-02-15 22:28:06', '2023-02-15 22:28:06'),
	(94, 8, 1, '00001094', '2023-02-15', '2022', '05', '008', '', 'PEN', 3.8610, 808.50, 1, '2023-02-15 22:28:33', '2023-02-15 22:28:33'),
	(95, 7, 1, '00001095', '2023-02-15', '2022', '05', '008', '', 'PEN', 3.8610, 10994.36, 1, '2023-02-15 22:29:05', '2023-02-15 22:29:05'),
	(96, 6, 1, '00001096', '2023-02-15', '2022', '05', '008', '', 'PEN', 3.8610, 4500.00, 1, '2023-02-15 22:29:58', '2023-02-15 22:29:58'),
	(97, 4, 1, '00001097', '2023-02-15', '2022', '05', '008', '', 'PEN', 3.8610, 20270.25, 1, '2023-02-15 22:30:43', '2023-02-15 22:30:43'),
	(98, 3, 1, '00001098', '2023-02-15', '2022', '05', '008', '', 'PEN', 3.8610, 10670.04, 1, '2023-02-15 22:31:14', '2023-02-15 22:31:14'),
	(99, 2, 1, '00001099', '2023-02-15', '2022', '05', '008', '', 'PEN', 3.8610, 14309.00, 1, '2023-02-15 22:31:54', '2023-02-15 22:31:54'),
	(100, 1, 1, '00001100', '2023-02-15', '2022', '05', '008', '', 'PEN', 3.8610, 24605.60, 1, '2023-02-15 22:32:25', '2023-02-15 22:32:25'),
	(101, 9, 1, '00001101', '2023-02-15', '2022', '06', '008', '', 'PEN', 3.8610, 8164.02, 1, '2023-02-15 22:32:57', '2023-02-15 22:32:57'),
	(102, 8, 1, '00001102', '2023-02-15', '2022', '06', '008', '', 'PEN', 3.8610, 692.55, 1, '2023-02-15 22:33:25', '2023-02-15 22:33:25'),
	(103, 7, 1, '00001103', '2023-02-15', '2022', '06', '008', '', 'PEN', 3.8610, 8556.02, 1, '2023-02-15 22:33:59', '2023-02-15 22:33:59'),
	(104, 6, 1, '00001104', '2023-02-15', '2022', '06', '008', '', 'PEN', 3.8610, 4500.00, 1, '2023-02-15 22:34:24', '2023-02-15 22:34:24'),
	(105, 4, 1, '00001105', '2023-02-15', '2022', '06', '008', '', 'PEN', 3.8610, 20270.25, 1, '2023-02-15 22:35:20', '2023-02-15 22:35:20'),
	(106, 3, 1, '00001106', '2023-02-15', '2022', '06', '008', '', 'PEN', 3.8610, 8788.40, 1, '2023-02-15 22:35:51', '2023-02-15 22:35:51'),
	(107, 2, 1, '00001107', '2023-02-15', '2022', '06', '008', '', 'PEN', 3.8610, 15456.00, 1, '2023-02-15 22:36:26', '2023-02-15 22:36:26'),
	(108, 1, 1, '00001108', '2023-02-15', '2022', '06', '008', '', 'PEN', 3.8610, 23801.60, 1, '2023-02-15 22:36:58', '2023-02-15 22:36:58'),
	(109, 9, 1, '00001109', '2023-03-06', '2023', '02', '008', '', 'PEN', 3.7890, 9466.00, 1, '2023-03-06 15:34:48', '2023-03-10 15:24:47'),
	(110, 8, 1, '00001110', '2023-03-06', '2023', '02', '008', '', 'PEN', 3.7890, 470.77, 1, '2023-03-06 15:35:56', '2023-03-06 15:35:56'),
	(111, 7, 1, '00001111', '2023-03-06', '2023', '02', '008', '', 'PEN', 3.7890, 8761.95, 1, '2023-03-06 15:36:47', '2023-03-06 15:36:47'),
	(112, 6, 1, '00001112', '2023-03-06', '2023', '02', '008', '', 'PEN', 3.7890, 3500.00, 1, '2023-03-06 15:37:07', '2023-03-06 15:37:07'),
	(113, 4, 1, '00001113', '2023-03-06', '2023', '02', '008', '', 'PEN', 3.7890, 19892.25, 1, '2023-03-06 15:38:03', '2023-03-06 15:38:03'),
	(114, 3, 1, '00001114', '2023-03-06', '2023', '02', '008', '', 'PEN', 3.7890, 8400.00, 1, '2023-03-06 15:39:19', '2023-03-06 15:39:19'),
	(115, 2, 1, '00001115', '2023-03-06', '2023', '02', '008', '', 'PEN', 3.7890, 10926.00, 1, '2023-03-06 15:39:34', '2023-03-13 23:00:20'),
	(116, 1, 1, '00001116', '2023-03-06', '2023', '02', '008', '', 'PEN', 3.7890, 22515.20, 1, '2023-03-06 15:39:45', '2023-03-06 22:38:47'),
	(117, 9, 1, '00001117', '2023-04-20', '2023', '03', '008', '', 'PEN', 3.7810, 4666.91, 1, '2023-04-20 13:26:57', '2023-04-20 13:40:06'),
	(118, 8, 1, '00001118', '2023-04-20', '2023', '03', '008', '', 'PEN', 3.7810, 596.42, 1, '2023-04-20 13:28:01', '2023-04-20 13:28:01'),
	(119, 7, 1, '00001119', '2023-04-20', '2023', '03', '008', '', 'PEN', 3.7810, 11069.23, 1, '2023-04-20 13:28:29', '2023-04-20 13:28:29'),
	(120, 6, 1, '00001120', '2023-04-20', '2023', '03', '008', '', 'PEN', 3.7810, 3500.00, 1, '2023-04-20 13:28:56', '2023-04-20 13:28:56'),
	(121, 5, 1, '00001121', '2023-04-20', '2023', '03', '008', '', 'PEN', 3.7810, 252.00, 1, '2023-04-20 13:29:44', '2023-04-20 13:29:44'),
	(122, 4, 1, '00001122', '2023-04-20', '2023', '03', '008', '', 'PEN', 3.7810, 19850.25, 1, '2023-04-20 13:30:26', '2023-04-20 13:30:26'),
	(123, 3, 1, '00001123', '2023-04-20', '2023', '03', '008', '', 'PEN', 3.7810, 8547.97, 1, '2023-04-20 13:32:48', '2023-04-20 13:32:48'),
	(124, 2, 1, '00001124', '2023-04-20', '2023', '03', '008', '', 'PEN', 3.7810, 18754.00, 1, '2023-04-20 13:33:05', '2023-04-20 13:33:05'),
	(125, 1, 1, '00001125', '2023-04-20', '2023', '03', '008', '', 'PEN', 3.7810, 21712.00, 1, '2023-04-20 13:33:59', '2023-04-20 13:33:59'),
	(126, 9, 1, '00001126', '2023-05-04', '2023', '04', '008', '', 'PEN', 3.7090, 14559.49, 1, '2023-05-04 14:23:12', '2023-05-04 14:36:59'),
	(127, 8, 1, '00001127', '2023-05-04', '2023', '04', '008', '', 'PEN', 3.7090, 1510.71, 1, '2023-05-04 14:24:09', '2023-05-04 14:25:42'),
	(128, 7, 1, '00001128', '2023-05-04', '2023', '04', '008', '', 'PEN', 3.7090, 9202.36, 1, '2023-05-04 14:24:25', '2023-05-04 14:25:06'),
	(129, 6, 1, '00001129', '2023-05-04', '2023', '04', '008', '', 'PEN', 3.7090, 3500.00, 1, '2023-05-04 14:27:51', '2023-05-04 14:27:51'),
	(130, 5, 1, '00001130', '2023-05-04', '2023', '04', '008', '', 'PEN', 3.7090, 252.00, 1, '2023-05-04 14:28:53', '2023-05-04 14:28:53'),
	(131, 4, 1, '00001131', '2023-05-04', '2023', '04', '008', '', 'PEN', 3.7090, 19472.25, 1, '2023-05-04 14:29:54', '2023-05-04 14:38:15'),
	(132, 3, 1, '00001132', '2023-05-04', '2023', '04', '008', '', 'PEN', 3.7090, 8550.00, 1, '2023-05-04 14:30:26', '2023-05-04 14:30:26'),
	(133, 1, 1, '00001133', '2023-05-04', '2023', '04', '008', '', 'PEN', 3.7090, 22867.40, 9, '2023-05-04 14:31:03', '2023-05-04 14:34:35'),
	(134, 2, 1, '00001134', '2023-05-04', '2023', '04', '008', '', 'PEN', 3.7090, 15997.00, 1, '2023-05-04 14:34:50', '2023-05-25 16:34:02'),
	(135, 1, 1, '00001135', '2023-05-04', '2023', '04', '008', '', 'PEN', 3.7090, 22867.40, 1, '2023-05-04 14:35:05', '2023-05-04 14:35:05');

-- Volcando estructura para tabla bd_app_inventario.incomes
CREATE TABLE IF NOT EXISTS `incomes` (
  `id_income` bigint(20) unsigned NOT NULL AUTO_INCREMENT,
  `id_business` int(10) unsigned NOT NULL,
  `id_user` int(10) unsigned NOT NULL,
  `code` varchar(10) COLLATE utf8_unicode_ci NOT NULL,
  `date` date NOT NULL,
  `year` varchar(10) COLLATE utf8_unicode_ci NOT NULL,
  `month` varchar(10) COLLATE utf8_unicode_ci NOT NULL,
  `observation` varchar(500) COLLATE utf8_unicode_ci NOT NULL,
  `total_pen` decimal(10,2) NOT NULL,
  `total_usd` decimal(10,2) NOT NULL,
  `state` int(11) NOT NULL,
  `created_at` timestamp NULL DEFAULT NULL,
  `updated_at` timestamp NULL DEFAULT NULL,
  PRIMARY KEY (`id_income`),
  KEY `management_incomes_id_business_foreign` (`id_business`),
  KEY `management_incomes_id_user_foreign` (`id_user`),
  CONSTRAINT `management_incomes_id_business_foreign` FOREIGN KEY (`id_business`) REFERENCES `business` (`id_business`),
  CONSTRAINT `management_incomes_id_user_foreign` FOREIGN KEY (`id_user`) REFERENCES `users` (`id_user`)
) ENGINE=InnoDB AUTO_INCREMENT=33 DEFAULT CHARSET=utf8 COLLATE=utf8_unicode_ci;

-- Volcando datos para la tabla bd_app_inventario.incomes: ~32 rows (aproximadamente)
INSERT INTO `incomes` (`id_income`, `id_business`, `id_user`, `code`, `date`, `year`, `month`, `observation`, `total_pen`, `total_usd`, `state`, `created_at`, `updated_at`) VALUES
	(1, 1, 1, '00001001', '2022-08-25', '2022', '07', '', 99622.42, 25522.47, 1, '2022-08-25 21:51:07', '2022-08-25 21:51:07'),
	(2, 2, 1, '00001002', '2022-08-25', '2022', '07', '', 7841.47, 2008.21, 1, '2022-08-25 22:02:12', '2022-08-25 22:02:12'),
	(3, 1, 1, '00001003', '2022-09-02', '2022', '08', '', 116947.60, 30181.66, 1, '2022-09-02 17:03:54', '2022-09-02 17:03:54'),
	(4, 2, 1, '00001004', '2022-09-02', '2022', '08', '', 10580.18, 2732.38, 1, '2022-09-02 17:04:39', '2022-09-02 17:04:39'),
	(5, 1, 1, '00001005', '2022-10-04', '2022', '09', '', 108140.65, 27765.40, 1, '2022-10-04 15:56:23', '2022-10-04 15:56:23'),
	(6, 2, 1, '00001006', '2022-10-04', '2022', '09', '', 10351.96, 2657.51, 1, '2022-10-04 15:56:55', '2022-10-04 15:56:55'),
	(7, 1, 1, '00001007', '2022-11-03', '2022', '10', '', 120449.86, 30245.76, 1, '2022-11-03 13:30:39', '2022-11-03 13:30:39'),
	(8, 2, 1, '00001008', '2022-11-03', '2022', '10', '', 10132.46, 2544.19, 1, '2022-11-03 13:31:25', '2022-11-03 13:31:25'),
	(9, 1, 1, '00001009', '2022-12-09', '2022', '11', '', 105427.54, 27141.30, 1, '2022-12-09 22:43:05', '2022-12-09 22:43:05'),
	(10, 2, 1, '00001010', '2022-12-09', '2022', '11', '', 10677.05, 2743.73, 1, '2022-12-09 22:43:42', '2022-12-09 22:43:42'),
	(11, 2, 1, '00001011', '2023-01-03', '2022', '12', '', 11066.62, 2885.13, 1, '2023-01-03 16:51:49', '2023-01-03 16:51:49'),
	(12, 1, 1, '00001012', '2023-01-03', '2022', '12', '', 172064.94, 44848.83, 1, '2023-01-03 16:53:31', '2023-01-03 16:53:31'),
	(13, 1, 1, '00001013', '2023-02-06', '2023', '01', '', 83535.73, 21787.28, 1, '2023-02-06 15:49:55', '2023-02-06 15:49:55'),
	(14, 2, 1, '00001014', '2023-02-06', '2023', '01', '', 6282.74, 1641.48, 1, '2023-02-06 15:50:30', '2023-02-06 15:50:30'),
	(15, 1, 1, '00001015', '2023-02-14', '2022', '06', '', 96749.63, 25830.70, 1, '2023-02-14 16:50:57', '2023-02-14 16:50:57'),
	(16, 2, 1, '00001016', '2023-02-14', '2022', '06', '', 9547.26, 2548.27, 1, '2023-02-14 16:54:58', '2023-02-14 16:54:58'),
	(17, 1, 1, '00001017', '2023-02-14', '2022', '05', '', 104012.60, 27643.07, 1, '2023-02-14 17:02:46', '2023-02-14 17:02:46'),
	(18, 2, 1, '00001018', '2023-02-14', '2022', '05', '', 9758.32, 2593.65, 1, '2023-02-14 17:04:52', '2023-02-14 17:04:52'),
	(19, 1, 1, '00001019', '2023-02-14', '2022', '04', '', 95581.32, 25549.54, 1, '2023-02-14 17:05:58', '2023-02-14 17:05:58'),
	(20, 2, 1, '00001020', '2023-02-14', '2022', '04', '', 10213.40, 2730.81, 1, '2023-02-14 17:06:43', '2023-02-14 17:06:43'),
	(21, 1, 1, '00001021', '2023-02-14', '2022', '03', '', 96307.68, 25737.98, 1, '2023-02-14 17:08:43', '2023-02-14 17:08:43'),
	(22, 2, 1, '00001022', '2023-02-14', '2022', '03', '', 9096.29, 2430.82, 1, '2023-02-14 17:09:26', '2023-02-14 17:09:26'),
	(23, 1, 1, '00001023', '2023-02-14', '2022', '02', '', 91612.92, 24173.20, 1, '2023-02-14 17:10:16', '2023-02-14 17:10:16'),
	(24, 2, 1, '00001024', '2023-02-14', '2022', '02', '', 8320.26, 2197.21, 1, '2023-02-14 17:10:57', '2023-02-14 17:10:57'),
	(25, 1, 1, '00001025', '2023-02-14', '2022', '01', '', 75452.86, 19316.13, 1, '2023-02-14 17:11:54', '2023-02-14 17:11:54'),
	(26, 2, 1, '00001026', '2023-02-14', '2022', '01', '', 6018.20, 1544.22, 1, '2023-02-14 17:12:24', '2023-02-14 17:12:24'),
	(27, 2, 1, '00001027', '2023-03-06', '2023', '02', '', 6984.66, 1816.29, 1, '2023-03-06 22:37:05', '2023-03-06 22:37:05'),
	(28, 1, 1, '00001028', '2023-03-06', '2023', '02', '', 91941.28, 23925.67, 1, '2023-03-06 22:37:58', '2023-03-06 22:37:58'),
	(29, 1, 1, '00001029', '2023-04-20', '2023', '03', '', 118982.08, 31444.45, 1, '2023-04-20 13:41:32', '2023-04-20 13:41:32'),
	(30, 2, 1, '00001030', '2023-04-20', '2023', '03', '', 10410.35, 2749.96, 1, '2023-04-20 15:44:54', '2023-04-20 15:44:54'),
	(31, 2, 1, '00001031', '2023-05-04', '2023', '04', '', 8888.38, 2357.87, 1, '2023-05-04 14:20:23', '2023-05-04 14:20:23'),
	(32, 1, 1, '00001032', '2023-05-04', '2023', '04', '', 134766.77, 35764.94, 1, '2023-05-04 14:21:49', '2023-05-04 14:21:49');

-- Volcando estructura para tabla bd_app_inventario.management_expenses
CREATE TABLE IF NOT EXISTS `management_expenses` (
  `id_expense` bigint(20) unsigned NOT NULL AUTO_INCREMENT,
  `id_user` int(10) unsigned NOT NULL,
  `description` varchar(500) COLLATE utf8_unicode_ci NOT NULL DEFAULT '0',
  `code` varchar(10) COLLATE utf8_unicode_ci NOT NULL,
  `date` date NOT NULL,
  `year` varchar(10) COLLATE utf8_unicode_ci NOT NULL,
  `month` varchar(10) COLLATE utf8_unicode_ci NOT NULL,
  `payment_method` varchar(10) COLLATE utf8_unicode_ci NOT NULL,
  `observation` varchar(500) COLLATE utf8_unicode_ci NOT NULL,
  `coin` varchar(10) COLLATE utf8_unicode_ci NOT NULL,
  `exchange_rate` decimal(10,4) NOT NULL,
  `total` decimal(10,2) NOT NULL,
  `state` int(11) NOT NULL,
  `created_at` timestamp NULL DEFAULT NULL,
  `updated_at` timestamp NULL DEFAULT NULL,
  PRIMARY KEY (`id_expense`) USING BTREE,
  KEY `management_monthly_expenses_id_user_foreign` (`id_user`),
  CONSTRAINT `management_monthly_expenses_id_user_foreign` FOREIGN KEY (`id_user`) REFERENCES `users` (`id_user`)
) ENGINE=InnoDB AUTO_INCREMENT=829 DEFAULT CHARSET=utf8 COLLATE=utf8_unicode_ci;

-- Volcando datos para la tabla bd_app_inventario.management_expenses: ~775 rows (aproximadamente)
INSERT INTO `management_expenses` (`id_expense`, `id_user`, `description`, `code`, `date`, `year`, `month`, `payment_method`, `observation`, `coin`, `exchange_rate`, `total`, `state`, `created_at`, `updated_at`) VALUES
	(1, 1, 'PAGO DE TRIBUTOS DEL MES DE JUNIO 06-07-2022', '00001001', '2022-08-24', '2022', '07', '008', '', 'PEN', 3.8880, 8306.00, 1, '2022-08-24 23:24:25', '2022-08-24 23:24:25'),
	(2, 1, 'PAGO DE TRIBUTOS DEL MES DE JUNIO 06-07-2022', '00001002', '2022-08-24', '2022', '07', '008', '', 'PEN', 3.8880, 977.00, 1, '2022-08-24 23:24:51', '2022-08-24 23:24:51'),
	(3, 1, 'PAGO DE TRIBUTOS DEL MES DE JUNIO 06-07-2022', '00001003', '2022-08-24', '2022', '07', '008', '', 'PEN', 3.8880, 355.00, 1, '2022-08-24 23:25:11', '2022-08-24 23:25:11'),
	(4, 1, 'PAGO DE TRIBUTOS DEL MES DE JUNIO 06-07-2022', '00001004', '2022-08-24', '2022', '07', '008', '', 'PEN', 3.8880, 1560.00, 1, '2022-08-24 23:25:29', '2022-08-24 23:25:29'),
	(5, 1, 'PAGO DE TRIBUTOS DEL MES DE JUNIO 06-07-2022', '00001005', '2022-08-24', '2022', '07', '008', '', 'PEN', 3.8880, 713.00, 1, '2022-08-24 23:25:44', '2022-08-24 23:25:58'),
	(6, 1, 'PAGO DE TRIBUTOS DEL MES DE JUNIO 06-07-2022', '00001006', '2022-08-24', '2022', '07', '008', '', 'PEN', 3.8880, 325.00, 1, '2022-08-24 23:26:26', '2022-08-24 23:26:26'),
	(7, 1, 'PAGO DE TRIBUTOS DEL MES DE JUNIO 06-07-2022', '00001007', '2022-08-24', '2022', '07', '008', '', 'PEN', 3.8880, 148.00, 1, '2022-08-24 23:26:44', '2022-08-24 23:26:44'),
	(8, 1, 'PAGO DE TRIBUTOS DEL MES DE JUNIO 06-07-2022', '00001008', '2022-08-24', '2022', '07', '008', '', 'PEN', 3.8880, 512.00, 1, '2022-08-24 23:27:03', '2022-08-24 23:27:03'),
	(9, 1, 'PAGO DE TRIBUTOS DEL MES DE JUNIO 06-07-2022', '00001009', '2022-08-24', '2022', '07', '008', '', 'PEN', 3.8880, 512.00, 1, '2022-08-24 23:27:23', '2022-08-24 23:27:23'),
	(10, 1, 'PAGO DE TRIBUTOS DEL MES DE JUNIO 06-07-2022', '00001010', '2022-08-24', '2022', '07', '008', '', 'PEN', 3.8880, 512.00, 1, '2022-08-24 23:27:42', '2022-08-24 23:27:42'),
	(11, 1, 'PAGO DE TRIBUTOS DEL MES DE JUNIO 06-07-2022', '00001011', '2022-08-24', '2022', '07', '008', '', 'PEN', 3.8880, 512.00, 1, '2022-08-24 23:28:00', '2022-08-24 23:28:00'),
	(12, 1, 'PAGO DE TRIBUTOS DEL MES DE JUNIO 06-07-2022', '00001012', '2022-08-24', '2022', '07', '008', '', 'PEN', 3.8880, 512.00, 1, '2022-08-24 23:28:20', '2022-08-24 23:28:20'),
	(13, 1, 'PAGO DE TRIBUTOS DEL MES DE JUNIO 06-07-2022', '00001013', '2022-08-24', '2022', '07', '008', '', 'PEN', 3.8880, 512.00, 1, '2022-08-24 23:28:38', '2022-08-24 23:28:38'),
	(14, 1, 'PAGO DE AFP DEL MES DE JUNIO 06-07-2022', '00001014', '2022-08-24', '2022', '07', '008', '', 'PEN', 3.8880, 807.60, 1, '2022-08-24 23:28:56', '2022-08-24 23:28:56'),
	(15, 1, 'PAGO DE AFP DEL MES DE JUNIO 06-07-2022', '00001015', '2022-08-24', '2022', '07', '008', '', 'PEN', 3.8880, 172.70, 1, '2022-08-24 23:29:20', '2022-08-24 23:29:20'),
	(16, 1, 'PAGO DE AFP DEL MES DE JUNIO 06-07-2022', '00001016', '2022-08-24', '2022', '07', '008', '', 'PEN', 3.8880, 219.85, 1, '2022-08-24 23:29:38', '2022-08-24 23:29:38'),
	(17, 1, 'PAGO DE GRATIFICACIONES 15-07-2022 (JUAN JOSÉ)', '00001017', '2022-08-24', '2022', '07', '008', '', 'PEN', 3.8880, 5965.93, 1, '2022-08-24 23:30:00', '2022-08-24 23:30:00'),
	(18, 1, 'PAGO DE GRATIFICACIONES 15-07-2022 (GIOVANNA)', '00001018', '2022-08-24', '2022', '07', '008', '', 'PEN', 3.8880, 1608.61, 1, '2022-08-24 23:30:23', '2022-08-24 23:30:23'),
	(19, 1, 'PAGO DE GRATIFICACIONES 15-07-2022 (MOISES)', '00001019', '2022-08-24', '2022', '07', '008', '', 'PEN', 3.8880, 1162.16, 1, '2022-08-24 23:30:42', '2022-08-24 23:30:42'),
	(20, 1, 'PAGO DE GRATIFICACIONES 15-07-2022 (YANELA)', '00001020', '2022-08-24', '2022', '07', '008', '', 'PEN', 3.8880, 1283.51, 1, '2022-08-24 23:31:01', '2022-08-24 23:31:01'),
	(21, 1, 'PAGO DE GRATIFICACIONES 15-07-2022 (CRISTIAN)', '00001021', '2022-08-24', '2022', '07', '008', '', 'PEN', 3.8880, 1199.00, 1, '2022-08-24 23:31:22', '2022-08-24 23:31:22'),
	(22, 1, 'PAGO DE GRATIFICACIONES 15-07-2022 (LISSEHT)', '00001022', '2022-08-24', '2022', '07', '008', '', 'PEN', 3.8880, 218.46, 1, '2022-08-24 23:31:51', '2022-08-24 23:31:51'),
	(23, 1, 'PAGO DE GRATIFICACIONES 15-07-2022 (MARK)', '00001023', '2022-08-24', '2022', '07', '008', '', 'PEN', 3.8880, 1164.48, 1, '2022-08-24 23:32:10', '2022-08-24 23:32:10'),
	(24, 1, 'PAGO DE GRATIFICACIONES 15-07-2022 (MARIA)', '00001024', '2022-08-24', '2022', '07', '008', '', 'PEN', 3.8880, 873.82, 1, '2022-08-24 23:32:28', '2022-08-24 23:32:28'),
	(25, 1, 'PAGO DE GRATIFICACIONES 15-07-2022 (YENY)', '00001025', '2022-08-24', '2022', '07', '008', '', 'PEN', 3.8880, 799.33, 1, '2022-08-24 23:32:52', '2022-08-24 23:32:52'),
	(26, 1, 'COMPRA DE LICORES ', '00001026', '2022-08-24', '2022', '07', '008', 'En usd (30,560.00)', 'PEN', 3.8880, 119795.20, 1, '2022-08-24 23:33:51', '2022-08-24 23:33:51'),
	(27, 1, 'COMPRA DE LICORES ', '00001027', '2022-08-24', '2022', '07', '008', 'En usd (3,600.00)', 'PEN', 3.8880, 14112.00, 1, '2022-08-24 23:34:32', '2022-08-24 23:34:32'),
	(28, 1, 'PAGO DE ARANCEL (MUELLE 7)', '00001028', '2022-08-24', '2022', '07', '008', '', 'PEN', 3.8880, 22061.20, 1, '2022-08-24 23:35:00', '2022-08-24 23:35:00'),
	(29, 1, 'PAGO DE INGRESO ', '00001029', '2022-08-24', '2022', '07', '008', '', 'PEN', 3.8880, 589.60, 1, '2022-08-24 23:35:21', '2022-08-24 23:35:21'),
	(30, 1, 'PAGO DE STICKER PARA MERCADERIA', '00001030', '2022-08-24', '2022', '07', '008', '', 'PEN', 3.8880, 37.88, 1, '2022-08-24 23:35:44', '2022-08-24 23:35:44'),
	(31, 1, 'PAGO DE BALANZA ', '00001031', '2022-08-24', '2022', '07', '008', '', 'PEN', 3.8880, 23.80, 1, '2022-08-24 23:36:04', '2022-08-24 23:36:04'),
	(32, 1, 'FLETE DE SALIDA DE MERCADERIA', '00001032', '2022-08-24', '2022', '07', '008', '', 'PEN', 3.8880, 250.00, 1, '2022-08-24 23:36:24', '2022-08-24 23:36:24'),
	(33, 1, 'PAGO POR TRAMITACION DE INGRESO Y SALIDA', '00001033', '2022-08-24', '2022', '07', '008', '', 'PEN', 3.8880, 1547.00, 1, '2022-08-24 23:36:44', '2022-08-24 23:36:44'),
	(34, 1, 'ALMACENAJE DE MERCADERIA', '00001034', '2022-08-24', '2022', '07', '008', '', 'PEN', 3.8880, 1705.20, 1, '2022-08-24 23:37:03', '2022-08-24 23:37:03'),
	(35, 1, 'PAGO DE CONNSUMO ELECTRICO - AEROPUERTOS ANDINOS DEL PERU S.A.', '00001035', '2022-08-25', '2022', '08', '008', '', 'PEN', 3.8880, 2769.65, 1, '2022-08-25 14:27:35', '2022-08-25 14:27:35'),
	(36, 1, 'COMPRA DE PRODUCTOS - VITIVINICOLA VINOS DON MIGUEL EIRL TDA', '00001036', '2022-08-25', '2022', '08', '008', '', 'PEN', 3.8880, 1760.40, 1, '2022-08-25 14:28:51', '2022-08-25 14:28:51'),
	(37, 1, 'PEDIDO DAVID CHAMBILLA ', '00001037', '2022-08-25', '2022', '08', '008', '', 'PEN', 3.8880, 530.00, 1, '2022-08-25 14:34:32', '2022-08-25 14:34:32'),
	(38, 1, 'RESTANTE DE REMUNERACIÓN JULIO (JUAN JOSÉ)', '00001038', '2022-08-25', '2022', '08', '008', '', 'PEN', 3.8880, 4413.40, 1, '2022-08-25 14:35:31', '2022-08-25 14:37:23'),
	(39, 1, 'RESTANTE DE REMUNERACIÓN JULIO (GIOVANNA)', '00001039', '2022-08-25', '2022', '08', '008', '', 'PEN', 3.8880, 1182.50, 1, '2022-08-25 14:36:00', '2022-08-25 14:37:38'),
	(40, 1, 'RESTANTE DE REMUNERACIÓN JULIO (MOISES)', '00001040', '2022-08-25', '2022', '08', '008', '', 'PEN', 3.8880, 939.30, 1, '2022-08-25 14:36:45', '2022-08-25 14:37:51'),
	(41, 1, 'RESTANTE DE REMUNERACIÓN JULIO (YANELA)', '00001041', '2022-08-25', '2022', '08', '008', '', 'PEN', 3.8880, 709.50, 1, '2022-08-25 14:51:29', '2022-08-25 14:51:29'),
	(42, 1, 'RESTANTE DE REMUNERACIÓN JULIO (CRISTIAN)', '00001042', '2022-08-25', '2022', '08', '008', '', 'PEN', 3.8880, 639.70, 1, '2022-08-25 14:52:04', '2022-08-25 14:52:04'),
	(43, 1, 'RESTANTE DE REMUNERACIÓN JULIO (LISSETH)', '00001043', '2022-08-25', '2022', '08', '008', '', 'PEN', 3.8880, 674.90, 1, '2022-08-25 14:52:38', '2022-08-25 14:52:38'),
	(44, 1, 'RESTANTE DE REMUNERACIÓN JULIO (MARK)', '00001044', '2022-08-25', '2022', '08', '008', '', 'PEN', 3.8880, 906.70, 1, '2022-08-25 14:53:09', '2022-08-25 14:53:09'),
	(45, 1, 'RESTANTE DE REMUNERACIÓN JULIO (MARIA)', '00001045', '2022-08-25', '2022', '08', '008', '', 'PEN', 3.8880, 725.40, 1, '2022-08-25 14:53:35', '2022-08-25 14:53:35'),
	(46, 1, 'RESTANTE DE REMUNERACIÓN JULIO (YENY)', '00001046', '2022-08-25', '2022', '08', '008', '', 'PEN', 3.8880, 610.30, 1, '2022-08-25 14:53:59', '2022-08-25 14:53:59'),
	(47, 1, 'RESTANTE DE REMUNERACIÓN JULIO (JHON)', '00001047', '2022-08-25', '2022', '08', '008', '', 'PEN', 3.8880, 631.80, 1, '2022-08-25 14:54:30', '2022-08-25 14:54:30'),
	(48, 1, 'TRAMITE, COPIAS, FLETE DE PEDIDO DE SIMPLIFICADO DE PERFUMES', '00001048', '2022-08-25', '2022', '08', '008', '', 'PEN', 3.8880, 12.00, 1, '2022-08-25 14:58:28', '2022-08-25 14:58:28'),
	(49, 1, 'PAGO DE ARANCEL DE PERFUMES (1)', '00001049', '2022-08-25', '2022', '08', '008', '', 'PEN', 3.8880, 481.90, 1, '2022-08-25 14:59:07', '2022-08-25 14:59:07'),
	(50, 1, 'PAGO POR USO DE ALMACEN DE BUENAS PRACTICAS DE COSMETICOS', '00001050', '2022-08-25', '2022', '08', '008', '', 'PEN', 3.8880, 51.90, 1, '2022-08-25 15:05:41', '2022-08-25 15:05:41'),
	(51, 1, 'TRAMITE, COPIAS, FLETE DE SIMPLIFICADO DE LENTES', '00001051', '2022-08-25', '2022', '08', '008', '', 'PEN', 3.8880, 12.00, 1, '2022-08-25 15:06:44', '2022-08-25 15:06:44'),
	(52, 1, 'PAGO DE ARANCEL DE SIMPLIFICADO DE LENTES', '00001052', '2022-08-25', '2022', '08', '008', '', 'PEN', 3.8880, 334.17, 1, '2022-08-25 15:07:21', '2022-08-25 15:07:21'),
	(53, 1, 'COMPRA DE MASCARILLAS PARA VENTA EN AEROPUERTO', '00001053', '2022-08-25', '2022', '08', '008', '', 'PEN', 3.8880, 54.00, 1, '2022-08-25 15:10:07', '2022-08-25 15:10:07'),
	(54, 1, 'COMPRA DE CHOCOLATES', '00001054', '2022-08-25', '2022', '08', '008', '', 'PEN', 3.8880, 9344.00, 1, '2022-08-25 15:10:33', '2022-08-25 15:10:33'),
	(55, 1, 'SUELDO DE LA SRA. HAYDE (IQUIQUE) AUTORIZO EL SR. SHANI', '00001055', '2022-08-25', '2022', '08', '008', '', 'PEN', 3.8880, 2350.00, 1, '2022-08-25 15:12:06', '2022-08-25 15:12:06'),
	(56, 1, 'COMPRA DE PRODUCTOS - AGROINDUSTRIAS OLIVEPACK S.A.C.', '00001056', '2022-08-25', '2022', '08', '008', '', 'PEN', 3.8880, 1904.52, 1, '2022-08-25 15:12:57', '2022-08-25 15:12:57'),
	(57, 1, 'PEDIDO DE PERFUMES - LUIS ASCUÑA', '00001057', '2022-08-25', '2022', '08', '008', '', 'PEN', 3.8880, 300.00, 1, '2022-08-25 15:13:23', '2022-08-25 15:13:23'),
	(58, 1, 'PAGO DE TRIBUTOS - SUNAT JUNIO', '00001058', '2022-08-25', '2022', '08', '008', '', 'PEN', 3.8880, 70.00, 1, '2022-08-25 15:16:41', '2022-08-25 15:16:41'),
	(59, 1, 'PAGO DE TRIBUTOS - SUNAT JUNIO', '00001059', '2022-08-25', '2022', '08', '008', '', 'PEN', 3.8880, 1.00, 1, '2022-08-25 15:17:23', '2022-08-25 15:17:23'),
	(60, 1, 'PAGO DE TRIBUTOS - SUNAT JUNIO', '00001060', '2022-08-25', '2022', '08', '008', '', 'PEN', 3.8880, 8.00, 1, '2022-08-25 15:17:39', '2022-08-25 15:17:39'),
	(61, 1, 'PAGO DE TRIBUTOS - SUNAT JUNIO', '00001061', '2022-08-25', '2022', '08', '008', '', 'PEN', 3.8880, 8691.00, 1, '2022-08-25 15:17:57', '2022-08-25 15:17:57'),
	(62, 1, 'PAGO DE TRIBUTOS - SUNAT JUNIO', '00001062', '2022-08-25', '2022', '08', '008', '', 'PEN', 3.8880, 1088.00, 1, '2022-08-25 15:18:16', '2022-08-25 15:18:16'),
	(63, 1, 'PAGO DE TRIBUTOS - SUNAT JUNIO', '00001063', '2022-08-25', '2022', '08', '008', '', 'PEN', 3.8880, 356.00, 1, '2022-08-25 15:18:33', '2022-08-25 15:18:33'),
	(64, 1, 'PAGO DE TRIBUTOS - SUNAT JUNIO', '00001064', '2022-08-25', '2022', '08', '008', '', 'PEN', 3.8880, 1560.00, 1, '2022-08-25 15:18:53', '2022-08-25 15:18:53'),
	(65, 1, 'PAGO DE TRIBUTOS - SUNAT JUNIO', '00001065', '2022-08-25', '2022', '08', '008', '', 'PEN', 3.8880, 1149.00, 1, '2022-08-25 15:19:16', '2022-08-25 15:19:16'),
	(66, 1, 'PAGO DE TRIBUTOS - SUNAT JUNIO', '00001066', '2022-08-25', '2022', '08', '008', '', 'PEN', 3.8880, 268.00, 1, '2022-08-25 15:19:35', '2022-08-25 15:19:35'),
	(67, 1, 'PAGO DE TRIBUTOS - SUNAT JUNIO', '00001067', '2022-08-25', '2022', '08', '008', '', 'PEN', 3.8880, 123.00, 1, '2022-08-25 15:19:51', '2022-08-25 15:19:51'),
	(68, 1, 'PAGO DE AFP PRIMA', '00001068', '2022-08-25', '2022', '08', '008', '', 'PEN', 3.8880, 182.15, 1, '2022-08-25 15:20:21', '2022-08-25 15:20:21'),
	(69, 1, 'PAGO AFP HABITAT', '00001069', '2022-08-25', '2022', '08', '008', '', 'PEN', 3.8880, 163.40, 1, '2022-08-25 15:20:55', '2022-08-25 15:20:55'),
	(70, 1, 'PAGO AFP INTEGRA', '00001070', '2022-08-25', '2022', '08', '008', '', 'PEN', 3.8880, 962.25, 1, '2022-08-25 15:21:32', '2022-08-25 15:21:32'),
	(71, 1, 'ADELANTO DE REMUNERACIÓN DE AGOSTO (JUAN JOSÉ)', '00001071', '2022-08-26', '2022', '08', '008', '', 'PEN', 3.8610, 4000.00, 1, '2022-08-26 21:02:54', '2022-08-26 21:02:54'),
	(72, 1, 'ADELANTO DE REMUNERACIÓN DE AGOSTO (GIOVANNA)', '00001072', '2022-08-26', '2022', '08', '008', '', 'PEN', 3.8610, 1500.00, 1, '2022-08-26 21:03:19', '2022-08-26 21:03:19'),
	(73, 1, 'ADELANTO DE REMUNERACIÓN DE AGOSTO (MOISES)', '00001073', '2022-08-26', '2022', '08', '008', '', 'PEN', 3.8610, 1000.00, 1, '2022-08-26 21:03:39', '2022-08-26 21:03:39'),
	(74, 1, 'ADELANTO DE REMUNERACIÓN DE AGOSTO (YANELA)', '00001074', '2022-08-26', '2022', '08', '008', '', 'PEN', 3.8610, 1000.00, 1, '2022-08-26 21:03:59', '2022-08-26 21:03:59'),
	(75, 1, 'ADELANTO DE REMUNERACIÓN DE AGOSTO (CRISTIAN)', '00001075', '2022-08-26', '2022', '08', '008', '', 'PEN', 3.8610, 1000.00, 1, '2022-08-26 21:04:20', '2022-08-26 21:04:20'),
	(76, 1, 'ADELANTO DE REMUNERACIÓN DE AGOSTO (LISETH)', '00001076', '2022-08-26', '2022', '08', '008', '', 'PEN', 3.8610, 1000.00, 1, '2022-08-26 21:04:45', '2022-08-26 21:04:45'),
	(77, 1, 'ADELANTO DE REMUNERACIÓN DE AGOSTO (MARK)', '00001077', '2022-08-26', '2022', '08', '008', '', 'PEN', 3.8610, 1100.00, 1, '2022-08-26 21:05:04', '2022-08-26 21:05:04'),
	(78, 1, 'ADELANTO DE REMUNERACIÓN DE AGOSTO (JHON)', '00001078', '2022-08-26', '2022', '08', '008', '', 'PEN', 3.8610, 1000.00, 1, '2022-08-26 21:05:24', '2022-08-26 21:05:24'),
	(79, 1, 'ADELANTO DE REMUNERACIÓN DE AGOSTO (MARIA)', '00001079', '2022-08-26', '2022', '08', '008', '', 'PEN', 3.8610, 1000.00, 1, '2022-08-26 21:05:41', '2022-08-26 21:05:41'),
	(80, 1, 'ADELANTO DE REMUNERACIÓN DE AGOSTO (YENY)', '00001080', '2022-08-26', '2022', '08', '008', '', 'PEN', 3.8610, 1000.00, 1, '2022-08-26 21:05:56', '2022-08-26 21:05:56'),
	(81, 1, 'HONORARIOS DON ANGEL (CONTADOR)', '00001081', '2022-08-26', '2022', '08', '008', '', 'PEN', 3.8610, 4500.00, 1, '2022-08-26 21:23:46', '2022-08-26 21:23:46'),
	(82, 1, 'PAGO POR INSTALACIÓN Y EQUIPOS DE VIGILANCIA (PROSEGUR)', '00001082', '2022-08-26', '2022', '08', '008', '', 'PEN', 3.8610, 1402.89, 1, '2022-08-26 21:24:37', '2022-08-26 21:24:37'),
	(83, 1, 'TRAMITE, COPIAS, FLETE DE PEDIDO DE SIMPLIFICADO DE PERFUMES', '00001083', '2022-08-26', '2022', '08', '008', '', 'PEN', 3.8610, 12.00, 1, '2022-08-26 21:36:20', '2022-08-26 21:36:20'),
	(84, 1, 'PAGO DE ARANCEL DE PERFUMES (2)', '00001084', '2022-08-26', '2022', '08', '008', '', 'PEN', 3.8610, 465.70, 1, '2022-08-26 21:37:22', '2022-08-26 21:37:22'),
	(85, 1, 'PAGO POR USO DE ALMACEN DE BUENAS PRACTICAS DE COSMETICOS', '00001085', '2022-08-26', '2022', '08', '008', '', 'PEN', 3.8610, 27.10, 1, '2022-08-26 21:37:54', '2022-08-26 21:37:54'),
	(86, 1, 'TRAMITE, COPIAS, FLETE DE PEDIDO DE SIMPLIFICADO DE PERFUMES', '00001086', '2022-08-26', '2022', '08', '008', '', 'PEN', 3.8610, 12.00, 1, '2022-08-26 21:38:29', '2022-08-26 21:38:29'),
	(87, 1, 'PAGO DE ARANCEL DE PERFUMES (3)', '00001087', '2022-08-26', '2022', '08', '008', '', 'PEN', 3.8610, 465.70, 1, '2022-08-26 21:38:53', '2022-08-26 21:38:53'),
	(88, 1, 'PAGO POR USO DE ALMACEN DE BUENAS PRACTICAS DE COSMETICOS', '00001088', '2022-08-26', '2022', '08', '008', '', 'PEN', 3.8610, 24.10, 1, '2022-08-26 21:39:16', '2022-08-26 21:39:16'),
	(89, 1, 'PEDIDO DAVID CHAMBILLA', '00001089', '2022-08-30', '2022', '08', '008', '', 'PEN', 3.8380, 550.00, 1, '2022-08-30 14:56:12', '2022-08-30 14:56:12'),
	(90, 1, 'PEDIDO LUIS ASCUÑA (PERFUMES)', '00001090', '2022-08-30', '2022', '08', '008', '', 'PEN', 3.8380, 600.00, 1, '2022-08-30 15:03:52', '2022-08-30 15:03:52'),
	(91, 1, 'PEDIDO LUIS ASCUÑA (PERFUMES)', '00001091', '2022-09-09', '2022', '09', '008', '', 'PEN', 3.8810, 650.00, 1, '2022-09-09 22:52:28', '2022-09-09 22:52:28'),
	(92, 1, 'RESTANTE DE REMUNERACIÓN DEL MES DE AGOSTO (JUAN JOSÉ)', '00001092', '2022-09-09', '2022', '09', '008', '', 'PEN', 3.8810, 4579.50, 1, '2022-09-09 22:53:23', '2022-09-09 22:53:23'),
	(93, 1, 'RESTANTE DE REMUNERACIÓN DEL MES DE AGOSTO (GIOVANNA)', '00001093', '2022-09-09', '2022', '09', '008', '', 'PEN', 3.8810, 1243.90, 1, '2022-09-09 22:53:56', '2022-09-09 22:53:56'),
	(94, 1, 'RESTANTE DE REMUNERACIÓN DEL MES DE AGOSTO (MOISES)', '00001094', '2022-09-09', '2022', '09', '008', '', 'PEN', 3.8810, 651.90, 1, '2022-09-09 22:54:29', '2022-09-09 22:54:29'),
	(95, 1, 'RESTANTE DE REMUNERACIÓN DEL MES DE AGOSTO (YANELA', '00001095', '2022-09-09', '2022', '09', '008', '', 'PEN', 3.8810, 761.60, 1, '2022-09-09 22:54:57', '2022-09-09 22:54:57'),
	(96, 1, 'RESTANTE DE REMUNERACIÓN DEL MES DE AGOSTO (CRISTIAN)', '00001096', '2022-09-09', '2022', '09', '008', '', 'PEN', 3.8810, 766.70, 1, '2022-09-09 22:55:25', '2022-09-09 22:55:25'),
	(97, 1, 'RESTANTE DE REMUNERACIÓN DEL MES DE AGOSTO (LISSETH)', '00001097', '2022-09-09', '2022', '09', '008', '', 'PEN', 3.8810, 816.50, 1, '2022-09-09 22:56:00', '2022-09-09 22:56:00'),
	(98, 1, 'RESTANTE DE REMUNERACIÓN DEL MES DE AGOSTO (MARK)', '00001098', '2022-09-09', '2022', '09', '008', '', 'PEN', 3.8810, 1285.00, 1, '2022-09-09 22:56:30', '2022-09-09 22:56:30'),
	(99, 1, 'RESTANTE DE REMUNERACIÓN DEL MES DE AGOSTO (MARIA)', '00001099', '2022-09-09', '2022', '09', '008', '', 'PEN', 3.8810, 826.70, 1, '2022-09-09 22:57:03', '2022-09-09 22:57:03'),
	(100, 1, 'RESTANTE DE REMUNERACIÓN DEL MES DE AGOSTO (YENY)', '00001100', '2022-09-09', '2022', '09', '008', '', 'PEN', 3.8810, 541.00, 1, '2022-09-09 22:57:27', '2022-09-09 22:57:27'),
	(101, 1, 'RESTANTE DE REMUNERACIÓN DEL MES DE AGOSTO (JHON)', '00001101', '2022-09-09', '2022', '09', '008', '', 'PEN', 3.8810, 656.70, 1, '2022-09-09 22:58:31', '2022-09-09 22:58:31'),
	(102, 1, 'COMPRA DE PRODUCTOS (PISCOS, MACERADOS)', '00001102', '2022-09-09', '2022', '09', '008', '', 'PEN', 3.8810, 3066.42, 1, '2022-09-09 22:59:07', '2022-09-09 22:59:07'),
	(103, 1, 'COMPRA DE PRODUCTOS (ACEITES, ACEITUNAS)', '00001103', '2022-09-09', '2022', '09', '008', '', 'PEN', 3.8810, 2771.11, 1, '2022-09-09 23:00:17', '2022-09-09 23:00:17'),
	(104, 1, 'PAGO DE ARANCEL DE PERFUMES POR SIMPLIFICADO', '00001104', '2022-09-09', '2022', '09', '008', '', 'PEN', 3.8810, 431.85, 1, '2022-09-09 23:00:55', '2022-09-09 23:00:55'),
	(105, 1, 'COPIAS PARA TRAMITES Y FLETE (PERFUMES)', '00001105', '2022-09-09', '2022', '09', '008', '', 'PEN', 3.8810, 12.00, 1, '2022-09-09 23:01:23', '2022-09-09 23:01:23'),
	(106, 1, 'PAGO DE ALMACEN ESPECIALIZADO', '00001106', '2022-09-09', '2022', '09', '008', '', 'PEN', 3.8810, 20.42, 1, '2022-09-09 23:02:01', '2022-09-09 23:02:01'),
	(107, 1, 'PAGO DE ARANCEL DE PERFUMES POR SIMPLIFICADO', '00001107', '2022-09-09', '2022', '09', '008', '', 'PEN', 3.8810, 454.00, 1, '2022-09-09 23:02:30', '2022-09-09 23:02:30'),
	(108, 1, 'COPIAS PARA TRAMITES Y FLETE (PERFUMES)', '00001108', '2022-09-09', '2022', '09', '008', '', 'PEN', 3.8810, 12.00, 1, '2022-09-09 23:02:45', '2022-09-09 23:02:45'),
	(109, 1, 'PAGO DE ALMACEN ESPECIALIZADO', '00001109', '2022-09-09', '2022', '09', '008', '', 'PEN', 3.8810, 27.10, 1, '2022-09-09 23:03:15', '2022-09-09 23:03:15'),
	(110, 1, 'PAGO DE AFP PRIMA', '00001110', '2022-09-09', '2022', '09', '008', '', 'PEN', 3.8810, 219.85, 1, '2022-09-09 23:04:10', '2022-09-09 23:04:10'),
	(111, 1, 'PAGO DE AFP INTEGRA', '00001111', '2022-09-09', '2022', '09', '008', '', 'PEN', 3.8810, 1050.15, 1, '2022-09-09 23:04:40', '2022-09-09 23:04:40'),
	(112, 1, 'PAGO AFP HABITAT', '00001112', '2022-09-09', '2022', '09', '008', '', 'PEN', 3.8810, 172.70, 1, '2022-09-09 23:05:10', '2022-09-09 23:05:10'),
	(113, 1, 'APERTURA DE CUENTA INVERSIONES JAI MATADI S.A.C.', '00001113', '2022-09-09', '2022', '09', '008', '', 'PEN', 3.8810, 500.00, 1, '2022-09-09 23:06:19', '2022-09-09 23:06:19'),
	(114, 1, 'APERTURA DE CUENTA MORYA SERVICIOS E IMPORTACIONES S.A.C.', '00001114', '2022-09-09', '2022', '09', '008', '', 'PEN', 3.8810, 500.00, 1, '2022-09-09 23:06:57', '2022-09-09 23:06:57'),
	(115, 1, 'APERTURA DE CUENTA IMPORT EXPORT LAVIN S.A.C.', '00001115', '2022-09-09', '2022', '09', '008', '', 'PEN', 3.8810, 500.00, 1, '2022-09-09 23:07:37', '2022-09-09 23:07:37'),
	(116, 1, 'PAERTURA DE CUENTA IMPORTADORA ALISHA S.A.C.', '00001116', '2022-09-09', '2022', '09', '008', '', 'PEN', 3.8810, 500.00, 1, '2022-09-09 23:08:14', '2022-09-09 23:08:14'),
	(117, 1, 'PAGO DE ARANCEL DE PERFUMES ', '00001117', '2022-09-10', '2022', '09', '008', '', 'PEN', 3.8830, 425.85, 1, '2022-09-10 15:22:26', '2022-09-10 15:22:26'),
	(118, 1, 'TRAMITES Y FLETE DE PERFUMES', '00001118', '2022-09-10', '2022', '09', '008', '', 'PEN', 3.8830, 12.00, 1, '2022-09-10 15:22:48', '2022-09-10 15:22:48'),
	(119, 1, 'ALMACENAJE DE PERFUMES', '00001119', '2022-09-10', '2022', '09', '008', '', 'PEN', 3.8830, 27.10, 1, '2022-09-10 15:23:13', '2022-09-10 15:23:13'),
	(120, 1, 'PAGO DE ARANCEL PERFUMES', '00001120', '2022-09-10', '2022', '09', '008', '', 'PEN', 3.8830, 456.70, 1, '2022-09-10 15:24:07', '2022-09-10 15:24:07'),
	(121, 1, 'TRAMITES Y FLETE DE PERFUMES', '00001121', '2022-09-10', '2022', '09', '008', '', 'PEN', 3.8830, 12.00, 1, '2022-09-10 15:24:28', '2022-09-10 15:24:28'),
	(122, 1, 'ALMACEAJE DE PERFUMES', '00001122', '2022-09-10', '2022', '09', '008', '', 'PEN', 3.8830, 33.10, 1, '2022-09-10 15:24:55', '2022-09-10 15:24:55'),
	(123, 1, 'REMUNERACION DE ASESORA DEL HOGAR - IQUIQUE', '00001123', '2022-09-20', '2022', '09', '008', '', 'PEN', 3.8710, 2310.40, 1, '2022-09-20 15:39:37', '2022-09-20 15:39:37'),
	(124, 1, 'COMPRA DE CHOCOLATES IBERICA', '00001124', '2022-09-20', '2022', '09', '008', '', 'PEN', 3.8710, 4325.30, 1, '2022-09-20 15:40:13', '2022-09-20 15:40:13'),
	(125, 1, 'COMPRA DE ACEITUNAS', '00001125', '2022-09-20', '2022', '09', '008', '', 'PEN', 3.8710, 2577.59, 1, '2022-09-20 15:44:30', '2022-09-20 15:44:30'),
	(126, 1, 'PAGO DE TRIBUTOS - SUNAT', '00001126', '2022-09-20', '2022', '09', '008', '', 'PEN', 3.8710, 10354.00, 1, '2022-09-20 15:45:00', '2022-09-20 15:45:00'),
	(127, 1, 'PAGO DE TRIBUTOS - SUNAT', '00001127', '2022-09-20', '2022', '09', '008', '', 'PEN', 3.8710, 364.00, 1, '2022-09-20 15:46:32', '2022-09-20 15:46:32'),
	(128, 1, 'PAGO DE TRIBUTOS - SUNAT', '00001128', '2022-09-20', '2022', '09', '008', '', 'PEN', 3.8710, 1168.00, 1, '2022-09-20 15:51:05', '2022-09-20 15:51:05'),
	(129, 1, 'PAGO DE TRIBUTOS - SUNAT', '00001129', '2022-09-20', '2022', '09', '008', '', 'PEN', 3.8710, 100.00, 1, '2022-09-20 15:51:22', '2022-09-20 15:51:22'),
	(130, 1, 'PAGO DE TRIBUTOS - SUNAT', '00001130', '2022-09-20', '2022', '09', '008', '', 'PEN', 3.8710, 1560.00, 1, '2022-09-20 15:51:36', '2022-09-20 15:51:36'),
	(131, 1, 'PAGO DE TRIBUTOS - SUNAT', '00001131', '2022-09-20', '2022', '09', '008', '', 'PEN', 3.8710, 3562.00, 1, '2022-09-20 15:51:53', '2022-09-20 15:51:53'),
	(132, 1, 'PAGO DE TRIBUTOS - SUNAT', '00001132', '2022-09-20', '2022', '09', '008', '', 'PEN', 3.8710, 355.00, 1, '2022-09-20 15:52:09', '2022-09-20 15:52:09'),
	(133, 1, 'PAGO DE TRIBUTOS - SUNAT', '00001133', '2022-09-20', '2022', '09', '008', '', 'PEN', 3.8710, 148.00, 1, '2022-09-20 15:52:24', '2022-09-20 15:52:24'),
	(134, 1, 'PEDIDO DE PERFUMES - LUIS ASCUÑA', '00001134', '2022-09-20', '2022', '09', '008', '', 'PEN', 3.8710, 650.00, 1, '2022-09-20 15:53:23', '2022-09-20 15:53:23'),
	(135, 1, 'PEDIDO DAVID CHAMILLA ', '00001135', '2022-10-03', '2022', '09', '008', '', 'PEN', 3.9840, 600.00, 1, '2022-10-03 15:39:05', '2022-10-03 15:39:05'),
	(136, 1, 'COMPRA DE MASCARILLAS', '00001136', '2022-10-03', '2022', '09', '008', '', 'PEN', 3.9840, 20.00, 1, '2022-10-03 15:39:29', '2022-10-03 15:39:29'),
	(137, 1, 'PAGO POR TRAMITE DE REGISTROS SANITARIOS DE PERFUMES', '00001137', '2022-10-03', '2022', '09', '008', '', 'PEN', 3.9840, 2700.00, 1, '2022-10-03 15:40:19', '2022-10-03 15:40:19'),
	(138, 1, 'COMPRA DE MACERADOS', '00001138', '2022-10-03', '2022', '09', '008', '', 'PEN', 3.9840, 1100.40, 1, '2022-10-03 15:41:00', '2022-10-03 15:41:00'),
	(139, 1, 'PAGO DE DETRACCIONES DE LAS FRACTURAS DE AEROPUERTO', '00001139', '2022-10-03', '2022', '09', '008', '', 'PEN', 3.9840, 3667.00, 1, '2022-10-03 15:41:51', '2022-10-03 15:41:51'),
	(140, 1, 'PEDIDO DE PERFUMES LUIS ASCUÑA', '00001140', '2022-10-03', '2022', '09', '008', '', 'PEN', 3.9840, 650.00, 1, '2022-10-03 15:42:27', '2022-10-03 15:42:27'),
	(141, 1, 'ADELANTO DE REMUNERACIÓN DE SEPTIEMBRE (JUAN JOSÉ)', '00001141', '2022-10-03', '2022', '09', '008', '', 'PEN', 3.9840, 4000.00, 1, '2022-10-03 15:43:44', '2022-10-03 15:43:44'),
	(142, 1, 'ADELANTO DE REMUNERACIÓN DE SEPTIEMBRE (GIOVANNA)', '00001142', '2022-10-03', '2022', '09', '008', '', 'PEN', 3.9840, 1500.00, 1, '2022-10-03 15:44:16', '2022-10-03 15:44:16'),
	(143, 1, 'ADELANTO DE REMUNERACIÓN DE SEPTIEMBRE (MOISES)', '00001143', '2022-10-03', '2022', '09', '008', '', 'PEN', 3.9840, 1000.00, 1, '2022-10-03 15:44:43', '2022-10-03 15:44:43'),
	(144, 1, 'ADELANTO DE REMUNERACIÓN DE SEPTIEMBRE (YANELA)', '00001144', '2022-10-03', '2022', '09', '008', '', 'PEN', 3.9840, 1000.00, 1, '2022-10-03 15:45:21', '2022-10-03 15:45:21'),
	(145, 1, 'ADELANTO DE REMUNERACIÓN DE SEPTIEMBRE (CRISTIAN)', '00001145', '2022-10-03', '2022', '09', '008', '', 'PEN', 3.9840, 1000.00, 1, '2022-10-03 15:45:48', '2022-10-03 15:45:48'),
	(146, 1, 'ADELANTO DE REMUNERACIÓN DE SEPTIEMBRE (LISSETH)', '00001146', '2022-10-03', '2022', '09', '008', '', 'PEN', 3.9840, 1000.00, 1, '2022-10-03 15:46:18', '2022-10-03 15:46:18'),
	(147, 1, 'ADELANTO DE REMUNERACIÓN DE SEPTIEMBRE (MARK)', '00001147', '2022-10-03', '2022', '09', '008', '', 'PEN', 3.9840, 1100.00, 1, '2022-10-03 15:46:52', '2022-10-03 15:46:52'),
	(148, 1, 'ADELANTO DE REMUNERACIÓN DE SEPTIEMBRE (MARIA)', '00001148', '2022-10-03', '2022', '09', '008', '', 'PEN', 3.9840, 1000.00, 1, '2022-10-03 15:47:18', '2022-10-03 15:47:18'),
	(149, 1, 'ADELANTO DE REMUNERACIÓN DE SEPTIEMBRE (YENY)', '00001149', '2022-10-03', '2022', '09', '008', '', 'PEN', 3.9840, 1000.00, 1, '2022-10-03 15:47:51', '2022-10-03 15:47:51'),
	(150, 1, 'HONORARIOS DON ANGEL', '00001150', '2022-10-03', '2022', '09', '008', '', 'PEN', 3.9840, 4500.00, 1, '2022-10-03 15:48:40', '2022-10-03 15:48:40'),
	(151, 1, 'PEDIDO DE PERFUMES DAVID CHAMBILLA', '00001151', '2022-10-03', '2022', '09', '008', '', 'PEN', 3.9840, 600.00, 1, '2022-10-03 15:49:20', '2022-10-03 15:49:20'),
	(152, 1, 'COMPRA DE LICORES NACIONALES - EL MORRO', '00001152', '2022-10-03', '2022', '09', '008', '', 'PEN', 3.9840, 6354.00, 1, '2022-10-03 16:03:50', '2022-10-03 16:03:50'),
	(153, 1, '	COMPRA DE LICORES NACIONALES - EL MORRO', '00001153', '2022-10-03', '2022', '09', '008', '', 'PEN', 3.9840, 6098.00, 1, '2022-10-03 16:04:25', '2022-10-03 16:04:25'),
	(154, 1, '	COMPRA DE LICORES NACIONALES - EL MORRO', '00001154', '2022-10-03', '2022', '09', '008', '', 'PEN', 3.9840, 3330.00, 1, '2022-10-03 16:04:47', '2022-10-03 16:04:47'),
	(155, 1, '	COMPRA DE LICORES NACIONALES - EL MORRO', '00001155', '2022-10-03', '2022', '09', '008', '', 'PEN', 3.9840, 5481.80, 1, '2022-10-03 16:05:14', '2022-10-03 16:05:14'),
	(156, 1, '	COMPRA DE LICORES NACIONALES - EL MORRO', '00001156', '2022-10-03', '2022', '09', '008', '', 'PEN', 3.9840, 1174.00, 1, '2022-10-03 16:05:45', '2022-10-03 16:05:45'),
	(157, 1, 'COMPRA DE LICORES NACIONALES - EL MORRO', '00001157', '2022-10-03', '2022', '09', '008', '', 'PEN', 3.9840, 468.00, 1, '2022-10-03 16:06:15', '2022-10-03 16:06:15'),
	(158, 1, 'COMPRA DE LICORES NACIONALES - EL MORRO', '00001158', '2022-10-03', '2022', '09', '008', '', 'PEN', 3.9840, 5837.40, 1, '2022-10-03 16:06:56', '2022-10-03 16:06:56'),
	(159, 1, '	COMPRA DE LICORES NACIONALES - EL MORRO', '00001159', '2022-10-03', '2022', '09', '008', '', 'PEN', 3.9840, 7460.00, 1, '2022-10-03 16:07:31', '2022-10-03 16:07:31'),
	(160, 1, '	COMPRA DE LICORES NACIONALES - EL MORRO', '00001160', '2022-10-03', '2022', '09', '008', '', 'PEN', 3.9840, 7662.00, 1, '2022-10-03 16:08:11', '2022-10-03 16:08:11'),
	(161, 1, '	COMPRA DE LICORES NACIONALES - EL MORRO', '00001161', '2022-10-03', '2022', '09', '008', '', 'PEN', 3.9840, 7164.00, 1, '2022-10-03 16:08:44', '2022-10-03 16:08:44'),
	(162, 1, '	COMPRA DE LICORES NACIONALES - EL MORRO', '00001162', '2022-10-03', '2022', '09', '008', '', 'PEN', 3.9840, 10816.80, 1, '2022-10-03 16:09:13', '2022-10-03 16:09:13'),
	(163, 1, '	COMPRA DE LICORES NACIONALES - EL MORRO', '00001163', '2022-10-03', '2022', '09', '008', '', 'PEN', 3.9840, 3094.00, 1, '2022-10-03 16:09:50', '2022-10-03 16:09:50'),
	(164, 1, '	COMPRA DE LICORES NACIONALES - EL MORRO', '00001164', '2022-10-03', '2022', '09', '008', '', 'PEN', 3.9840, 1275.00, 1, '2022-10-03 16:15:54', '2022-10-03 16:15:54'),
	(165, 1, 'PEDIDO LUIS ASCUÑA (PERFUMES)', '00001165', '2022-10-17', '2022', '10', '008', '', 'PEN', 3.9920, 650.00, 1, '2022-10-17 22:06:47', '2022-10-17 22:06:47'),
	(166, 1, 'COMPRA DE PRODUCTOS CARTY ', '00001166', '2022-10-17', '2022', '10', '008', '', 'PEN', 3.9920, 999.84, 1, '2022-10-17 22:08:45', '2022-10-17 22:08:45'),
	(167, 1, 'RESTANTE DE REMUNERACIÓN DEL MES DE SEPTIEMRE (JUAN JOSÉ)', '00001167', '2022-10-17', '2022', '10', '008', '', 'PEN', 3.9920, 4437.00, 1, '2022-10-17 22:09:59', '2022-10-17 22:09:59'),
	(168, 1, 'RESTANTE DE REMUNERACIÓN DEL MES DE SEPTIEMRE (GIOVANNA)	', '00001168', '2022-10-17', '2022', '10', '008', '', 'PEN', 3.9920, 1046.20, 1, '2022-10-17 22:10:41', '2022-10-17 22:10:41'),
	(169, 1, 'RESTANTE DE REMUNERACIÓN DEL MES DE SEPTIEMRE (MOISES)	', '00001169', '2022-10-17', '2022', '10', '008', '', 'PEN', 3.9920, 563.50, 1, '2022-10-17 22:11:19', '2022-10-17 22:11:19'),
	(170, 1, 'RESTANTE DE REMUNERACIÓN DEL MES DE SEPTIEMRE (CRISTIAN)	', '00001170', '2022-10-17', '2022', '10', '008', '', 'PEN', 3.9920, 568.50, 1, '2022-10-17 22:11:52', '2022-10-17 22:11:52'),
	(171, 1, 'RESTANTE DE REMUNERACIÓN DEL MES DE SEPTIEMRE (YANELA)	', '00001171', '2022-10-17', '2022', '10', '008', '', 'PEN', 3.9920, 568.50, 1, '2022-10-17 22:12:44', '2022-10-17 22:12:44'),
	(172, 1, 'RESTANTE DE REMUNERACIÓN DEL MES DE SEPTIEMRE (LISSETH)	', '00001172', '2022-10-17', '2022', '10', '008', '', 'PEN', 3.9920, 592.40, 1, '2022-10-17 22:13:16', '2022-10-17 22:13:16'),
	(173, 1, 'RESTANTE DE REMUNERACIÓN DEL MES DE SEPTIEMRE (MARK)	', '00001173', '2022-10-17', '2022', '10', '008', '', 'PEN', 3.9920, 934.20, 1, '2022-10-17 22:13:50', '2022-10-17 22:13:50'),
	(174, 1, 'RESTANTE DE REMUNERACIÓN DEL MES DE SEPTIEMRE (MARÍA)	', '00001174', '2022-10-17', '2022', '10', '008', '', 'PEN', 3.9920, 650.60, 1, '2022-10-17 22:14:18', '2022-10-17 22:14:18'),
	(175, 1, 'RESTANTE DE REMUNERACIÓN DEL MES DE SEPTIEMRE (YENY)	', '00001175', '2022-10-17', '2022', '10', '008', '', 'PEN', 3.9920, 549.10, 1, '2022-10-17 22:14:50', '2022-10-17 22:14:50'),
	(176, 1, 'COMPRA DE PRODUCTOS ', '00001176', '2022-10-17', '2022', '10', '008', '', 'PEN', 3.9920, 4238.28, 1, '2022-10-17 22:15:53', '2022-10-17 22:15:53'),
	(177, 1, 'COMPRA DE PRODUCTOS', '00001177', '2022-10-17', '2022', '10', '008', '', 'PEN', 3.9920, 550.20, 1, '2022-10-17 22:17:31', '2022-10-17 22:17:31'),
	(178, 1, 'PEDIDO LUIS ASCUÑA (150 UNI.)', '00001178', '2022-10-17', '2022', '10', '008', '', 'PEN', 3.9920, 965.00, 1, '2022-10-17 22:18:08', '2022-10-17 22:18:08'),
	(179, 1, 'PEDIDO DAVID CHAMBILLA', '00001179', '2022-10-17', '2022', '10', '008', '', 'PEN', 3.9920, 600.00, 1, '2022-10-17 22:18:32', '2022-10-17 22:18:32'),
	(180, 1, 'PAGO AFP PRIMA', '00001180', '2022-10-17', '2022', '10', '008', '', 'PEN', 3.9920, 160.55, 1, '2022-10-17 22:19:03', '2022-10-17 22:19:03'),
	(181, 1, 'PAGO AFP HABITAT', '00001181', '2022-10-17', '2022', '10', '008', '', 'PEN', 3.9920, 144.05, 1, '2022-10-17 22:19:25', '2022-10-17 22:19:25'),
	(182, 1, 'PAGO AFP INTEGRA', '00001182', '2022-10-17', '2022', '10', '008', '', 'PEN', 3.9920, 759.35, 1, '2022-10-17 22:19:57', '2022-10-17 22:19:57'),
	(183, 1, 'PAGO DE TRIBUTOS', '00001183', '2022-10-17', '2022', '10', '008', '', 'PEN', 3.9920, 108.00, 1, '2022-10-17 22:20:38', '2022-10-17 22:20:38'),
	(184, 1, 'PAGO DE TRIBUTOS	', '00001184', '2022-10-17', '2022', '10', '008', '', 'PEN', 3.9920, 317.00, 1, '2022-10-17 22:21:02', '2022-10-17 22:21:02'),
	(185, 1, 'PAGO DE TRIBUTOS	', '00001185', '2022-10-17', '2022', '10', '008', '', 'PEN', 3.9920, 77.00, 1, '2022-10-17 22:22:34', '2022-10-17 22:22:34'),
	(186, 1, 'PAGO DE TRIBUTOS	', '00001186', '2022-10-17', '2022', '10', '008', '', 'PEN', 3.9920, 315.00, 1, '2022-10-17 22:22:50', '2022-10-17 22:22:50'),
	(187, 1, 'PAGO DE TRIBUTOS	', '00001187', '2022-10-17', '2022', '10', '008', '', 'PEN', 3.9920, 892.00, 1, '2022-10-17 22:23:13', '2022-10-17 22:23:13'),
	(188, 1, 'PAGO DE TRIBUTOS	', '00001188', '2022-10-17', '2022', '10', '008', '', 'PEN', 3.9920, 9315.00, 1, '2022-10-17 22:23:50', '2022-10-17 22:23:50'),
	(189, 1, 'PAGO DE TRIBUTOS	', '00001189', '2022-10-17', '2022', '10', '008', '', 'PEN', 3.9920, 732.00, 1, '2022-10-17 22:24:13', '2022-10-17 22:24:13'),
	(190, 1, 'PAGO DE TRIBUTOS	', '00001190', '2022-10-17', '2022', '10', '008', '', 'PEN', 3.9920, 1560.00, 1, '2022-10-17 22:24:31', '2022-10-17 22:24:31'),
	(191, 1, 'PAGO DE TRIBUTOS	', '00001191', '2022-10-17', '2022', '10', '008', '', 'PEN', 3.9920, 72.00, 1, '2022-10-17 22:25:52', '2022-10-17 22:25:52'),
	(192, 1, 'PAGO DE TRIBUTOS	', '00001192', '2022-10-17', '2022', '10', '008', '', 'PEN', 3.9920, 21.00, 1, '2022-10-17 22:26:08', '2022-10-17 22:26:08'),
	(193, 1, 'PAGO DE TRIBUTOS	', '00001193', '2022-10-17', '2022', '10', '008', '', 'PEN', 3.9920, 67.00, 1, '2022-10-17 22:26:27', '2022-10-17 22:26:27'),
	(194, 1, 'PAGO DE TRIBUTOS	', '00001194', '2022-10-17', '2022', '10', '008', '', 'PEN', 3.9920, 840.00, 1, '2022-10-17 22:26:43', '2022-10-17 22:26:43'),
	(195, 1, 'PAGO DE TRIBUTOS	', '00001195', '2022-10-17', '2022', '10', '008', '', 'PEN', 3.9920, 13.00, 1, '2022-10-17 22:27:16', '2022-10-17 22:27:16'),
	(196, 1, 'PAGO DE TRIBUTOS	', '00001196', '2022-10-17', '2022', '10', '008', '', 'PEN', 3.9920, 13.00, 1, '2022-10-17 22:27:38', '2022-10-17 22:27:38'),
	(197, 1, 'COMPRA DE PRODUCTOS', '00001197', '2022-10-17', '2022', '10', '008', '', 'PEN', 3.9920, 2938.20, 1, '2022-10-17 22:28:14', '2022-10-17 22:28:14'),
	(198, 1, 'COMPRA DE PRODUCTOS (CERVEZAS)', '00001198', '2022-10-17', '2022', '10', '008', '', 'PEN', 3.9920, 550.00, 1, '2022-10-17 22:28:53', '2022-10-17 22:28:53'),
	(199, 1, 'COMPRA DE PRODUCTOS', '00001199', '2022-10-17', '2022', '10', '008', '', 'PEN', 3.9920, 1655.00, 1, '2022-10-17 22:29:22', '2022-10-17 22:29:22'),
	(200, 1, 'PAGO A SRA. HAIDE (IQUIQUE)', '00001200', '2022-10-17', '2022', '10', '008', '', 'PEN', 3.9920, 1520.00, 1, '2022-10-17 22:31:02', '2022-10-17 22:31:02'),
	(201, 1, 'COMPRA DE PRODUCTOS', '00001201', '2022-10-31', '2022', '10', '008', '', 'PEN', 3.9780, 888.12, 1, '2022-10-31 15:16:12', '2022-10-31 15:16:12'),
	(202, 1, 'PEDIDO DE PERFUMES (LUIS ASCUÑA) 150 UNI.', '00001202', '2022-10-31', '2022', '10', '008', '', 'PEN', 3.9780, 965.00, 1, '2022-10-31 15:16:48', '2022-10-31 15:16:48'),
	(203, 1, 'PAGO DE ALMACEN ZOFRA (PERFUMES)', '00001203', '2022-10-31', '2022', '10', '008', '', 'PEN', 3.9780, 66.10, 1, '2022-10-31 15:17:33', '2022-10-31 15:17:33'),
	(204, 1, 'FLETE Y COPIAS PARA TRAMITE (PERFUMES)', '00001204', '2022-10-31', '2022', '10', '008', '', 'PEN', 3.9780, 12.00, 1, '2022-10-31 15:18:07', '2022-10-31 15:18:07'),
	(205, 1, 'PAGO DE ARANCEL DE PERFUMES', '00001205', '2022-10-31', '2022', '10', '008', '', 'PEN', 3.9780, 434.98, 1, '2022-10-31 15:18:38', '2022-10-31 15:18:38'),
	(206, 1, 'ADELANTO DE REMUNERACIÓN DE OCTUBRE (JUAN JOSÉ)', '00001206', '2022-10-31', '2022', '10', '008', '', 'PEN', 3.9780, 4000.00, 1, '2022-10-31 15:20:10', '2022-10-31 15:20:10'),
	(207, 1, 'ADELANTO DE REMUNERACIÓN DE OCTUBRE (GIOVANNA)', '00001207', '2022-10-31', '2022', '10', '008', '', 'PEN', 3.9780, 1500.00, 1, '2022-10-31 15:20:42', '2022-10-31 15:20:42'),
	(208, 1, 'ADELANTO DE REMUNERACIÓN DE OCTUBRE (MOISES)', '00001208', '2022-10-31', '2022', '10', '008', '', 'PEN', 3.9780, 1000.00, 1, '2022-10-31 15:21:08', '2022-10-31 15:21:08'),
	(209, 1, 'ADELANTO DE REMUNERACIÓN DE OCTUBRE (YANELA)', '00001209', '2022-10-31', '2022', '10', '008', '', 'PEN', 3.9780, 1000.00, 1, '2022-10-31 15:21:40', '2022-10-31 15:21:40'),
	(210, 1, 'ADELANTO DE REMUNERACIÓN DE OCTUBRE (CRISTIAN)', '00001210', '2022-10-31', '2022', '10', '008', '', 'PEN', 3.9780, 1000.00, 1, '2022-10-31 15:22:05', '2022-10-31 15:22:05'),
	(211, 1, 'ADELANTO DE REMUNERACIÓN DE OCTUBRE (LISSETH)', '00001211', '2022-10-31', '2022', '10', '008', '', 'PEN', 3.9780, 1000.00, 1, '2022-10-31 15:22:28', '2022-10-31 15:22:28'),
	(212, 1, 'ADELANTO DE REMUNERACIÓN DE OCTUBRE (MARK)', '00001212', '2022-10-31', '2022', '10', '008', '', 'PEN', 3.9780, 1100.00, 1, '2022-10-31 15:22:51', '2022-10-31 15:22:51'),
	(213, 1, 'ADELANTO DE REMUNERACIÓN DE OCTUBRE (MARIA)', '00001213', '2022-10-31', '2022', '10', '008', '', 'PEN', 3.9780, 1000.00, 1, '2022-10-31 15:23:11', '2022-10-31 15:23:11'),
	(214, 1, 'ADELANTO DE REMUNERACIÓN DE OCTUBRE (YENY)', '00001214', '2022-10-31', '2022', '10', '008', '', 'PEN', 3.9780, 1000.00, 1, '2022-10-31 15:23:30', '2022-10-31 15:23:30'),
	(215, 1, 'HONORARIOS DON ANGEL', '00001215', '2022-10-31', '2022', '10', '008', '', 'PEN', 3.9780, 4500.00, 1, '2022-10-31 15:24:04', '2022-10-31 15:24:04'),
	(216, 1, 'COMPRA DE LICOR (EL MORRO)', '00001216', '2022-10-31', '2022', '10', '008', '', 'PEN', 3.9780, 2692.40, 1, '2022-10-31 15:24:43', '2022-10-31 15:24:43'),
	(217, 1, 'COMPRA DE LICOR (EL MORRO)', '00001217', '2022-10-31', '2022', '10', '008', '', 'PEN', 3.9780, 2274.40, 1, '2022-10-31 15:25:15', '2022-10-31 15:25:15'),
	(218, 1, 'DINERO QUE FALTO EN USD PARA CANCELAR PEDIDO DE LICORES', '00001218', '2022-10-31', '2022', '10', '008', '', 'PEN', 3.9780, 67350.24, 1, '2022-10-31 16:19:46', '2022-10-31 16:19:46'),
	(219, 1, 'PEDIDO DE PERFUMES DAVID CHAMBILLA', '00001219', '2022-10-31', '2022', '10', '008', '', 'PEN', 3.9780, 650.00, 1, '2022-10-31 16:25:18', '2022-10-31 16:25:18'),
	(220, 1, 'COMPRA DE PRODUCTOS', '00001220', '2022-11-02', '2022', '10', '008', '', 'PEN', 3.9930, 4650.60, 1, '2022-11-02 22:42:06', '2022-11-02 22:42:06'),
	(221, 1, 'DEVOLUCION DE PRODUCTO POR RECLAMO', '00001221', '2022-11-15', '2022', '11', '008', '', 'PEN', 3.8600, 59.00, 1, '2022-11-15 23:10:56', '2022-11-15 23:10:56'),
	(222, 1, 'CONFECCIÓN DE BOLSAS PARA IQUIQUE', '00001222', '2022-11-15', '2022', '11', '008', '', 'PEN', 3.8600, 550.00, 1, '2022-11-15 23:11:44', '2022-11-15 23:11:44'),
	(223, 1, 'CONFECCIÓN DE BOLSAS PARA IQUIQUE', '00001223', '2022-11-15', '2022', '11', '008', '', 'PEN', 3.8600, 550.00, 1, '2022-11-15 23:12:12', '2022-11-15 23:12:12'),
	(224, 1, 'CONFECCIÓN DE BOLSAS PARA IQUIQUE', '00001224', '2022-11-15', '2022', '11', '008', '', 'PEN', 3.8600, 550.00, 1, '2022-11-15 23:12:24', '2022-11-15 23:12:24'),
	(225, 1, 'CONFECCIÓN DE BOLSAS PARA IQUIQUE', '00001225', '2022-11-15', '2022', '11', '008', '', 'PEN', 3.8600, 550.00, 1, '2022-11-15 23:12:37', '2022-11-15 23:12:37'),
	(226, 1, 'DEVOLUCION DE PRODUCTO, RELOJ DEFECTUOSO', '00001226', '2022-11-15', '2022', '11', '008', '', 'PEN', 3.8600, 539.00, 1, '2022-11-15 23:13:11', '2022-11-15 23:13:11'),
	(227, 1, 'CONSUMO DE COMBUSTIBLE', '00001227', '2022-11-15', '2022', '11', '008', '', 'PEN', 3.8600, 100.00, 1, '2022-11-15 23:13:38', '2022-11-15 23:13:38'),
	(228, 1, 'COMPRA DE PRODUCTOS', '00001228', '2022-11-15', '2022', '11', '008', '', 'PEN', 3.8600, 1636.90, 1, '2022-11-15 23:14:21', '2022-11-15 23:14:21'),
	(229, 1, 'RESTANTE DE REMUNERACIÓN DE OCTUBRE (JUAN JOSÉ)', '00001229', '2022-11-15', '2022', '11', '008', '', 'PEN', 3.8600, 4520.40, 1, '2022-11-15 23:36:01', '2022-11-15 23:36:01'),
	(230, 1, 'RESTANTE DE REMUNERACIÓN DE OCTUBRE (GIOVANNA)	', '00001230', '2022-11-15', '2022', '11', '008', '', 'PEN', 3.8600, 1213.50, 1, '2022-11-15 23:36:34', '2022-11-15 23:36:34'),
	(231, 1, 'RESTANTE DE REMUNERACIÓN DE OCTUBRE (MOISES)	', '00001231', '2022-11-15', '2022', '11', '008', '', 'PEN', 3.8600, 714.80, 1, '2022-11-15 23:37:18', '2022-11-15 23:37:18'),
	(232, 1, 'RESTANTE DE REMUNERACIÓN DE OCTUBRE (YANELA)	', '00001232', '2022-11-15', '2022', '11', '008', '', 'PEN', 3.8600, 592.70, 1, '2022-11-15 23:38:01', '2022-11-15 23:38:01'),
	(233, 1, 'RESTANTE DE REMUNERACIÓN DE OCTUBRE (CRISTIAN)	', '00001233', '2022-11-15', '2022', '11', '008', '', 'PEN', 3.8600, 657.40, 1, '2022-11-15 23:38:38', '2022-11-15 23:38:38'),
	(234, 1, 'RESTANTE DE REMUNERACIÓN DE OCTUBRE (LISSETH)	', '00001234', '2022-11-15', '2022', '11', '008', '', 'PEN', 3.8600, 798.50, 1, '2022-11-15 23:39:15', '2022-11-15 23:39:15'),
	(235, 1, 'RESTANTE DE REMUNERACIÓN DE OCTUBRE (MARK)	', '00001235', '2022-11-15', '2022', '11', '008', '', 'PEN', 3.8600, 1114.80, 1, '2022-11-15 23:42:44', '2022-11-15 23:42:44'),
	(236, 1, 'RESTANTE DE REMUNERACIÓN DE OCTUBRE (MARIA)	', '00001236', '2022-11-15', '2022', '11', '008', '', 'PEN', 3.8600, 761.50, 1, '2022-11-15 23:43:16', '2022-11-15 23:43:16'),
	(237, 1, 'RESTANTE DE REMUNERACIÓN DE OCTUBRE (YENY)	', '00001237', '2022-11-15', '2022', '11', '008', '', 'PEN', 3.8600, 693.70, 1, '2022-11-15 23:43:41', '2022-11-15 23:43:41'),
	(238, 1, 'PAGO POR FLETE DE ENVIO DE BOLSAS A IQUIQUE', '00001238', '2022-11-15', '2022', '11', '008', '', 'PEN', 3.8600, 350.00, 1, '2022-11-15 23:44:12', '2022-11-15 23:44:12'),
	(239, 1, 'PAGO PARA RENOVACION DE CERTIFICADO OPERADORES', '00001239', '2022-11-15', '2022', '11', '008', '', 'PEN', 3.8600, 240.00, 1, '2022-11-15 23:44:48', '2022-11-15 23:44:48'),
	(240, 1, 'PEDIDO LUIS ASCUÑA (PERFUMES 150 UNI.)', '00001240', '2022-11-15', '2022', '11', '008', '', 'PEN', 3.8600, 965.00, 1, '2022-11-15 23:45:32', '2022-11-15 23:45:32'),
	(241, 1, 'COMPRA DE PRODUCTOS', '00001241', '2022-11-15', '2022', '11', '008', '', 'PEN', 3.8600, 550.20, 1, '2022-11-15 23:45:55', '2022-11-15 23:45:55'),
	(242, 1, 'CONSUMO DE COMBUSTIBLE', '00001242', '2022-11-15', '2022', '11', '008', '', 'PEN', 3.8600, 100.00, 1, '2022-11-15 23:46:17', '2022-11-15 23:46:17'),
	(243, 1, 'COMPRA DE FOCOS DE MUEBLES PARA CAMBIO EN VITRINAS', '00001243', '2022-11-15', '2022', '11', '008', '', 'PEN', 3.8600, 49.90, 1, '2022-11-15 23:46:57', '2022-11-15 23:46:57'),
	(244, 1, 'COMPRA DE FOCOS DE MUEBLES PARA CAMBIO EN VITRINAS	', '00001244', '2022-11-15', '2022', '11', '008', '', 'PEN', 3.8600, 334.80, 1, '2022-11-15 23:47:35', '2022-11-15 23:47:35'),
	(245, 1, 'COSUMO DE COMBUSTIBLE', '00001245', '2022-11-15', '2022', '11', '008', '', 'PEN', 3.8600, 100.00, 1, '2022-11-15 23:47:56', '2022-11-15 23:47:56'),
	(246, 1, 'PAGO AFP PRIMA', '00001246', '2022-11-15', '2022', '11', '008', '', 'PEN', 3.8600, 183.60, 1, '2022-11-15 23:48:44', '2022-11-15 23:48:44'),
	(247, 1, 'PAGO AFP INTEGRA', '00001247', '2022-11-15', '2022', '11', '008', '', 'PEN', 3.8600, 767.50, 1, '2022-11-15 23:49:20', '2022-11-15 23:49:20'),
	(248, 1, 'PAGO AFP HABITAT', '00001248', '2022-11-15', '2022', '11', '008', '', 'PEN', 3.8600, 167.00, 1, '2022-11-15 23:49:58', '2022-11-15 23:49:58'),
	(249, 1, 'PEDIDO DE PERFUMES (LUIS ASCUÑA)', '00001249', '2022-12-02', '2022', '11', '008', '', 'PEN', 3.8360, 965.00, 1, '2022-12-02 14:26:12', '2022-12-02 14:26:12'),
	(250, 1, 'DEVOLUCIÓN DE RELOJ POR FALTA DE PILA', '00001250', '2022-12-02', '2022', '11', '008', '', 'PEN', 3.8360, 1339.00, 1, '2022-12-02 14:32:21', '2022-12-02 14:32:21'),
	(251, 1, 'COMPRA DE FOCO PARA VITRINA', '00001251', '2022-12-02', '2022', '11', '008', '', 'PEN', 3.8360, 30.00, 1, '2022-12-02 14:33:29', '2022-12-02 14:33:29'),
	(252, 1, 'COMPRA DE FOCO LED DE VITRIA', '00001252', '2022-12-02', '2022', '11', '008', '', 'PEN', 3.8360, 30.00, 1, '2022-12-02 14:35:01', '2022-12-02 14:35:01'),
	(253, 1, 'TRIBUTOS (SUNAT)', '00001253', '2022-12-02', '2022', '11', '008', '', 'PEN', 3.8360, 124.00, 1, '2022-12-02 14:35:59', '2022-12-02 14:35:59'),
	(254, 1, 'TRIBUTOS (SUNAT)', '00001254', '2022-12-02', '2022', '11', '008', '', 'PEN', 3.8360, 329.00, 1, '2022-12-02 14:36:44', '2022-12-02 14:36:44'),
	(255, 1, 'TRIBUTOS (SUNAT)', '00001255', '2022-12-02', '2022', '11', '008', '', 'PEN', 3.8360, 83.00, 1, '2022-12-02 14:37:08', '2022-12-02 14:37:08'),
	(256, 1, 'TRIBUTOS (SUNAT)', '00001256', '2022-12-02', '2022', '11', '008', '', 'PEN', 3.8360, 350.00, 1, '2022-12-02 14:37:58', '2022-12-02 14:37:58'),
	(257, 1, 'TRIBUTOS (SUNAT)', '00001257', '2022-12-02', '2022', '11', '008', '', 'PEN', 3.8360, 939.00, 1, '2022-12-02 14:38:27', '2022-12-02 14:38:27'),
	(258, 1, 'TRIBUTOS (SUNAT)', '00001258', '2022-12-02', '2022', '11', '008', '', 'PEN', 3.8360, 10360.00, 1, '2022-12-02 14:40:00', '2022-12-02 14:40:00'),
	(259, 1, 'TRIBUTOS (SUNAT)', '00001259', '2022-12-02', '2022', '11', '008', '', 'PEN', 3.8360, 1560.00, 1, '2022-12-02 14:40:30', '2022-12-02 14:40:30'),
	(260, 1, 'PEDIDO DE BOLSAS GRANDES DE TIENDA', '00001260', '2022-12-02', '2022', '11', '008', '', 'PEN', 3.8360, 600.00, 1, '2022-12-02 14:41:10', '2022-12-02 14:41:10'),
	(261, 1, 'PEDIDO DE BOLSAS GRANDES DE TIENDA	', '00001261', '2022-12-02', '2022', '11', '008', '', 'PEN', 3.8360, 600.00, 1, '2022-12-02 14:41:45', '2022-12-02 14:41:45'),
	(262, 1, 'PEDIDO DE BOLSAS GRANDES DE TIENDA	', '00001262', '2022-12-02', '2022', '11', '008', '', 'PEN', 3.8360, 600.00, 1, '2022-12-02 14:42:10', '2022-12-02 14:42:10'),
	(263, 1, 'PEDIDO DE BOLSAS GRANDES DE TIENDA	', '00001263', '2022-12-02', '2022', '11', '008', '', 'PEN', 3.8360, 600.00, 1, '2022-12-02 14:42:32', '2022-12-02 14:42:32'),
	(264, 1, 'PEDIDO DE BOLSAS GRANDES DE TIENDA	', '00001264', '2022-12-02', '2022', '11', '008', '', 'PEN', 3.8360, 600.00, 1, '2022-12-02 14:42:54', '2022-12-02 14:42:54'),
	(265, 1, 'CONSUMO DE COMBUSTIBLE', '00001265', '2022-12-02', '2022', '11', '008', '', 'PEN', 3.8360, 100.00, 1, '2022-12-02 14:44:02', '2022-12-02 14:44:02'),
	(266, 1, 'COMPRA DE FOCO LED DE VITRINNA', '00001266', '2022-12-02', '2022', '11', '008', '', 'PEN', 3.8360, 30.00, 1, '2022-12-02 14:44:48', '2022-12-02 14:44:48'),
	(267, 1, 'PEDIDO DE PERFUMES (LUIS ASCUÑA)', '00001267', '2022-12-02', '2022', '11', '008', '', 'PEN', 3.8360, 965.00, 1, '2022-12-02 14:45:28', '2022-12-02 14:45:28'),
	(268, 1, 'PEDIDO DE PERFUMES (DAVID CHAMBILLA)', '00001268', '2022-12-02', '2022', '11', '008', '', 'PEN', 3.8360, 650.00, 1, '2022-12-02 14:46:07', '2022-12-02 14:46:07'),
	(269, 1, 'MANTENIMIENTO ELECTRICO DE MUEBLES DE TIENDA', '00001269', '2022-12-02', '2022', '11', '008', '', 'PEN', 3.8360, 100.00, 1, '2022-12-02 14:47:00', '2022-12-02 14:47:00'),
	(270, 1, 'ADELANTO DE REMUNERACIÓN DE NOVIEMBRE (YENY)', '00001270', '2022-12-02', '2022', '11', '008', '', 'PEN', 3.8360, 1000.00, 1, '2022-12-02 14:48:11', '2022-12-02 14:48:11'),
	(271, 1, 'ADELANTO DE REMUNERACIÓN DE NOVIEMBRE ( LISSETH)	', '00001271', '2022-12-03', '2022', '11', '008', '', 'PEN', 3.8350, 1000.00, 1, '2022-12-03 15:43:49', '2022-12-03 15:43:49'),
	(272, 1, 'ADELANTO DE REMUNERACIÓN DE NOVIEMBRE (MOISES)	', '00001272', '2022-12-03', '2022', '11', '008', '', 'PEN', 3.8350, 1000.00, 1, '2022-12-03 15:44:19', '2022-12-03 15:44:19'),
	(273, 1, 'ADELANTO DE REMUNERACIÓN DE NOVIEMBRE (MARK)	', '00001273', '2022-12-03', '2022', '11', '008', '', 'PEN', 3.8350, 1100.00, 1, '2022-12-03 15:48:02', '2022-12-03 15:48:02'),
	(274, 1, 'ADELANTO DE REMUNERACIÓN DE NOVIEMBRE (YANELA)	', '00001274', '2022-12-03', '2022', '11', '008', '', 'PEN', 3.8350, 1000.00, 1, '2022-12-03 15:48:38', '2022-12-03 15:48:38'),
	(275, 1, 'ADELANTO DE REMUNERACIÓN DE NOVIEMBRE (CRISTIAN)	', '00001275', '2022-12-03', '2022', '11', '008', '', 'PEN', 3.8350, 1000.00, 1, '2022-12-03 15:56:06', '2022-12-03 15:56:06'),
	(276, 1, 'ADELANTO DE REMUNERACIÓN DE NOVIEMBRE (MARIA)	', '00001276', '2022-12-03', '2022', '11', '008', '', 'PEN', 3.8350, 1000.00, 1, '2022-12-03 15:56:38', '2022-12-03 15:56:38'),
	(277, 1, 'ADELANTO DE REMUNERACIÓN DE NOVIEMBRE (GIOVANNA)	', '00001277', '2022-12-03', '2022', '11', '008', '', 'PEN', 3.8350, 1500.00, 1, '2022-12-03 15:57:13', '2022-12-03 15:57:13'),
	(278, 1, 'ADELANTO DE REMUNERACIÓN DE NOVIEMBRE (JUAN JOSÉ)	', '00001278', '2022-12-03', '2022', '11', '008', '', 'PEN', 3.8350, 4000.00, 1, '2022-12-03 15:57:41', '2022-12-03 15:57:41'),
	(279, 1, 'HONORARIOS DON ANGEL', '00001279', '2022-12-03', '2022', '11', '008', '', 'PEN', 3.8350, 4500.00, 1, '2022-12-03 15:58:38', '2022-12-03 15:58:38'),
	(280, 1, 'ARBITRIOS MUNICIPALES - OPERADORES DUTY FREE', '00001280', '2022-12-03', '2022', '11', '008', '', 'PEN', 3.8350, 1382.70, 1, '2022-12-03 16:05:43', '2022-12-03 16:05:43'),
	(281, 1, 'ARBITRIOS MUNICIPALES - OPERADORES DUTY FREE	', '00001281', '2022-12-03', '2022', '11', '008', '', 'PEN', 3.8350, 658.08, 1, '2022-12-03 16:06:17', '2022-12-03 16:06:17'),
	(282, 1, 'ARBITRIOS MUNICIPALES - IMPORTADORA ALISHA', '00001282', '2022-12-03', '2022', '11', '008', '', 'PEN', 3.8350, 36.24, 1, '2022-12-03 16:07:22', '2022-12-03 16:07:22'),
	(283, 1, 'ARBITRIOS MUNICIPALES - INVERSIONES JAI MATADI', '00001283', '2022-12-03', '2022', '11', '008', '', 'PEN', 3.8350, 32.58, 1, '2022-12-03 16:08:07', '2022-12-03 16:08:07'),
	(284, 1, 'ARBITRIOS MUNICIPALES - IMPORT EXPORT LAVIN', '00001284', '2022-12-03', '2022', '11', '008', '', 'PEN', 3.8350, 50.70, 1, '2022-12-03 16:08:54', '2022-12-03 16:08:54'),
	(285, 1, 'ARBITRIOS MUNICIPALES - MORYA SERVICIOS E IMPORTACIONES', '00001285', '2022-12-03', '2022', '11', '008', '', 'PEN', 3.8350, 37.56, 1, '2022-12-03 16:09:41', '2022-12-03 16:09:41'),
	(286, 1, 'CONSUMO DE COMBUSTIBLE', '00001286', '2022-12-03', '2022', '11', '008', '', 'PEN', 3.8350, 100.00, 1, '2022-12-03 16:10:36', '2022-12-03 16:10:36'),
	(287, 1, 'MANEJO DE PAGINA WEB', '00001287', '2022-12-03', '2022', '11', '008', '', 'PEN', 3.8350, 1200.00, 1, '2022-12-03 16:19:03', '2022-12-03 16:19:03'),
	(288, 1, 'COCHERA DIA Y NOCHE', '00001288', '2022-12-03', '2022', '11', '008', '', 'PEN', 3.8350, 300.00, 1, '2022-12-03 16:19:37', '2022-12-03 16:19:37'),
	(289, 1, 'PAGO DE CELULAR DE TIENDA Y PAGINA WEB', '00001289', '2022-12-03', '2022', '11', '008', '', 'PEN', 3.8350, 250.00, 1, '2022-12-03 16:20:08', '2022-12-03 16:20:08'),
	(290, 1, 'PRESTAMO A PERSONAL DPG (MARK ROBLES)', '00001290', '2022-12-03', '2022', '11', '008', '', 'PEN', 3.8350, 1000.00, 1, '2022-12-03 16:20:55', '2022-12-03 16:20:55'),
	(291, 1, 'PAGO DE INTERNET ALMCEN AEROPUERTO', '00001291', '2022-12-03', '2022', '11', '008', '', 'PEN', 3.8350, 111.00, 1, '2022-12-03 16:22:07', '2022-12-03 16:22:07'),
	(292, 1, 'PAGO DE INTERNET DE TIENDA SAN MARTIN', '00001292', '2022-12-03', '2022', '11', '008', '', 'PEN', 3.8350, 111.00, 1, '2022-12-03 16:22:31', '2022-12-03 16:22:31'),
	(293, 1, 'CONSUMO ELECTRICO DE LA TIENDA SAN MARTIN', '00001293', '2022-12-03', '2022', '11', '008', '', 'PEN', 3.8350, 7.40, 1, '2022-12-03 16:23:40', '2022-12-03 16:23:40'),
	(294, 1, 'CONSUMO ELECTRICO DE LA TIENDA SAN MARTIN	', '00001294', '2022-12-03', '2022', '11', '008', '', 'PEN', 3.8350, 113.70, 1, '2022-12-03 16:24:10', '2022-12-03 16:24:10'),
	(295, 1, 'CONSUMO ELECTRICO DE LA TIENDA SAN MARTIN	', '00001295', '2022-12-03', '2022', '11', '008', '', 'PEN', 3.8350, 534.60, 1, '2022-12-03 16:24:38', '2022-12-03 16:24:38'),
	(296, 1, 'COMPRA DE PRODUCTOS (MACERADOS)', '00001296', '2022-12-03', '2022', '11', '008', '', 'PEN', 3.8350, 2117.28, 1, '2022-12-03 16:25:28', '2022-12-03 16:25:28'),
	(297, 1, 'PEDIDO DE PERFUMES (LUIS ASCUÑA) 250 UNI.', '00001297', '2022-12-03', '2022', '11', '008', '', 'PEN', 3.8350, 1615.00, 1, '2022-12-03 16:26:09', '2022-12-03 16:26:09'),
	(298, 1, 'COMPRA DE UTILES DE ESCRITORIO', '00001298', '2022-12-03', '2022', '11', '008', '', 'PEN', 3.8350, 123.00, 1, '2022-12-03 16:28:35', '2022-12-03 16:28:35'),
	(299, 1, 'COMPRA DE PRODUCTOS (ACEITUNAS)', '00001299', '2022-12-03', '2022', '11', '008', '', 'PEN', 3.8350, 1444.32, 1, '2022-12-03 16:48:21', '2022-12-03 16:48:21'),
	(300, 1, 'SERVICIO DE ALARMA PROSEGUR (TIENDA SAN MARTIN)', '00001300', '2022-12-03', '2022', '11', '008', '', 'PEN', 3.8350, 140.00, 1, '2022-12-04 00:38:11', '2022-12-04 00:38:11'),
	(301, 1, 'CONSUMO DE COMBUSTIBLE', '00001301', '2022-12-06', '2022', '11', '008', '', 'PEN', 3.8480, 100.00, 1, '2022-12-07 01:16:34', '2022-12-07 01:16:34'),
	(302, 1, 'CONSUMO DE COMBUSTIBLE', '00001302', '2022-12-26', '2022', '12', '008', '', 'PEN', 3.8270, 100.00, 1, '2022-12-26 22:50:05', '2022-12-26 22:50:05'),
	(303, 1, 'RESTANTE DE REMUNERACIÓN DEL MES DE NOVIEMBRE (JUAN JOSÉ)', '00001303', '2022-12-26', '2022', '12', '008', '', 'PEN', 3.8270, 4469.70, 1, '2022-12-26 22:51:24', '2022-12-26 22:51:24'),
	(304, 1, 'RESTANTE DE REMUNERACIÓN DEL MES DE NOVIEMBRE (GIOVANNA))	', '00001304', '2022-12-26', '2022', '12', '008', '', 'PEN', 3.8270, 980.90, 1, '2022-12-26 22:52:00', '2022-12-26 22:52:00'),
	(305, 1, 'RESTANTE DE REMUNERACIÓN DEL MES DE NOVIEMBRE (MOISES)	', '00001305', '2022-12-26', '2022', '12', '008', '', 'PEN', 3.8270, 595.60, 1, '2022-12-26 22:52:37', '2022-12-26 22:52:37'),
	(306, 1, 'RESTANTE DE REMUNERACIÓN DEL MES DE NOVIEMBRE (YANELA)	', '00001306', '2022-12-26', '2022', '12', '008', '', 'PEN', 3.8270, 595.60, 1, '2022-12-26 22:53:10', '2022-12-26 22:53:10'),
	(307, 1, 'RESTANTE DE REMUNERACIÓN DEL MES DE NOVIEMBRE (CRISTIAN)	', '00001307', '2022-12-26', '2022', '12', '008', '', 'PEN', 3.8270, 477.20, 1, '2022-12-26 22:53:37', '2022-12-26 22:53:37'),
	(308, 1, 'RESTANTE DE REMUNERACIÓN DEL MES DE NOVIEMBRE (LISSETH)	', '00001308', '2022-12-26', '2022', '12', '008', '', 'PEN', 3.8270, 555.10, 1, '2022-12-26 22:54:13', '2022-12-26 22:54:13'),
	(309, 1, 'RESTANTE DE REMUNERACIÓN DEL MES DE NOVIEMBRE (MARK)	', '00001309', '2022-12-26', '2022', '12', '008', '', 'PEN', 3.8270, 1164.80, 1, '2022-12-26 22:54:57', '2022-12-26 22:54:57'),
	(310, 1, 'RESTANTE DE REMUNERACIÓN DEL MES DE NOVIEMBRE (MARIA)	', '00001310', '2022-12-26', '2022', '12', '008', '', 'PEN', 3.8270, 523.40, 1, '2022-12-26 22:55:21', '2022-12-26 22:55:21'),
	(311, 1, 'RESTANTE DE REMUNERACIÓN DEL MES DE NOVIEMBRE (YENY)	', '00001311', '2022-12-26', '2022', '12', '008', '', 'PEN', 3.8270, 392.30, 1, '2022-12-26 22:55:48', '2022-12-26 22:55:48'),
	(312, 1, 'PAGO DE AFP HABITAT', '00001312', '2022-12-26', '2022', '12', '008', '', 'PEN', 3.8270, 166.25, 1, '2022-12-26 22:57:13', '2022-12-26 22:57:13'),
	(313, 1, 'PAGO DE AFP PRIMA', '00001313', '2022-12-26', '2022', '12', '008', '', 'PEN', 3.8270, 200.85, 1, '2022-12-26 22:57:46', '2022-12-26 22:57:46'),
	(314, 1, 'PAGO DE AFP INTEGRA', '00001314', '2022-12-26', '2022', '12', '008', '', 'PEN', 3.8270, 775.25, 1, '2022-12-26 22:58:16', '2022-12-26 22:58:16'),
	(315, 1, 'CONSUMO DE COMBUSTIBLE', '00001315', '2022-12-26', '2022', '12', '008', '', 'PEN', 3.8270, 100.00, 1, '2022-12-26 22:58:43', '2022-12-26 22:58:43'),
	(316, 1, 'COMPRA DE UTILES DE ASEO', '00001316', '2022-12-26', '2022', '12', '008', '', 'PEN', 3.8270, 308.70, 1, '2022-12-26 22:59:16', '2022-12-26 22:59:16'),
	(317, 1, 'PEDIDO DE PERFUMES (LUIS ASCUÑA)', '00001317', '2022-12-26', '2022', '12', '008', '', 'PEN', 3.8270, 965.00, 1, '2022-12-26 22:59:53', '2022-12-26 22:59:53'),
	(318, 1, 'GRATIFICACIÓN DICIEMBRE 2022 (JUAN JOSÉ)', '00001318', '2022-12-26', '2022', '12', '008', '', 'PEN', 3.8270, 8963.70, 1, '2022-12-26 23:01:09', '2022-12-26 23:01:09'),
	(319, 1, 'GRATIFICACIÓN DICIEMBRE 2022 (GIOVANNA)	', '00001319', '2022-12-26', '2022', '12', '008', '', 'PEN', 3.8270, 2427.12, 1, '2022-12-26 23:01:49', '2022-12-26 23:01:49'),
	(320, 1, 'GRATIFICACIÓN DICIEMBRE 2022 (MOISES)	', '00001320', '2022-12-26', '2022', '12', '008', '', 'PEN', 3.8270, 1308.28, 1, '2022-12-26 23:02:18', '2022-12-26 23:02:18'),
	(321, 1, 'GRATIFICACIÓN DICIEMBRE 2022 (YANELA)	', '00001321', '2022-12-26', '2022', '12', '008', '', 'PEN', 3.8270, 1286.43, 1, '2022-12-26 23:02:55', '2022-12-26 23:02:55'),
	(322, 1, 'GRATIFICACIÓN DICIEMBRE 2022 (CRISTIAN)	', '00001322', '2022-12-26', '2022', '12', '008', '', 'PEN', 3.8270, 1311.41, 1, '2022-12-26 23:03:21', '2022-12-26 23:03:21'),
	(323, 1, 'GRATIFICACIÓN DICIEMBRE 2022 (LISSTH)	', '00001323', '2022-12-26', '2022', '12', '008', '', 'PEN', 3.8270, 1454.09, 1, '2022-12-26 23:03:49', '2022-12-26 23:03:49'),
	(324, 1, 'GRATIFICACIÓN DICIEMBRE 2022 (MARK)	', '00001324', '2022-12-26', '2022', '12', '008', '', 'PEN', 3.8270, 1820.68, 1, '2022-12-26 23:04:15', '2022-12-26 23:04:15'),
	(325, 1, 'GRATIFICACIÓN DICIEMBRE 2022 (MARIA)	', '00001325', '2022-12-26', '2022', '12', '008', '', 'PEN', 3.8270, 1310.73, 1, '2022-12-26 23:04:42', '2022-12-26 23:04:42'),
	(326, 1, 'GRATIFICACIÓN DICIEMBRE 2022 (MARIA)	', '00001326', '2022-12-26', '2022', '12', '008', '', 'PEN', 3.8270, 1199.00, 1, '2022-12-26 23:05:10', '2022-12-26 23:05:10'),
	(327, 1, 'COMPRA DE ACEITES', '00001327', '2022-12-26', '2022', '12', '008', '', 'PEN', 3.8270, 2170.00, 1, '2022-12-26 23:07:20', '2022-12-26 23:07:20'),
	(328, 1, 'CONSUMO DE COMBUSTIBLE', '00001328', '2022-12-26', '2022', '12', '008', '', 'PEN', 3.8270, 100.00, 1, '2022-12-26 23:07:45', '2022-12-26 23:07:45'),
	(329, 1, 'PAGO DE IMPUESTOS (NOVIEMBRE)', '00001329', '2022-12-26', '2022', '12', '008', '', 'PEN', 3.8270, 136.00, 1, '2022-12-26 23:08:25', '2022-12-26 23:08:25'),
	(330, 1, 'PAGO DE IMPUESTOS (NOVIEMBRE)	', '00001330', '2022-12-26', '2022', '12', '008', '', 'PEN', 3.8270, 306.00, 1, '2022-12-26 23:08:45', '2022-12-26 23:08:45'),
	(331, 1, 'PAGO DE IMPUESTOS (NOVIEMBRE)	', '00001331', '2022-12-26', '2022', '12', '008', '', 'PEN', 3.8270, 1560.00, 1, '2022-12-26 23:09:06', '2022-12-26 23:09:06'),
	(332, 1, 'PAGO DE IMPUESTOS (NOVIEMBRE)	', '00001332', '2022-12-26', '2022', '12', '008', '', 'PEN', 3.8270, 83.00, 1, '2022-12-26 23:09:24', '2022-12-26 23:09:24'),
	(333, 1, 'PAGO DE IMPUESTOS (NOVIEMBRE)	', '00001333', '2022-12-26', '2022', '12', '008', '', 'PEN', 3.8270, 938.00, 1, '2022-12-26 23:09:45', '2022-12-26 23:09:45'),
	(334, 1, 'PAGO DE IMPUESTOS (NOVIEMBRE)	', '00001334', '2022-12-26', '2022', '12', '008', '', 'PEN', 3.8270, 340.00, 1, '2022-12-26 23:10:03', '2022-12-26 23:10:03'),
	(335, 1, 'PAGO DE IMPUESTOS (NOVIEMBRE)	', '00001335', '2022-12-26', '2022', '12', '008', '', 'PEN', 3.8270, 8746.00, 1, '2022-12-26 23:10:24', '2022-12-26 23:10:24'),
	(336, 1, 'PAGO DE IMPUESTOS (NOVIEMBRE)	', '00001336', '2022-12-26', '2022', '12', '008', '', 'PEN', 3.8270, 366.00, 1, '2022-12-26 23:10:42', '2022-12-26 23:10:42'),
	(337, 1, 'PAGO DE CONSUMO ELECTRICO DE LA TIENDA SAN MARTIN', '00001337', '2022-12-26', '2022', '12', '008', '', 'PEN', 3.8270, 505.20, 1, '2022-12-26 23:11:33', '2022-12-26 23:12:02'),
	(338, 1, 'PAGO DE CONSUMO ELECTRICO DE LA TIENDA SAN MARTIN	', '00001338', '2022-12-26', '2022', '12', '008', '', 'PEN', 3.8270, 110.80, 1, '2022-12-26 23:12:22', '2022-12-26 23:12:22'),
	(339, 1, 'PAGO DE CONSUMO ELECTRICO DE LA TIENDA SAN MARTIN	', '00001339', '2022-12-26', '2022', '12', '008', '', 'PEN', 3.8270, 7.60, 1, '2022-12-26 23:12:36', '2022-12-26 23:12:36'),
	(340, 1, 'FLETE DE SALIDA (MUELLE 7 ZAPATILLAS)', '00001340', '2022-12-26', '2022', '12', '008', '', 'PEN', 3.8270, 300.00, 1, '2022-12-26 23:13:13', '2022-12-26 23:13:13'),
	(341, 1, 'COMPRA DE ACETONA PARA LIMPIEZA DE PRODUCTOS', '00001341', '2022-12-26', '2022', '12', '008', '', 'PEN', 3.8270, 25.00, 1, '2022-12-26 23:14:01', '2022-12-26 23:14:01'),
	(342, 1, 'COMPRA DE MACERADOS', '00001342', '2022-12-26', '2022', '12', '008', '', 'PEN', 3.8270, 1100.10, 1, '2022-12-26 23:14:29', '2022-12-26 23:14:29'),
	(343, 1, 'CONSUMO DE COMBUSTIBLE', '00001343', '2022-12-26', '2022', '12', '008', '', 'PEN', 3.8270, 100.00, 1, '2022-12-26 23:14:52', '2022-12-26 23:14:52'),
	(344, 1, 'COMPRA DE CANASTAS NAVIDEÑAS (11 CANASTAS)', '00001344', '2022-12-26', '2022', '12', '008', '', 'PEN', 3.8270, 979.00, 1, '2022-12-26 23:15:31', '2022-12-26 23:15:31'),
	(345, 1, 'PEDIDO DE PERFUMES (LUIS ASCUÑA)', '00001345', '2022-12-26', '2022', '12', '008', '', 'PEN', 3.8270, 965.00, 1, '2022-12-26 23:16:30', '2022-12-26 23:16:30'),
	(346, 1, 'CONSUMO DE COMBUSTIBLE', '00001346', '2022-12-26', '2022', '12', '008', '', 'PEN', 3.8270, 100.00, 1, '2022-12-26 23:16:53', '2022-12-26 23:16:53'),
	(347, 1, 'ADELANTO DE REMUNERACIÓN DE DICIEMBRE (JUAN JOSÉ)', '00001347', '2022-12-26', '2022', '12', '008', '', 'PEN', 3.8270, 4000.00, 1, '2022-12-26 23:18:03', '2022-12-26 23:18:18'),
	(348, 1, 'ADELANTO DE REMUNERACIÓN DE DICIEMBRE (GIOVANNA)	', '00001348', '2022-12-26', '2022', '12', '008', '', 'PEN', 3.8270, 1500.00, 1, '2022-12-26 23:18:51', '2022-12-26 23:18:51'),
	(349, 1, 'ADELANTO DE REMUNERACIÓN DE DICIEMBRE (MOISES)	', '00001349', '2022-12-26', '2022', '12', '008', '', 'PEN', 3.8270, 1000.00, 1, '2022-12-26 23:19:10', '2022-12-26 23:19:10'),
	(350, 1, 'ADELANTO DE REMUNERACIÓN DE DICIEMBRE (YANELA)	', '00001350', '2022-12-26', '2022', '12', '008', '', 'PEN', 3.8270, 1000.00, 1, '2022-12-26 23:19:41', '2022-12-26 23:19:41'),
	(351, 1, 'ADELANTO DE REMUNERACIÓN DE DICIEMBRE (CRISTIAN)	', '00001351', '2022-12-26', '2022', '12', '008', '', 'PEN', 3.8270, 1000.00, 1, '2022-12-26 23:20:04', '2022-12-26 23:20:04'),
	(352, 1, 'ADELANTO DE REMUNERACIÓN DE DICIEMBRE (LISSETH)	', '00001352', '2022-12-26', '2022', '12', '008', '', 'PEN', 3.8270, 1000.00, 1, '2022-12-26 23:20:27', '2022-12-26 23:20:27'),
	(353, 1, 'ADELANTO DE REMUNERACIÓN DE DICIEMBRE (MARK)	', '00001353', '2022-12-26', '2022', '12', '008', '', 'PEN', 3.8270, 1100.00, 1, '2022-12-26 23:20:56', '2022-12-26 23:20:56'),
	(354, 1, 'ADELANTO DE REMUNERACIÓN DE DICIEMBRE (MARIA)	', '00001354', '2022-12-26', '2022', '12', '008', '', 'PEN', 3.8270, 1000.00, 1, '2022-12-26 23:21:20', '2022-12-26 23:21:20'),
	(355, 1, 'ADELANTO DE REMUNERACIÓN DE DICIEMBRE (YENY)	', '00001355', '2022-12-26', '2022', '12', '008', '', 'PEN', 3.8270, 1000.00, 1, '2022-12-26 23:21:41', '2022-12-26 23:21:41'),
	(356, 1, 'ADELANTO DE REMUNERACIÓN DE DICIEMBRE (GABRIEL)	', '00001356', '2022-12-26', '2022', '12', '008', 'PERSONAL NUEVO', 'PEN', 3.8270, 500.00, 1, '2022-12-26 23:22:12', '2022-12-26 23:22:12'),
	(357, 1, 'ADELANTO DE REMUNERACIÓN DE DICIEMBRE (ELIZABETH)	', '00001357', '2022-12-26', '2022', '12', '008', 'PERSONAL NUEVO', 'PEN', 3.8270, 900.00, 1, '2022-12-26 23:22:47', '2022-12-26 23:22:47'),
	(358, 1, 'PAGO DE TRAMITES ZOFRATACNA (MUELLE 7)', '00001358', '2022-12-26', '2022', '12', '008', '', 'PEN', 3.8270, 104.94, 1, '2022-12-27 00:53:11', '2022-12-27 00:53:11'),
	(359, 1, 'PAGO DE TRAMITES ZOFRATACNA (MUELLE 7)	', '00001359', '2022-12-26', '2022', '12', '008', '', 'PEN', 3.8270, 34.20, 1, '2022-12-27 00:53:29', '2022-12-27 00:53:29'),
	(360, 1, 'PAGO DE TRAMITES ZOFRATACNA (MUELLE 7)	', '00001360', '2022-12-26', '2022', '12', '008', '', 'PEN', 3.8270, 456.60, 1, '2022-12-27 00:53:55', '2022-12-27 00:53:55'),
	(361, 1, 'PAGO DE TRAMITES ZOFRATACNA (MUELLE 7)	', '00001361', '2022-12-26', '2022', '12', '008', '', 'PEN', 3.8270, 127.30, 1, '2022-12-27 00:54:16', '2022-12-27 00:54:16'),
	(362, 1, 'PAGO DE TRAMITES ZOFRATACNA (MUELLE 7) ARANCEL', '00001362', '2022-12-26', '2022', '12', '008', '', 'PEN', 3.8270, 34566.20, 1, '2022-12-27 00:54:50', '2022-12-27 00:54:50'),
	(363, 1, 'PAGO DE TRAMITES A ALMACEN LOS ANDES', '00001363', '2022-12-26', '2022', '12', '008', '', 'PEN', 3.8270, 1339.00, 1, '2022-12-27 00:56:10', '2022-12-27 00:56:10'),
	(364, 1, 'PARA PAGO DE LICORES (SRA. DELIA)', '00001364', '2022-12-26', '2022', '12', '008', '', 'PEN', 3.8430, 180751.66, 1, '2022-12-27 01:25:15', '2022-12-27 01:25:15'),
	(365, 1, 'COMPRA DE BOLSAS DE TIENDA (DON RHILDO)', '00001365', '2023-01-02', '2022', '12', '008', '', 'PEN', 3.8200, 612.50, 1, '2023-01-02 16:14:25', '2023-01-02 16:14:25'),
	(366, 1, 'COMPRA DE BOLSAS DE TIENDA (DON RHILDO)	', '00001366', '2023-01-02', '2022', '12', '008', '', 'PEN', 3.8200, 612.50, 1, '2023-01-02 16:14:54', '2023-01-02 16:14:54'),
	(367, 1, 'COMPRA DE BOLSAS DE TIENDA (DON RHILDO)	', '00001367', '2023-01-02', '2022', '12', '008', '', 'PEN', 3.8200, 612.50, 1, '2023-01-02 16:15:16', '2023-01-02 16:15:16'),
	(368, 1, 'COMPRA DE BOLSAS DE TIENDA (DON RHILDO)	', '00001368', '2023-01-02', '2022', '12', '008', '', 'PEN', 3.8200, 612.50, 1, '2023-01-02 16:15:45', '2023-01-02 16:15:45'),
	(369, 1, 'HONORARIOS DON ANGEL', '00001369', '2023-01-02', '2022', '12', '008', '', 'PEN', 3.8200, 4500.00, 1, '2023-01-02 16:16:22', '2023-01-02 16:16:22'),
	(370, 1, 'COMPRA DE PAPEL TERMICO PARA BOLETA', '00001370', '2023-01-02', '2022', '12', '008', '', 'PEN', 3.8200, 480.00, 1, '2023-01-02 16:17:25', '2023-01-02 16:17:25'),
	(371, 1, 'COMPRA DE CHOCOLATES', '00001371', '2023-01-02', '2022', '12', '008', '', 'PEN', 3.8200, 3868.00, 1, '2023-01-02 16:19:13', '2023-01-02 16:19:13'),
	(372, 1, 'PAGO DE INTERNET DE LA TIENDA SAN MARTIN', '00001372', '2023-01-02', '2022', '12', '008', '', 'PEN', 3.8200, 111.00, 1, '2023-01-02 16:20:05', '2023-01-02 16:20:05'),
	(373, 1, 'PAGO DE INTERNET DE BODEGA AEROPUERTO', '00001373', '2023-01-02', '2022', '12', '008', '', 'PEN', 3.8200, 111.10, 1, '2023-01-02 16:20:54', '2023-01-02 16:20:54'),
	(374, 1, 'IMPUESTOS', '00001374', '2023-01-02', '2022', '12', '008', '', 'PEN', 3.8200, 69.00, 1, '2023-01-02 16:36:28', '2023-01-02 16:36:28'),
	(375, 1, 'IMPUESTOS	', '00001375', '2023-01-02', '2022', '12', '008', '', 'PEN', 3.8200, 69.00, 1, '2023-01-02 16:36:55', '2023-01-02 16:36:55'),
	(376, 1, 'IMPUESTOS	', '00001376', '2023-01-02', '2022', '12', '008', '', 'PEN', 3.8200, 11.00, 1, '2023-01-02 16:37:18', '2023-01-02 16:37:18'),
	(377, 1, 'IMPUESTOS	', '00001377', '2023-01-02', '2022', '12', '008', '', 'PEN', 3.8200, 1.00, 1, '2023-01-02 16:37:41', '2023-01-02 16:37:41'),
	(378, 1, 'IMPUESTOS	', '00001378', '2023-01-02', '2022', '12', '008', '', 'PEN', 3.8200, 2.00, 1, '2023-01-02 16:38:05', '2023-01-02 16:38:05'),
	(379, 1, 'CONSUMO DE COMBUSTIBLE', '00001379', '2023-01-02', '2022', '12', '008', '', 'PEN', 3.8200, 100.00, 1, '2023-01-02 16:38:46', '2023-01-02 16:38:46'),
	(380, 1, 'FABRICACIÓN DE ACRILICOS SKECHERS', '00001380', '2023-01-02', '2022', '12', '008', '', 'PEN', 3.8200, 200.00, 1, '2023-01-02 16:39:35', '2023-01-02 16:39:35'),
	(381, 1, 'COMPRA DE FRUTOS SECOS', '00001381', '2023-01-02', '2022', '12', '008', '', 'PEN', 3.8200, 300.00, 1, '2023-01-02 16:40:21', '2023-01-02 16:40:21'),
	(382, 1, 'PAGO DE CELULARES DE TIENDA Y PAGINA', '00001382', '2023-01-02', '2022', '12', '008', '', 'PEN', 3.8200, 235.00, 1, '2023-01-02 16:41:02', '2023-01-02 16:41:02'),
	(383, 1, 'COCHERA DIA Y NOCHE', '00001383', '2023-01-02', '2022', '12', '008', '', 'PEN', 3.8200, 300.00, 1, '2023-01-02 16:41:31', '2023-01-02 16:41:31'),
	(384, 1, 'PAGO POR MANEJO DE PAGINA WEB', '00001384', '2023-01-02', '2022', '12', '008', '', 'PEN', 3.8200, 1200.00, 1, '2023-01-02 16:42:01', '2023-01-02 16:42:01'),
	(385, 1, 'RESTANTE DE REMUNERACIÓN DEL MES DE DICIEMBRE (JUAN JOSÉ)', '00001385', '2023-01-16', '2023', '01', '008', '', 'PEN', 3.8060, 4768.40, 1, '2023-01-16 16:23:54', '2023-01-16 16:23:54'),
	(386, 1, 'RESTANTE DE REMUNERACIÓN DEL MES DE DICIEMBRE (GIOVANNA)	', '00001386', '2023-01-16', '2023', '01', '008', '', 'PEN', 3.8060, 1346.00, 1, '2023-01-16 16:24:23', '2023-01-16 16:24:23'),
	(387, 1, 'RESTANTE DE REMUNERACIÓN DEL MES DE DICIEMBRE (MOISES)	', '00001387', '2023-01-16', '2023', '01', '008', '', 'PEN', 3.8060, 847.80, 1, '2023-01-16 16:24:52', '2023-01-16 16:24:52'),
	(388, 1, 'RESTANTE DE REMUNERACIÓN DEL MES DE DICIEMBRE (YANELA)	', '00001388', '2023-01-16', '2023', '01', '008', '', 'PEN', 3.8060, 847.80, 1, '2023-01-16 16:25:22', '2023-01-16 16:25:22'),
	(389, 1, 'RESTANTE DE REMUNERACIÓN DEL MES DE DICIEMBRE (CRISTIAN)	', '00001389', '2023-01-16', '2023', '01', '008', '', 'PEN', 3.8060, 783.00, 1, '2023-01-16 16:25:57', '2023-01-16 16:25:57'),
	(390, 1, 'RESTANTE DE REMUNERACIÓN DEL MES DE DICIEMBRE (LISSETH)	', '00001390', '2023-01-16', '2023', '01', '008', '', 'PEN', 3.8060, 866.80, 1, '2023-01-16 16:26:50', '2023-01-16 16:26:50'),
	(391, 1, 'RESTANTE DE REMUNERACIÓN DEL MES DE DICIEMBRE (GABRIEL)	', '00001391', '2023-01-16', '2023', '01', '008', '', 'PEN', 3.8060, 780.60, 1, '2023-01-16 16:27:22', '2023-01-16 16:27:22'),
	(392, 1, 'RESTANTE DE REMUNERACIÓN DEL MES DE DICIEMBRE (MARK)	', '00001392', '2023-01-16', '2023', '01', '008', '', 'PEN', 3.8060, 1151.00, 1, '2023-01-16 16:28:03', '2023-01-16 16:28:03'),
	(393, 1, 'RESTANTE DE REMUNERACIÓN DEL MES DE DICIEMBRE (MARIA)	', '00001393', '2023-01-16', '2023', '01', '008', '', 'PEN', 3.8060, 796.80, 1, '2023-01-16 16:28:32', '2023-01-16 16:28:32'),
	(394, 1, 'RESTANTE DE REMUNERACIÓN DEL MES DE DICIEMBRE (YENY)	', '00001394', '2023-01-16', '2023', '01', '008', '', 'PEN', 3.8060, 614.80, 1, '2023-01-16 16:28:55', '2023-01-16 16:28:55'),
	(395, 1, 'RESTANTE DE REMUNERACIÓN DEL MES DE DICIEMBRE (ELIZABETH)	', '00001395', '2023-01-16', '2023', '01', '008', '', 'PEN', 3.8060, 498.60, 1, '2023-01-16 16:29:32', '2023-01-16 16:29:32'),
	(396, 1, 'PEDIDO DE PERFUMES (LUIS ASCUÑA)', '00001396', '2023-01-16', '2023', '01', '008', '', 'PEN', 3.8060, 965.00, 1, '2023-01-16 16:30:14', '2023-01-16 16:30:14'),
	(397, 1, 'COMPRA DE VIDRIO DE VITRINA', '00001397', '2023-01-16', '2023', '01', '008', '', 'PEN', 3.8060, 230.00, 1, '2023-01-16 16:30:44', '2023-01-16 16:30:44'),
	(398, 1, 'PAGO AFP INTEGRA', '00001398', '2023-01-16', '2023', '01', '008', '', 'PEN', 3.8060, 1057.35, 1, '2023-01-16 16:31:14', '2023-01-16 16:31:14'),
	(399, 1, 'PAGO AFP PRIMA', '00001399', '2023-01-16', '2023', '01', '008', '', 'PEN', 3.8060, 193.85, 1, '2023-01-16 16:31:40', '2023-01-16 16:31:40'),
	(400, 1, 'PAGO AFP HABITAT', '00001400', '2023-01-16', '2023', '01', '008', '', 'PEN', 3.8060, 163.40, 1, '2023-01-16 16:32:05', '2023-01-16 16:32:05'),
	(401, 1, 'CONSUMO DE COMBUSTIBLE', '00001401', '2023-01-16', '2023', '01', '008', '', 'PEN', 3.8060, 100.00, 1, '2023-01-16 16:32:30', '2023-01-16 16:32:30'),
	(402, 1, 'CONSUMO ELECTRICO AEROPUERTO (AGOSTO A DICIEMBRE 2022)', '00001402', '2023-01-16', '2023', '01', '008', '', 'PEN', 3.8060, 2691.13, 1, '2023-01-16 16:33:21', '2023-01-16 16:33:21'),
	(403, 1, 'CONSUMO DE ELECTRICIDAD DE LA TIENDA SAN MARTIN', '00001403', '2023-01-16', '2023', '01', '008', '', 'PEN', 3.8060, 7.40, 1, '2023-01-16 16:35:21', '2023-01-16 16:35:21'),
	(404, 1, 'CONSUMO DE ELECTRICIDAD DE LA TIENDA SAN MARTIN	', '00001404', '2023-01-16', '2023', '01', '008', '', 'PEN', 3.8060, 609.10, 1, '2023-01-16 16:35:47', '2023-01-16 16:35:47'),
	(405, 1, 'CONSUMO DE ELECTRICIDAD DE LA TIENDA SAN MARTIN	', '00001405', '2023-01-16', '2023', '01', '008', '', 'PEN', 3.8060, 172.60, 1, '2023-01-16 16:36:05', '2023-01-16 16:36:05'),
	(406, 1, 'FLETE DE SALIDA DE SIMPLIFICADO 5 EMPRESAS', '00001406', '2023-01-18', '2023', '01', '008', '', 'PEN', 3.8420, 50.00, 1, '2023-01-18 22:17:44', '2023-01-18 22:17:44'),
	(407, 1, 'ARANCEL DE SIMPLIFICADO OPERADORES DUTY FREE SAC', '00001407', '2023-01-18', '2023', '01', '008', '', 'PEN', 3.8420, 460.05, 1, '2023-01-18 22:20:22', '2023-01-18 22:20:22'),
	(408, 1, 'ALMACENAJE OPERADORES (SIMPLIFICADO)', '00001408', '2023-01-18', '2023', '01', '008', '', 'PEN', 3.8420, 102.30, 1, '2023-01-18 22:21:16', '2023-01-18 22:21:16'),
	(409, 1, 'ARANCEL DE SIMPLIFICADO IMPORTADORA ALISHA SAC	', '00001409', '2023-01-18', '2023', '01', '008', '', 'PEN', 3.8420, 482.09, 1, '2023-01-18 22:22:58', '2023-01-18 22:22:58'),
	(410, 1, 'ALMACENAJE ALISHA (SIMPLIFICADO)	', '00001410', '2023-01-18', '2023', '01', '008', '', 'PEN', 3.8420, 102.30, 1, '2023-01-18 22:23:26', '2023-01-18 22:23:26'),
	(411, 1, 'ARANCEL DE SIMPLIFICADO IMPORT EXPORT LAVIN SAC	', '00001411', '2023-01-18', '2023', '01', '008', '', 'PEN', 3.8420, 390.47, 1, '2023-01-18 22:24:40', '2023-01-18 22:24:40'),
	(412, 1, 'ALMACENAJE LAVIN (SIMPLIFICADO)	', '00001412', '2023-01-18', '2023', '01', '008', '', 'PEN', 3.8420, 102.30, 1, '2023-01-18 22:25:04', '2023-01-18 22:25:04'),
	(413, 1, 'ARANCEL DE SIMPLIFICADO INVERSIONES JAI MATADI SAC	', '00001413', '2023-01-18', '2023', '01', '008', '', 'PEN', 3.8420, 478.93, 1, '2023-01-18 22:26:09', '2023-01-18 22:26:09'),
	(414, 1, 'ALMACENAJE JAI MATADI (SIMPLIFICADO)	', '00001414', '2023-01-18', '2023', '01', '008', '', 'PEN', 3.8420, 102.30, 1, '2023-01-18 22:26:39', '2023-01-18 22:26:39'),
	(415, 1, 'ARANCEL DE SIMPLIFICADO MORYA SERVICIOS E IMPORTACIONES SAC	', '00001415', '2023-01-18', '2023', '01', '008', '', 'PEN', 3.8420, 482.15, 1, '2023-01-18 22:27:45', '2023-01-18 22:27:45'),
	(416, 1, 'ALMACENAJE MORYA (SIMPLIFICADO)	', '00001416', '2023-01-18', '2023', '01', '008', '', 'PEN', 3.8420, 107.30, 1, '2023-01-18 22:28:12', '2023-01-18 22:28:12'),
	(417, 1, 'CONSUMO DE COMBUSTIBLE', '00001417', '2023-01-28', '2023', '01', '008', '', 'PEN', 3.8290, 100.00, 1, '2023-01-28 17:01:47', '2023-01-28 17:01:47'),
	(418, 1, 'PESAJE DE MERCADERIA DE MUELLE 7', '00001418', '2023-01-28', '2023', '01', '008', '', 'PEN', 3.8290, 23.80, 1, '2023-01-28 17:03:27', '2023-01-28 17:03:27'),
	(419, 1, 'PAGO DE ARANCEL (MUELLE )', '00001419', '2023-01-28', '2023', '01', '008', '', 'PEN', 3.8290, 25687.20, 1, '2023-01-28 17:03:59', '2023-01-28 17:03:59'),
	(420, 1, 'PAGO DE STICKERS ZOFRATACNA', '00001420', '2023-01-28', '2023', '01', '008', '', 'PEN', 3.8290, 32.64, 1, '2023-01-28 17:04:45', '2023-01-28 17:04:45'),
	(421, 1, 'PAGO DE CODIGO DE BARRA ZOFRATACNA', '00001421', '2023-01-28', '2023', '01', '008', '', 'PEN', 3.8290, 5.05, 1, '2023-01-28 17:05:10', '2023-01-28 17:05:10'),
	(422, 1, 'PAGO DERECHO DE INGRESO ZOFRATACNA', '00001422', '2023-01-28', '2023', '01', '008', '', 'PEN', 3.8290, 409.70, 1, '2023-01-28 17:05:46', '2023-01-28 17:05:46'),
	(423, 1, 'SERVICIO DE TRAMITACIÓN - ALMACEN LOS ANDES', '00001423', '2023-01-28', '2023', '01', '008', '', 'PEN', 3.8290, 1300.00, 1, '2023-01-28 17:06:26', '2023-01-28 17:06:26'),
	(424, 1, 'FLETE DE SALIDA (MUELLE 7)', '00001424', '2023-01-28', '2023', '01', '008', '', 'PEN', 3.8290, 250.00, 1, '2023-01-28 17:06:55', '2023-01-28 17:06:55'),
	(425, 1, 'PAGO DE TRIBUTOS', '00001425', '2023-01-28', '2023', '01', '008', '', 'PEN', 3.8290, 281.00, 1, '2023-01-28 17:08:10', '2023-01-28 17:08:10'),
	(426, 1, 'PAGO DE TRIBUTOS	', '00001426', '2023-01-28', '2023', '01', '008', '', 'PEN', 3.8290, 693.00, 1, '2023-01-28 17:08:26', '2023-01-28 17:08:26'),
	(427, 1, 'PAGO DE TRIBUTOS	', '00001427', '2023-01-28', '2023', '01', '008', '', 'PEN', 3.8290, 346.00, 1, '2023-01-28 17:08:41', '2023-01-28 17:08:41'),
	(428, 1, 'PAGO DE TRIBUTOS', '00001428', '2023-01-28', '2023', '01', '008', '', 'PEN', 3.8290, 1171.00, 1, '2023-01-28 17:09:08', '2023-01-28 17:09:08'),
	(429, 1, 'PAGO DE TRIBUTOS	', '00001429', '2023-01-28', '2023', '01', '008', '', 'PEN', 3.8290, 12670.00, 1, '2023-01-28 17:09:31', '2023-01-28 17:09:31'),
	(430, 1, 'PAGO DE TRIBUTOS	', '00001430', '2023-01-28', '2023', '01', '008', '', 'PEN', 3.8290, 183.00, 1, '2023-01-28 17:09:49', '2023-01-28 17:09:49'),
	(431, 1, 'PAGO DE TRIBUTOS	', '00001431', '2023-01-28', '2023', '01', '008', '', 'PEN', 3.8290, 131.00, 1, '2023-01-28 17:10:08', '2023-01-28 17:10:08'),
	(432, 1, 'PEDIDO DE PERFUMES - LUIS ASCUÑA', '00001432', '2023-01-28', '2023', '01', '008', '', 'PEN', 3.8290, 965.00, 1, '2023-01-28 17:10:34', '2023-01-28 17:10:34'),
	(433, 1, 'ALMACENAJE ZOFRATACNA', '00001433', '2023-01-28', '2023', '01', '008', '', 'PEN', 3.8290, 105.60, 1, '2023-01-28 17:11:18', '2023-01-28 17:11:18'),
	(434, 1, 'ARANCEL PERFUMES ETERNITY VARON (REGISTRO)', '00001434', '2023-01-28', '2023', '01', '008', '', 'PEN', 3.8290, 82.80, 1, '2023-01-28 17:11:55', '2023-01-28 17:11:55'),
	(435, 1, 'COMPRA DE PRODUCTOS', '00001435', '2023-01-28', '2023', '01', '008', '', 'PEN', 3.8290, 2508.40, 9, '2023-01-28 17:12:21', '2023-02-03 01:46:45'),
	(436, 1, 'PAGO POR TRAMITACIÓN DE 136 REGISTROS DE PERFUMES', '00001436', '2023-01-28', '2023', '01', '008', '', 'PEN', 3.8290, 6800.00, 1, '2023-01-28 17:12:54', '2023-01-28 17:12:54'),
	(437, 1, 'BOLETA LIQUIDACIÓN DE PERSONAL (ELIZABETH)', '00001437', '2023-01-28', '2023', '01', '008', '', 'PEN', 3.8290, 679.60, 1, '2023-01-28 17:13:51', '2023-01-28 17:13:51'),
	(438, 1, 'PAGO DE BONIFICACIONES PERSONAL LIQUIDADO', '00001438', '2023-01-28', '2023', '01', '008', '', 'PEN', 3.8290, 165.00, 1, '2023-01-28 17:14:22', '2023-01-28 17:14:22'),
	(439, 1, 'PAGO RESUMEN DE LIQUIDACIÓN', '00001439', '2023-01-28', '2023', '01', '008', '', 'PEN', 3.8290, 64.72, 1, '2023-01-28 17:14:47', '2023-01-28 17:14:47'),
	(440, 1, 'ADELANTO DE REMUNERACIÓN DEL MES DE ENERO (JUAN JOSÉ)', '00001440', '2023-01-28', '2023', '01', '008', '', 'PEN', 3.8290, 4000.00, 1, '2023-01-28 17:15:40', '2023-01-28 17:15:40'),
	(441, 1, 'ADELANTO DE REMUNERACIÓN DEL MES DE ENERO (GIOVANNA)	', '00001441', '2023-01-28', '2023', '01', '008', '', 'PEN', 3.8290, 1500.00, 1, '2023-01-28 17:16:13', '2023-01-28 17:16:13'),
	(442, 1, 'ADELANTO DE REMUNERACIÓN DEL MES DE ENERO (MOISES)	', '00001442', '2023-01-28', '2023', '01', '008', '', 'PEN', 3.8290, 1000.00, 1, '2023-01-28 17:16:34', '2023-01-28 17:16:34'),
	(443, 1, 'ADELANTO DE REMUNERACIÓN DEL MES DE ENERO (YANELA)	', '00001443', '2023-01-28', '2023', '01', '008', '', 'PEN', 3.8290, 1000.00, 1, '2023-01-28 17:16:57', '2023-01-28 17:16:57'),
	(444, 1, 'ADELANTO DE REMUNERACIÓN DEL MES DE ENERO (CRISTIAN)	', '00001444', '2023-01-28', '2023', '01', '008', '', 'PEN', 3.8290, 1000.00, 1, '2023-01-28 17:17:17', '2023-01-28 17:17:17'),
	(445, 1, 'ADELANTO DE REMUNERACIÓN DEL MES DE ENERO (LESSETH)	', '00001445', '2023-01-28', '2023', '01', '008', '', 'PEN', 3.8290, 1000.00, 1, '2023-01-28 17:17:40', '2023-01-28 17:17:40'),
	(446, 1, 'ADELANTO DE REMUNERACIÓN DEL MES DE ENERO (GABRIEL)	', '00001446', '2023-01-28', '2023', '01', '008', '', 'PEN', 3.8290, 1000.00, 1, '2023-01-28 17:18:05', '2023-01-28 17:18:05'),
	(447, 1, 'ADELANTO DE REMUNERACIÓN DEL MES DE ENERO (MARK)	', '00001447', '2023-01-28', '2023', '01', '008', '', 'PEN', 3.8290, 1100.00, 1, '2023-01-28 17:18:25', '2023-01-28 17:18:25'),
	(448, 1, 'ADELANTO DE REMUNERACIÓN DEL MES DE ENERO (MARIA)	', '00001448', '2023-01-28', '2023', '01', '008', '', 'PEN', 3.8290, 1000.00, 1, '2023-01-28 17:18:49', '2023-01-28 17:18:49'),
	(449, 1, 'ADELANTO DE REMUNERACIÓN DEL MES DE ENERO (YENY)	', '00001449', '2023-01-28', '2023', '01', '008', '', 'PEN', 3.8290, 1000.00, 1, '2023-01-28 17:19:08', '2023-01-28 17:19:08'),
	(450, 1, 'COMPRA DE PRODUCTOS', '00001450', '2023-01-28', '2023', '01', '008', '', 'PEN', 3.8290, 1285.73, 1, '2023-01-28 17:19:50', '2023-01-28 17:19:50'),
	(451, 1, 'PAGO DE ARANCEL (MUELLE 7)', '00001451', '2023-01-28', '2023', '01', '008', '', 'PEN', 3.8290, 25699.20, 1, '2023-01-28 17:20:21', '2023-01-28 17:20:21'),
	(452, 1, 'PESAJE DE MERCADERIA DE MUELLE 7	', '00001452', '2023-01-28', '2023', '01', '008', '', 'PEN', 3.8290, 23.80, 1, '2023-01-28 17:21:48', '2023-01-28 17:21:48'),
	(453, 1, 'PAGO DERECHO DE INGRESO ZOFRATACNA	', '00001453', '2023-01-28', '2023', '01', '008', '', 'PEN', 3.8290, 396.40, 1, '2023-01-28 17:23:06', '2023-01-28 17:23:06'),
	(454, 1, 'PAGO DE STICKERS - ZOFRATACNA', '00001454', '2023-01-28', '2023', '01', '008', '', 'PEN', 3.8290, 36.81, 1, '2023-01-28 17:23:37', '2023-01-28 17:23:37'),
	(455, 1, 'FLETE DE SALIDA (MUELLE 7)', '00001455', '2023-01-28', '2023', '01', '008', '', 'PEN', 3.8290, 250.00, 1, '2023-01-28 17:24:08', '2023-01-28 17:24:08'),
	(456, 1, 'SERVICIO DE TRAMITE - LOS ANDES', '00001456', '2023-02-02', '2023', '01', '008', '', 'PEN', 3.8480, 1350.00, 1, '2023-02-03 01:13:48', '2023-02-03 01:13:48'),
	(457, 1, 'COMPRA DE PRODUCTOS', '00001457', '2023-02-02', '2023', '01', '008', '', 'PEN', 3.8480, 2508.40, 1, '2023-02-03 01:15:08', '2023-02-03 01:15:08'),
	(458, 1, 'COMPRA DE UTILES DE ASEO', '00001458', '2023-02-02', '2023', '01', '008', '', 'PEN', 3.8480, 50.50, 1, '2023-02-03 01:15:47', '2023-02-03 01:15:47'),
	(459, 1, 'COMPRA DE UTILES DE ESCRITORIO', '00001459', '2023-02-02', '2023', '01', '008', '', 'PEN', 3.8480, 208.90, 1, '2023-02-03 01:16:34', '2023-02-03 01:16:34'),
	(460, 1, 'PAGO DE INTERNET ALMACEN AEROPUERTO', '00001460', '2023-02-02', '2023', '01', '008', '', 'PEN', 3.8480, 110.90, 1, '2023-02-03 01:17:11', '2023-02-03 01:17:11'),
	(461, 1, 'PAGO DE INTERNET DE LA TIENDA SAN MARTIN', '00001461', '2023-02-02', '2023', '01', '008', '', 'PEN', 3.8480, 120.90, 1, '2023-02-03 01:17:59', '2023-02-03 01:17:59'),
	(462, 1, 'PEDIDO DE PERFUMES - LUIS ASCUÑA (250 UNIDADES)', '00001462', '2023-02-02', '2023', '01', '008', '', 'PEN', 3.8480, 1620.00, 1, '2023-02-03 01:18:38', '2023-02-03 01:18:38'),
	(463, 1, 'MANEJO DE PAGINA WEB', '00001463', '2023-02-02', '2023', '01', '008', '', 'PEN', 3.8480, 1200.00, 1, '2023-02-03 01:19:07', '2023-02-03 01:19:07'),
	(464, 1, 'PAGO DE CELULARES DPG', '00001464', '2023-02-02', '2023', '01', '008', '', 'PEN', 3.8480, 235.00, 1, '2023-02-03 01:19:38', '2023-02-03 01:19:38'),
	(465, 1, 'PAGO DE COCHERA DIA Y NOCHE', '00001465', '2023-02-02', '2023', '01', '008', '', 'PEN', 3.8480, 300.00, 1, '2023-02-03 01:20:12', '2023-02-03 01:20:12'),
	(466, 1, 'PEDIDO DE PERFUMES - MARGARITA ANAHUA (100 UNIDADES)', '00001466', '2023-02-02', '2023', '01', '008', '', 'PEN', 3.8480, 600.00, 1, '2023-02-03 01:20:53', '2023-02-03 01:20:53'),
	(467, 1, 'PAGO CONTADOR', '00001467', '2023-02-02', '2023', '01', '008', '', 'PEN', 3.8480, 3500.00, 1, '2023-02-03 01:23:27', '2023-02-03 01:23:27'),
	(468, 1, 'CONSUMO DE COMBUSTIBLE', '00001468', '2023-02-02', '2023', '01', '008', '', 'PEN', 3.8480, 100.00, 1, '2023-02-03 01:25:31', '2023-02-03 01:25:31'),
	(469, 1, 'PROSEGUR ALARMA', '00001469', '2023-02-25', '2023', '02', '008', '', 'PEN', 3.8200, 140.00, 1, '2023-02-25 16:52:32', '2023-02-25 16:52:32'),
	(470, 1, 'VIGENCIA DE PODER (CASO INDECOPI)', '00001470', '2023-02-25', '2023', '02', '008', '', 'PEN', 3.8200, 30.00, 1, '2023-02-25 16:54:59', '2023-02-25 16:54:59'),
	(471, 1, 'FICHA REGISTRAL (CASO INDECOPI)', '00001471', '2023-02-25', '2023', '02', '008', '', 'PEN', 3.8200, 36.00, 1, '2023-02-25 16:55:30', '2023-02-25 16:55:30'),
	(472, 1, 'REPORTE DE ZOFRATACNA', '00001472', '2023-02-25', '2023', '02', '008', '', 'PEN', 3.8200, 26.70, 1, '2023-02-25 16:56:14', '2023-02-25 16:56:14'),
	(473, 1, 'MOVILIDAD PARA TRAMITES (DOÑA JUANA)', '00001473', '2023-02-25', '2023', '02', '008', '', 'PEN', 3.8200, 68.00, 1, '2023-02-25 16:56:43', '2023-02-25 16:56:43'),
	(474, 1, 'CONSUMO DE COMBUSTIBLE', '00001474', '2023-02-25', '2023', '02', '008', '', 'PEN', 3.8200, 100.00, 1, '2023-02-25 16:57:40', '2023-02-25 16:57:40'),
	(475, 1, 'COMPRA DE LAPTOP PARA ADMINISTRACIÓN DPG', '00001475', '2023-02-25', '2023', '02', '008', '', 'PEN', 3.8200, 3850.00, 1, '2023-02-25 16:58:18', '2023-02-25 16:58:38'),
	(476, 1, 'RESTANTE DE REMUNERACIÓN DE ENERO (MARK)', '00001476', '2023-02-25', '2023', '02', '008', '', 'PEN', 3.8200, 817.80, 1, '2023-02-25 16:59:40', '2023-02-25 16:59:40'),
	(477, 1, 'RESTANTE DE REMUNERACIÓN DE ENERO (MARIA)	', '00001477', '2023-02-25', '2023', '02', '008', '', 'PEN', 3.8200, 426.10, 1, '2023-02-25 17:00:08', '2023-02-25 17:00:08'),
	(478, 1, 'RESTANTE DE REMUNERACIÓN DE ENERO (YENY)	', '00001478', '2023-02-25', '2023', '02', '008', '', 'PEN', 3.8200, 325.80, 1, '2023-02-25 17:00:38', '2023-02-25 17:00:38'),
	(479, 1, 'RESTANTE DE REMUNERACIÓN DE ENERO (GABRIEL)	', '00001479', '2023-02-25', '2023', '02', '008', '', 'PEN', 3.8200, 340.60, 1, '2023-02-25 17:01:16', '2023-02-25 17:01:16'),
	(480, 1, 'RESTANTE DE REMUNERACIÓN DE ENERO (YANELA)	', '00001480', '2023-02-25', '2023', '02', '008', '', 'PEN', 3.8200, 340.60, 1, '2023-02-25 17:01:43', '2023-02-25 17:01:43'),
	(481, 1, 'RESTANTE DE REMUNERACIÓN DE ENERO (MOISES)	', '00001481', '2023-02-25', '2023', '02', '008', '', 'PEN', 3.8200, 340.60, 1, '2023-02-25 17:02:13', '2023-02-25 17:02:13'),
	(482, 1, 'RESTANTE DE REMUNERACIÓN DE ENERO (LISSETH)	', '00001482', '2023-02-25', '2023', '02', '008', '', 'PEN', 3.8200, 418.60, 1, '2023-02-25 17:02:54', '2023-02-25 17:02:54'),
	(483, 1, 'RESTANTE DE REMUNERACIÓN DE ENERO (JUAN JOSÉ)	', '00001483', '2023-02-25', '2023', '02', '008', '', 'PEN', 3.8200, 4178.30, 1, '2023-02-25 17:03:33', '2023-02-25 17:03:33'),
	(484, 1, 'RESTANTE DE REMUNERACIÓN DE ENERO (GIOVANNA)	', '00001484', '2023-02-25', '2023', '02', '008', '', 'PEN', 3.8200, 834.70, 1, '2023-02-25 17:04:14', '2023-02-25 17:04:14'),
	(485, 1, 'RESTANTE DE REMUNERACIÓN DE ENERO (CRISTIAN)	', '00001485', '2023-02-25', '2023', '02', '008', '', 'PEN', 3.8200, 300.20, 1, '2023-02-25 17:04:43', '2023-02-25 17:04:43'),
	(486, 1, 'ADELANTO PARA CONSTRUCCIÓN DE MUEBLES SKECHERS', '00001486', '2023-02-25', '2023', '02', '008', '', 'PEN', 3.8200, 15000.00, 1, '2023-02-25 17:05:24', '2023-02-25 17:05:24'),
	(487, 1, 'PEDIDO DE PERFUMES 149 UNI. (MARGARITA)', '00001487', '2023-02-25', '2023', '02', '008', '', 'PEN', 3.8200, 605.00, 1, '2023-02-25 17:06:27', '2023-02-25 17:06:27'),
	(488, 1, 'CONSUMO DE COMBUSTILE', '00001488', '2023-02-25', '2023', '02', '008', '', 'PEN', 3.8200, 100.00, 1, '2023-02-25 17:07:49', '2023-02-25 17:07:49'),
	(489, 1, 'COMPRA DE PRODUCTOS CARTY', '00001489', '2023-02-25', '2023', '02', '008', '', 'PEN', 3.8200, 777.66, 1, '2023-02-25 17:08:25', '2023-02-25 17:08:25'),
	(490, 1, 'SALIDA DE LICORES PARA CUADRE DE INVENTARIO', '00001490', '2023-02-25', '2023', '02', '008', '', 'PEN', 3.8200, 303.00, 1, '2023-02-25 17:09:10', '2023-02-25 17:09:10'),
	(491, 1, 'RENOVACIÓN DE CERTIFICADO ELECTRONICO SUNAT (INVERSIONES DPG)', '00001491', '2023-02-25', '2023', '02', '008', '', 'PEN', 3.8200, 250.00, 1, '2023-02-25 17:10:21', '2023-02-25 17:10:45'),
	(492, 1, 'PEDIDO DE PERFUMES 250 UNI. (LUIS ASCUÑA)', '00001492', '2023-02-25', '2023', '02', '008', '', 'PEN', 3.8200, 1625.00, 1, '2023-02-25 17:11:28', '2023-02-25 17:11:28'),
	(493, 1, 'PEDIDO DE PERFUMES 150 UNI. (MARGARITA)', '00001493', '2023-02-25', '2023', '02', '008', '', 'PEN', 3.8200, 800.00, 1, '2023-02-25 17:12:01', '2023-02-25 17:12:01'),
	(494, 1, 'PAGO DE AFP PRIMA', '00001494', '2023-02-25', '2023', '02', '008', '', 'PEN', 3.8200, 194.10, 1, '2023-02-25 17:12:42', '2023-02-25 17:12:42'),
	(495, 1, 'PAGO DE AFP HABITAT', '00001495', '2023-02-25', '2023', '02', '008', '', 'PEN', 3.8200, 145.20, 1, '2023-02-25 17:13:11', '2023-02-25 17:13:11'),
	(496, 1, 'PAGO DE AFP INTEGRA', '00001496', '2023-02-25', '2023', '02', '008', '', 'PEN', 3.8200, 993.50, 1, '2023-02-25 17:13:43', '2023-02-25 17:13:43'),
	(497, 1, 'PAGO DE IMPUESTOS ENERO', '00001497', '2023-02-25', '2023', '02', '008', '', 'PEN', 3.8200, 130.00, 1, '2023-02-25 17:14:17', '2023-02-25 17:14:17'),
	(498, 1, 'PAGO DE IMPUESTOS ENERO	', '00001498', '2023-02-25', '2023', '02', '008', '', 'PEN', 3.8200, 183.00, 1, '2023-02-25 17:14:43', '2023-02-25 17:14:43'),
	(499, 1, 'PAGO DE IMPUESTOS ENERO	', '00001499', '2023-02-25', '2023', '02', '008', '', 'PEN', 3.8200, 7441.00, 1, '2023-02-25 17:15:05', '2023-02-25 17:15:05'),
	(500, 1, 'PAGO DE IMPUESTOS ENERO	', '00001500', '2023-02-25', '2023', '02', '008', '', 'PEN', 3.8200, 315.00, 1, '2023-02-25 17:15:19', '2023-02-25 17:15:19'),
	(501, 1, 'PAGO DE IMPUESTOS ENERO	', '00001501', '2023-02-25', '2023', '02', '008', '', 'PEN', 3.8200, 1082.00, 1, '2023-02-25 17:15:35', '2023-02-25 17:15:35'),
	(502, 1, 'PAGO DE IMPUESTOS ENERO	', '00001502', '2023-02-25', '2023', '02', '008', '', 'PEN', 3.8200, 199.00, 1, '2023-02-25 17:15:57', '2023-02-25 17:15:57'),
	(503, 1, 'PAGO DE DETRACCIONES', '00001503', '2023-02-25', '2023', '02', '008', '', 'PEN', 3.8200, 3470.00, 1, '2023-02-25 17:16:57', '2023-02-25 17:16:57'),
	(504, 1, 'CONSUMO DE ELECTRICIDAD DE LA TIENDA SAN MARTIN', '00001504', '2023-02-25', '2023', '02', '008', '', 'PEN', 3.8200, 416.70, 1, '2023-02-25 17:18:16', '2023-02-25 17:18:16'),
	(505, 1, 'CONSUMO DE ELECTRICIDAD DE LA TIENDA SAN MARTIN	', '00001505', '2023-02-25', '2023', '02', '008', '', 'PEN', 3.8200, 7.70, 1, '2023-02-25 17:18:37', '2023-02-25 17:18:37'),
	(506, 1, 'CONSUMO DE ELECTRICIDAD DE LA TIENDA SAN MARTIN	', '00001506', '2023-02-25', '2023', '02', '008', '', 'PEN', 3.8200, 94.20, 1, '2023-02-25 17:18:54', '2023-02-25 17:18:54'),
	(507, 1, 'COMPRA DE PRODUCTOS OLIVE PACK', '00001507', '2023-02-25', '2023', '02', '008', '', 'PEN', 3.8200, 1040.76, 1, '2023-02-25 17:19:46', '2023-02-25 17:19:46'),
	(508, 1, 'COMPRA DE PRODUCTOS MACERADOS', '00001508', '2023-02-25', '2023', '02', '008', '', 'PEN', 3.8200, 550.20, 1, '2023-02-25 17:22:06', '2023-02-25 17:22:06'),
	(509, 1, 'COMPRA DE ACEITES ', '00001509', '2023-02-25', '2023', '02', '008', '', 'PEN', 3.8200, 2019.00, 1, '2023-02-25 17:22:31', '2023-02-25 17:22:31'),
	(510, 1, 'CONSUMO DE COMBUSTIBLE', '00001510', '2023-03-01', '2023', '02', '008', '', 'PEN', 3.8100, 100.00, 1, '2023-03-02 00:14:48', '2023-03-02 00:14:48'),
	(511, 1, 'PEDIDO DE PERFUMES (LUIS ASCUÑA)', '00001511', '2023-03-01', '2023', '02', '008', '', 'PEN', 3.8100, 1625.00, 1, '2023-03-02 00:15:30', '2023-03-02 00:15:30'),
	(512, 1, 'COMPRA DE MATERIAL PARA ILUMIAR MUEBLES NUEVOS ', '00001512', '2023-03-01', '2023', '02', '008', '', 'PEN', 3.8100, 110.00, 1, '2023-03-02 00:17:40', '2023-03-02 00:17:40'),
	(513, 1, 'COMPRA DE MATERIAL PARA ILUMIAR MUEBLES NUEVOS	', '00001513', '2023-03-01', '2023', '02', '008', '', 'PEN', 3.8100, 23.20, 1, '2023-03-02 00:18:16', '2023-03-02 00:18:16'),
	(514, 1, 'COMPRA DE ACCESORIOS PARA CAMARAS DE VIGILANCIA', '00001514', '2023-03-01', '2023', '02', '008', '', 'PEN', 3.8100, 18.00, 1, '2023-03-02 00:19:14', '2023-03-02 00:19:14'),
	(515, 1, 'COMPRA DE MATERIAL PARA ILUMIAR MUEBLES NUEVOS	', '00001515', '2023-03-01', '2023', '02', '008', '', 'PEN', 3.8100, 20.00, 1, '2023-03-02 00:19:37', '2023-03-02 00:19:37'),
	(516, 1, 'COMPRA DE MATERIALES PARA MANTENIMIENTO DE PAREDES DE TIENDA SAN MARTIN', '00001516', '2023-03-01', '2023', '02', '008', '', 'PEN', 3.8100, 12.00, 1, '2023-03-02 00:21:09', '2023-03-02 00:21:09'),
	(517, 1, 'COMPRA DE VACACIONES (GIOVANNA)', '00001517', '2023-03-01', '2023', '02', '008', '', 'PEN', 3.8100, 2000.00, 1, '2023-03-02 00:22:36', '2023-03-02 00:22:36'),
	(518, 1, 'ADELANTO DE REMUNERACIÓN DEL MES DE FEBRERO (JUAN JOSÉ)', '00001518', '2023-03-01', '2023', '02', '008', '', 'PEN', 3.8100, 4000.00, 1, '2023-03-02 00:23:29', '2023-03-02 00:23:29'),
	(519, 1, 'ADELANTO DE REMUNERACIÓN DEL MES DE FEBRERO (GIOVANNA)	', '00001519', '2023-03-01', '2023', '02', '008', '', 'PEN', 3.8100, 1500.00, 1, '2023-03-02 00:23:59', '2023-03-02 00:23:59'),
	(520, 1, 'ADELANTO DE REMUNERACIÓN DEL MES DE FEBRERO (MOISES)	', '00001520', '2023-03-01', '2023', '02', '008', '', 'PEN', 3.8100, 1000.00, 1, '2023-03-02 00:25:01', '2023-03-02 00:25:01'),
	(521, 1, 'ADELANTO DE REMUNERACIÓN DEL MES DE FEBRERO (CRISTIAN)	', '00001521', '2023-03-01', '2023', '02', '008', '', 'PEN', 3.8100, 1000.00, 1, '2023-03-02 00:25:37', '2023-03-02 00:25:37'),
	(522, 1, 'ADELANTO DE REMUNERACIÓN DEL MES DE FEBRERO (LISSETH)	', '00001522', '2023-03-01', '2023', '02', '008', '', 'PEN', 3.8100, 1000.00, 1, '2023-03-02 00:26:23', '2023-03-02 00:26:23'),
	(523, 1, 'ADELANTO DE REMUNERACIÓN DEL MES DE FEBRERO (GABRIEL)	', '00001523', '2023-03-01', '2023', '02', '008', '', 'PEN', 3.8100, 1000.00, 1, '2023-03-02 00:26:57', '2023-03-02 00:26:57'),
	(524, 1, 'ADELANTO DE REMUNERACIÓN DEL MES DE FEBRERO (YANELA)	', '00001524', '2023-03-01', '2023', '02', '008', '', 'PEN', 3.8100, 1000.00, 1, '2023-03-02 00:27:27', '2023-03-02 00:27:27'),
	(525, 1, 'ADELANTO DE REMUNERACIÓN DEL MES DE FEBRERO (MARK)	', '00001525', '2023-03-01', '2023', '02', '008', '', 'PEN', 3.8100, 1100.00, 1, '2023-03-02 00:27:59', '2023-03-02 00:27:59'),
	(526, 1, 'ADELANTO DE REMUNERACIÓN DEL MES DE FEBRERO (YENY)	', '00001526', '2023-03-01', '2023', '02', '008', '', 'PEN', 3.8100, 1000.00, 1, '2023-03-02 00:28:35', '2023-03-02 00:28:35'),
	(527, 1, 'ADELANTO DE REMUNERACIÓN DEL MES DE FEBRERO (MARIA)	', '00001527', '2023-03-01', '2023', '02', '008', '', 'PEN', 3.8100, 1000.00, 1, '2023-03-02 00:28:59', '2023-03-02 00:28:59'),
	(528, 1, 'COMPRA DE UTILES PARA MANTENIMIENTO DE PAREDES DE TIENDA SAN MARTIN', '00001528', '2023-03-01', '2023', '02', '008', '', 'PEN', 3.8100, 53.00, 1, '2023-03-02 00:30:06', '2023-03-02 00:30:30'),
	(529, 1, 'HONORARIOS DON ANGEL', '00001529', '2023-03-01', '2023', '02', '008', '', 'PEN', 3.8100, 3500.00, 1, '2023-03-02 00:31:02', '2023-03-02 00:31:02'),
	(530, 1, 'COMPRA DE PANELES LED PARA CAMBIO EN TIENDA SAN MARTIN', '00001530', '2023-03-01', '2023', '02', '008', '', 'PEN', 3.8100, 375.60, 1, '2023-03-02 00:31:57', '2023-03-02 00:31:57'),
	(531, 1, 'PRESTAMO PARA PERSOAL DPG (MOISES)', '00001531', '2023-03-01', '2023', '02', '008', '', 'PEN', 3.8100, 1000.00, 1, '2023-03-02 00:32:25', '2023-03-02 00:32:25'),
	(532, 1, 'CONSUMO DE COMBUSTIBLE', '00001532', '2023-03-01', '2023', '02', '008', '', 'PEN', 3.8100, 100.00, 1, '2023-03-02 00:32:58', '2023-03-02 00:32:58'),
	(533, 1, 'PAGO POR MANTENIMIENTO ELECTRICO DE MUEBLES DE LA TIENDA SAN MARTIN', '00001533', '2023-03-01', '2023', '02', '008', '', 'PEN', 3.8100, 250.00, 1, '2023-03-02 00:33:53', '2023-03-02 00:33:53'),
	(534, 1, 'PAGO DE INTERNET DE TIENDA SAN MARTIN', '00001534', '2023-03-01', '2023', '02', '008', '', 'PEN', 3.8100, 120.90, 1, '2023-03-02 00:35:23', '2023-03-02 00:35:23'),
	(535, 1, 'PAGO DE INTERNET DE ALMACEN AEROPUERTO', '00001535', '2023-03-01', '2023', '02', '008', '', 'PEN', 3.8100, 111.00, 1, '2023-03-02 00:35:51', '2023-03-02 00:35:51'),
	(536, 1, 'PAGO POR MANEJO DE PAGINA WEB', '00001536', '2023-03-01', '2023', '02', '008', '', 'PEN', 3.8100, 1200.00, 1, '2023-03-02 00:36:13', '2023-03-02 00:36:13'),
	(537, 1, 'PAGO POR COCHERA DIA Y NOCHE', '00001537', '2023-03-01', '2023', '02', '008', '', 'PEN', 3.8100, 300.00, 1, '2023-03-02 00:36:36', '2023-03-02 00:36:36'),
	(538, 1, 'PAGO DE CELULAR TIENDA Y PAGINA WEB', '00001538', '2023-03-01', '2023', '02', '008', '', 'PEN', 3.8100, 250.00, 1, '2023-03-02 00:37:37', '2023-03-02 00:37:37'),
	(539, 1, 'PROSEGUR ALARMA', '00001539', '2023-03-21', '2023', '03', '008', '', 'PEN', 3.7850, 140.00, 1, '2023-03-21 22:26:52', '2023-03-21 22:26:52'),
	(540, 1, 'COMPRA DE CABLE PARA MANTENIMIENTO DE CAMARA', '00001540', '2023-03-21', '2023', '03', '008', '', 'PEN', 3.7850, 31.39, 1, '2023-03-21 22:29:33', '2023-03-21 22:29:33'),
	(541, 1, 'INSTALACIÓN DE LUCES EN MUEBLES NUEVOS', '00001541', '2023-03-21', '2023', '03', '008', '', 'PEN', 3.7850, 200.00, 1, '2023-03-21 22:30:23', '2023-03-21 22:30:23'),
	(542, 1, 'COMPRA DE PRODUCTOS', '00001542', '2023-03-21', '2023', '03', '008', '', 'PEN', 3.7850, 1100.40, 1, '2023-03-21 22:31:28', '2023-03-21 22:31:28'),
	(543, 1, 'COMPRA DE MATERIAL PARA MANTENIMIENTO DE PAREDES DE TIENDA SAN MARTIN', '00001543', '2023-03-21', '2023', '03', '008', '', 'PEN', 3.7850, 47.00, 1, '2023-03-21 22:32:34', '2023-03-21 22:32:34'),
	(544, 1, 'PEDIDO DE PERFUMES (MARGARITA ANAHUA)', '00001544', '2023-03-21', '2023', '03', '008', '', 'PEN', 3.7850, 1300.00, 1, '2023-03-21 22:33:11', '2023-03-21 22:33:11'),
	(545, 1, 'RESTANTE DE REMUNERACIÓN DEL MES DE FEBRERO (JUAN JOSÉ)', '00001545', '2023-03-21', '2023', '03', '008', '', 'PEN', 3.7850, 4372.60, 1, '2023-03-21 22:34:58', '2023-03-21 22:34:58'),
	(546, 1, 'RESTANTE DE REMUNERACIÓN DEL MES DE FEBRERO (GIOVANNA)	', '00001546', '2023-03-21', '2023', '03', '008', '', 'PEN', 3.7850, 865.20, 1, '2023-03-21 22:35:20', '2023-03-21 22:35:20'),
	(547, 1, 'RESTANTE DE REMUNERACIÓN DEL MES DE FEBRERO (CRISTIAN)	', '00001547', '2023-03-21', '2023', '03', '008', '', 'PEN', 3.7850, 386.70, 1, '2023-03-21 22:35:51', '2023-03-21 22:35:51'),
	(548, 1, 'RESTANTE DE REMUNERACIÓN DEL MES DE FEBRERO (YANELA)	', '00001548', '2023-03-21', '2023', '03', '008', '', 'PEN', 3.7850, 393.90, 1, '2023-03-21 22:36:16', '2023-03-21 22:36:16'),
	(549, 1, 'RESTANTE DE REMUNERACIÓN DEL MES DE FEBRERO (MOISES)	', '00001549', '2023-03-21', '2023', '03', '008', '', 'PEN', 3.7850, 386.70, 1, '2023-03-21 22:36:40', '2023-03-21 22:36:40'),
	(550, 1, 'RESTANTE DE REMUNERACIÓN DEL MES DE FEBRERO (LISSETH)	', '00001550', '2023-03-21', '2023', '03', '008', '', 'PEN', 3.7850, 410.10, 1, '2023-03-21 22:37:15', '2023-03-21 22:37:15'),
	(551, 1, 'RESTANTE DE REMUNERACIÓN DEL MES DE FEBRERO (GABRIEL)	', '00001551', '2023-03-21', '2023', '03', '008', '', 'PEN', 3.7850, 321.60, 1, '2023-03-21 22:37:57', '2023-03-21 22:37:57'),
	(552, 1, 'RESTANTE DE REMUNERACIÓN DEL MES DE FEBRERO (MARK)	', '00001552', '2023-03-21', '2023', '03', '008', '', 'PEN', 3.7850, 749.90, 1, '2023-03-21 22:38:56', '2023-03-21 22:38:56'),
	(553, 1, 'RESTANTE DE REMUNERACIÓN DEL MES DE FEBRERO (MARIA)	', '00001553', '2023-03-21', '2023', '03', '008', '', 'PEN', 3.7850, 534.20, 1, '2023-03-21 22:39:18', '2023-03-21 22:39:18'),
	(554, 1, 'RESTANTE DE REMUNERACIÓN DEL MES DE FEBRERO (YENY)	', '00001554', '2023-03-21', '2023', '03', '008', '', 'PEN', 3.7850, 494.90, 1, '2023-03-21 22:39:51', '2023-03-21 22:39:51'),
	(555, 1, 'SIMPLIFICADO DE PERFUMES (ARANCEL)', '00001555', '2023-03-21', '2023', '03', '008', '', 'PEN', 3.7850, 456.38, 1, '2023-03-21 22:42:23', '2023-03-21 22:42:23'),
	(556, 1, 'COPIAS PARA TRAMITE DE PERFUMES ', '00001556', '2023-03-21', '2023', '03', '008', '', 'PEN', 3.7850, 2.00, 1, '2023-03-21 22:43:01', '2023-03-21 22:43:01'),
	(557, 1, 'FLETE DE SALIDA DE PERFUMES', '00001557', '2023-03-21', '2023', '03', '008', '', 'PEN', 3.7850, 10.00, 1, '2023-03-21 22:43:28', '2023-03-21 22:43:28'),
	(558, 1, 'PAGO POR TRANSITO EN ALMACEN DE BUENAS PRACTICAS', '00001558', '2023-03-21', '2023', '03', '008', '', 'PEN', 3.7850, 75.90, 1, '2023-03-21 22:44:22', '2023-03-21 22:44:22'),
	(559, 1, 'SIMPLIFICADO DE PERFUMES (ARANCEL)	', '00001559', '2023-03-21', '2023', '03', '008', '', 'PEN', 3.7850, 476.26, 1, '2023-03-21 22:44:52', '2023-03-21 22:44:52'),
	(560, 1, 'COPIAS PARA TRAMITE DE PERFUMES	', '00001560', '2023-03-21', '2023', '03', '008', '', 'PEN', 3.7850, 2.00, 1, '2023-03-21 22:45:03', '2023-03-21 22:45:03'),
	(561, 1, 'FLETE DE SALIDA DE PERFUMES	', '00001561', '2023-03-21', '2023', '03', '008', '', 'PEN', 3.7850, 10.00, 1, '2023-03-21 22:45:15', '2023-03-21 22:45:15'),
	(562, 1, 'PAGO POR TRANSITO EN ALMACEN DE BUENAS PRACTICAS	', '00001562', '2023-03-21', '2023', '03', '008', '', 'PEN', 3.7850, 75.90, 1, '2023-03-21 22:45:29', '2023-03-21 22:45:29'),
	(563, 1, 'SIMPLIFICADO DE PERFUMES (ARANCEL)	', '00001563', '2023-03-21', '2023', '03', '008', '', 'PEN', 3.7850, 474.11, 1, '2023-03-21 22:46:24', '2023-03-21 22:46:24'),
	(564, 1, 'COPIAS PARA TRAMITE DE PERFUMES	', '00001564', '2023-03-21', '2023', '03', '008', '', 'PEN', 3.7850, 2.00, 1, '2023-03-21 22:47:43', '2023-03-21 22:47:43'),
	(565, 1, 'FLETE DE SALIDA DE PERFUMES	', '00001565', '2023-03-21', '2023', '03', '008', '', 'PEN', 3.7850, 10.00, 1, '2023-03-21 22:47:57', '2023-03-21 22:47:57'),
	(566, 1, 'PAGO POR TRANSITO EN ALMACEN DE BUENAS PRACTICAS	', '00001566', '2023-03-21', '2023', '03', '008', '', 'PEN', 3.7850, 75.90, 1, '2023-03-21 22:48:15', '2023-03-21 22:48:15'),
	(567, 1, 'SIMPLIFICADO DE PERFUMES (ARANCEL)	', '00001567', '2023-03-21', '2023', '03', '008', '', 'PEN', 3.7850, 465.53, 1, '2023-03-21 22:48:55', '2023-03-21 22:48:55'),
	(568, 1, 'COPIAS PARA TRAMITE DE PERFUMES	', '00001568', '2023-03-21', '2023', '03', '008', '', 'PEN', 3.7850, 2.00, 1, '2023-03-21 22:49:11', '2023-03-21 22:49:11'),
	(569, 1, 'FLETE DE SALIDA DE PERFUMES	', '00001569', '2023-03-21', '2023', '03', '008', '', 'PEN', 3.7850, 10.00, 1, '2023-03-21 22:49:24', '2023-03-21 22:49:24'),
	(570, 1, 'PAGO POR TRANSITO EN ALMACEN DE BUENAS PRACTICAS	', '00001570', '2023-03-21', '2023', '03', '008', '', 'PEN', 3.7850, 75.90, 1, '2023-03-21 22:49:51', '2023-03-21 22:49:51'),
	(571, 1, 'SIMPLIFICADO DE PERFUMES (ARANCEL)	', '00001571', '2023-03-21', '2023', '03', '008', '', 'PEN', 3.7850, 459.38, 1, '2023-03-21 22:50:24', '2023-03-21 22:50:24'),
	(572, 1, 'COPIAS PARA TRAMITE DE PERFUMES	', '00001572', '2023-03-21', '2023', '03', '008', '', 'PEN', 3.7850, 2.00, 1, '2023-03-21 22:50:46', '2023-03-21 22:50:46'),
	(573, 1, 'FLETE DE SALIDA DE PERFUMES	', '00001573', '2023-03-21', '2023', '03', '008', '', 'PEN', 3.7850, 10.00, 1, '2023-03-21 22:50:57', '2023-03-21 22:50:57'),
	(574, 1, 'PAGO POR TRANSITO EN ALMACEN DE BUENAS PRACTICAS	', '00001574', '2023-03-21', '2023', '03', '008', '', 'PEN', 3.7850, 75.90, 1, '2023-03-21 22:51:11', '2023-03-21 22:51:11'),
	(575, 1, 'COMPRA DE CHOCOLATES', '00001575', '2023-03-21', '2023', '03', '008', '', 'PEN', 3.7850, 4382.40, 1, '2023-03-21 22:53:36', '2023-03-21 22:53:36'),
	(576, 1, 'PEDIDO DE PERFUMES (LUIS ASCUÑA)', '00001576', '2023-03-21', '2023', '03', '008', '', 'PEN', 3.7850, 1525.00, 1, '2023-03-21 22:54:20', '2023-03-21 22:54:20'),
	(577, 1, 'COMPRA DE UTILES DE ASEO', '00001577', '2023-03-21', '2023', '03', '008', '', 'PEN', 3.7850, 93.00, 1, '2023-03-21 22:55:11', '2023-03-21 22:55:11'),
	(578, 1, 'CONSUMO DE COMBUSTIBLE', '00001578', '2023-03-21', '2023', '03', '008', '', 'PEN', 3.7850, 100.00, 1, '2023-03-21 22:55:58', '2023-03-21 22:55:58'),
	(579, 1, 'SIMPLIFICADO DE LENTES GIVENCHY (ARANCEL)', '00001579', '2023-03-21', '2023', '03', '008', '', 'PEN', 3.7850, 471.60, 1, '2023-03-21 22:57:07', '2023-03-21 22:57:07'),
	(580, 1, 'COPIAS PARA TRAMITE DE LENTES GIVENCHY', '00001580', '2023-03-21', '2023', '03', '008', '', 'PEN', 3.7850, 2.00, 1, '2023-03-21 22:57:28', '2023-03-21 22:57:28'),
	(581, 1, 'FLETE DE SALIDA DE LENTES GIVENCHY', '00001581', '2023-03-21', '2023', '03', '008', '', 'PEN', 3.7850, 10.00, 1, '2023-03-21 22:58:30', '2023-03-21 22:58:30'),
	(582, 1, 'SIMPLIFICADO DE LENTES GIVENCHY (ARANCEL)	', '00001582', '2023-03-21', '2023', '03', '008', '', 'PEN', 3.7850, 479.60, 1, '2023-03-21 22:59:24', '2023-03-21 22:59:24'),
	(583, 1, 'COPIAS PARA TRAMITE DE LENTES GIVENCHY	', '00001583', '2023-03-21', '2023', '03', '008', '', 'PEN', 3.7850, 2.00, 1, '2023-03-21 22:59:39', '2023-03-21 22:59:39'),
	(584, 1, 'FLETE DE SALIDA DE LENTES GIVENCHY	', '00001584', '2023-03-21', '2023', '03', '008', '', 'PEN', 3.7850, 10.00, 1, '2023-03-21 23:00:06', '2023-03-21 23:00:06'),
	(585, 1, 'SIMPLIFICADO DE LENTES GIVENCHY (ARANCEL)	', '00001585', '2023-03-21', '2023', '03', '008', '', 'PEN', 3.7850, 483.25, 1, '2023-03-21 23:00:37', '2023-03-21 23:18:36'),
	(586, 1, 'COPIAS PARA TRAMITE DE LENTES GIVENCHY	', '00001586', '2023-03-21', '2023', '03', '008', '', 'PEN', 3.7850, 2.00, 1, '2023-03-21 23:25:31', '2023-03-21 23:25:31'),
	(587, 1, 'FLETE DE SALIDA DE LENTES GIVENCHY	', '00001587', '2023-03-21', '2023', '03', '008', '', 'PEN', 3.7850, 10.00, 1, '2023-03-21 23:25:58', '2023-03-21 23:25:58'),
	(588, 1, 'SIMPLIFICADO DE LENTES GIVENCHY (ARANCEL)	', '00001588', '2023-03-21', '2023', '03', '008', '', 'PEN', 3.7850, 430.98, 1, '2023-03-21 23:27:34', '2023-03-21 23:27:34'),
	(589, 1, 'COPIAS PARA TRAMITE DE LENTES GIVENCHY	', '00001589', '2023-03-21', '2023', '03', '008', '', 'PEN', 3.7850, 2.00, 1, '2023-03-21 23:27:53', '2023-03-21 23:27:53'),
	(590, 1, 'FLETE DE SALIDA DE LENTES GIVENCHY	', '00001590', '2023-03-21', '2023', '03', '008', '', 'PEN', 3.7850, 10.00, 1, '2023-03-21 23:28:09', '2023-03-21 23:28:09'),
	(591, 1, 'COMPRA DE PRODUCTOS', '00001591', '2023-03-21', '2023', '03', '008', '', 'PEN', 3.7850, 1489.36, 1, '2023-03-21 23:29:15', '2023-03-21 23:29:15'),
	(592, 1, 'DEVOLUCION A CLIENTE MAYORISTA (CARLOS CRUZ)', '00001592', '2023-03-21', '2023', '03', '008', '', 'PEN', 3.7850, 70.00, 1, '2023-03-21 23:29:47', '2023-03-21 23:29:47'),
	(593, 1, 'SEGUNDO ADELANTO PARA CONSTRUCCIÓN DE MUEBLES SKECHERS', '00001593', '2023-03-21', '2023', '03', '008', '', 'PEN', 3.7850, 8000.00, 1, '2023-03-21 23:30:23', '2023-03-21 23:30:23'),
	(594, 1, 'SOAT PARA VEHICULO', '00001594', '2023-03-21', '2023', '03', '008', '', 'PEN', 3.7850, 70.00, 1, '2023-03-21 23:30:50', '2023-03-21 23:30:50'),
	(595, 1, 'PEDIDO DE PERFUMES (MARGARITA ANAHUA)', '00001595', '2023-03-21', '2023', '03', '008', '', 'PEN', 3.7850, 1225.00, 1, '2023-03-21 23:31:39', '2023-03-21 23:31:39'),
	(596, 1, 'LIQUIDACIÓN DE PERSONAL ', '00001596', '2023-03-21', '2023', '03', '008', '', 'PEN', 3.7850, 130.27, 1, '2023-03-21 23:32:49', '2023-03-21 23:32:49'),
	(597, 1, 'BOLETA DE PAGO LIQUIDACIÓN (GABRIEL)', '00001597', '2023-03-21', '2023', '03', '008', '', 'PEN', 3.7850, 501.05, 1, '2023-03-21 23:33:34', '2023-03-21 23:33:34'),
	(598, 1, 'PEDIDO DE PERFUMES (LUIS ASCUÑA)', '00001598', '2023-03-21', '2023', '03', '008', '', 'PEN', 3.7850, 1625.00, 1, '2023-03-21 23:34:06', '2023-03-21 23:34:06'),
	(599, 1, 'PAGO DE AFP HABITAT', '00001599', '2023-03-21', '2023', '03', '008', '', 'PEN', 3.7850, 142.65, 1, '2023-03-21 23:35:05', '2023-03-21 23:35:05'),
	(600, 1, 'PAGO DE AFP INTEGRA', '00001600', '2023-03-21', '2023', '03', '008', '', 'PEN', 3.7850, 889.70, 1, '2023-03-21 23:36:19', '2023-03-21 23:36:19'),
	(601, 1, 'PAGO DE AFP PRIMA', '00001601', '2023-03-21', '2023', '03', '008', '', 'PEN', 3.7850, 182.85, 1, '2023-03-21 23:36:50', '2023-03-21 23:36:50'),
	(602, 1, 'TRIBUTOS - SUNAT', '00001602', '2023-03-21', '2023', '03', '008', '', 'PEN', 3.7850, 399.00, 1, '2023-03-21 23:37:25', '2023-03-21 23:37:35'),
	(603, 1, 'TRIBUTOS - SUNAT	', '00001603', '2023-03-21', '2023', '03', '008', '', 'PEN', 3.7850, 207.00, 1, '2023-03-21 23:37:59', '2023-03-21 23:37:59'),
	(604, 1, 'TRIBUTOS - SUNAT	', '00001604', '2023-03-21', '2023', '03', '008', '', 'PEN', 3.7850, 122.00, 1, '2023-03-21 23:38:18', '2023-03-21 23:38:18'),
	(605, 1, 'TRIBUTOS - SUNAT	', '00001605', '2023-03-21', '2023', '03', '008', '', 'PEN', 3.7850, 183.00, 1, '2023-03-21 23:38:36', '2023-03-21 23:38:36'),
	(606, 1, 'TRIBUTOS - SUNAT	', '00001606', '2023-03-21', '2023', '03', '008', '', 'PEN', 3.7850, 8699.00, 1, '2023-03-21 23:38:51', '2023-03-21 23:38:51'),
	(607, 1, 'TRIBUTOS - SUNAT	', '00001607', '2023-03-21', '2023', '03', '008', '', 'PEN', 3.7850, 324.00, 1, '2023-03-21 23:39:13', '2023-03-21 23:39:13'),
	(608, 1, 'TRIBUTOS - SUNAT	', '00001608', '2023-03-21', '2023', '03', '008', '', 'PEN', 3.7850, 992.00, 1, '2023-03-21 23:39:27', '2023-03-21 23:39:27'),
	(609, 1, 'ADELANTO DE REMUNERACIÓN DE MARZO (JUAN JOSÉ)', '00001609', '2023-03-21', '2023', '03', '008', '', 'PEN', 3.7850, 4000.00, 1, '2023-03-21 23:41:43', '2023-03-21 23:41:43'),
	(610, 1, 'ADELANTO DE REMUNERACIÓN DE MARZO (GIOVANNA)	', '00001610', '2023-03-21', '2023', '03', '008', '', 'PEN', 3.7850, 1500.00, 1, '2023-03-21 23:42:55', '2023-03-21 23:42:55'),
	(611, 1, 'ADELANTO DE REMUNERACIÓN DE MARZO (MOISES)	', '00001611', '2023-03-21', '2023', '03', '008', '', 'PEN', 3.7850, 1000.00, 1, '2023-03-21 23:43:10', '2023-03-21 23:43:10'),
	(612, 1, 'ADELANTO DE REMUNERACIÓN DE MARZO (CRISTIAN)	', '00001612', '2023-03-21', '2023', '03', '008', '', 'PEN', 3.7850, 1000.00, 1, '2023-03-21 23:43:27', '2023-03-21 23:43:27'),
	(613, 1, 'ADELANTO DE REMUNERACIÓN DE MARZO (LISSETH)	', '00001613', '2023-03-21', '2023', '03', '008', '', 'PEN', 3.7850, 1000.00, 1, '2023-03-21 23:43:42', '2023-03-21 23:43:42'),
	(614, 1, 'ADELANTO DE REMUNERACIÓN DE MARZO (YANELA)	', '00001614', '2023-03-21', '2023', '03', '008', '', 'PEN', 3.7850, 1000.00, 1, '2023-03-21 23:43:59', '2023-03-21 23:43:59'),
	(615, 1, 'ADELANTO DE REMUNERACIÓN DE MARZO (MARK)	', '00001615', '2023-03-21', '2023', '03', '008', '', 'PEN', 3.7850, 1100.00, 1, '2023-03-21 23:44:28', '2023-03-21 23:44:28'),
	(616, 1, 'ADELANTO DE REMUNERACIÓN DE MARZO (MARIA)	', '00001616', '2023-03-21', '2023', '03', '008', '', 'PEN', 3.7850, 1000.00, 1, '2023-03-21 23:44:42', '2023-03-21 23:44:42'),
	(617, 1, 'ADELANTO DE REMUNERACIÓN DE MARZO (YENY)	', '00001617', '2023-03-21', '2023', '03', '008', '', 'PEN', 3.7850, 1000.00, 1, '2023-03-21 23:45:00', '2023-03-21 23:45:00'),
	(618, 1, 'SIMPLIFICADO DE LENTES GIVENCHY (ARANCEL)	', '00001618', '2023-03-21', '2023', '03', '008', '', 'PEN', 3.7850, 468.86, 1, '2023-03-21 23:53:49', '2023-03-21 23:53:49'),
	(619, 1, 'COPIAS PARA TRAMITE DE LENTES GIVENCHY	', '00001619', '2023-03-21', '2023', '03', '008', '', 'PEN', 3.7850, 2.00, 1, '2023-03-21 23:54:15', '2023-03-21 23:54:15'),
	(620, 1, 'FLETE DE SALIDA DE LENTES GIVENCHY	', '00001620', '2023-03-21', '2023', '03', '008', '', 'PEN', 3.7850, 10.00, 1, '2023-03-21 23:54:28', '2023-03-21 23:54:28'),
	(621, 1, 'PAGO A DON ANGEL POR RENTA ANUAL 2022', '00001621', '2023-03-21', '2023', '03', '008', '', 'PEN', 3.7850, 6720.00, 1, '2023-03-22 00:01:37', '2023-04-01 14:40:26'),
	(622, 1, 'PAGO DE COCHERA DIA - NOCHE', '00001622', '2023-03-21', '2023', '03', '008', '', 'PEN', 3.7850, 300.00, 1, '2023-03-22 00:03:37', '2023-03-22 00:03:37'),
	(623, 1, 'PAGO DE CELUALR TIENDA Y PAGINA WEB', '00001623', '2023-03-21', '2023', '03', '008', '', 'PEN', 3.7850, 235.00, 1, '2023-03-22 00:09:58', '2023-03-22 00:09:58'),
	(624, 1, 'PAGO POR MANEJO DE PAGINA WEB', '00001624', '2023-03-21', '2023', '03', '008', '', 'PEN', 3.7850, 1200.00, 1, '2023-03-22 00:10:25', '2023-03-22 00:10:25'),
	(625, 1, 'CONSUMO DE COMBUSTIBLE', '00001625', '2023-03-24', '2023', '03', '008', '', 'PEN', 3.7670, 100.00, 1, '2023-03-24 13:53:56', '2023-03-24 13:53:56'),
	(626, 1, 'CONSUMO DE COMBUSTIBLE', '00001626', '2023-03-24', '2023', '03', '008', '', 'PEN', 3.7670, 100.00, 1, '2023-03-24 13:54:12', '2023-03-24 13:54:12'),
	(627, 1, 'PEDIDO DE PERFUMES (MARGARITA ANAHUA)', '00001627', '2023-03-24', '2023', '03', '008', '', 'PEN', 3.7670, 1300.00, 1, '2023-03-24 13:54:51', '2023-03-24 13:54:51'),
	(628, 1, 'PAGO DE RENTA ANUAL 2022', '00001628', '2023-03-24', '2023', '03', '008', '', 'PEN', 3.7670, 27710.00, 1, '2023-03-24 13:55:29', '2023-03-24 13:55:29'),
	(629, 1, 'PAGO DE CONSUMO ELECTRICO DE LA TIENDA SAN MARTIN', '00001629', '2023-03-24', '2023', '03', '008', '', 'PEN', 3.7670, 97.10, 1, '2023-03-24 13:56:30', '2023-03-24 13:56:30'),
	(630, 1, 'PAGO DE CONSUMO ELECTRICO DE LA TIENDA SAN MARTIN	', '00001630', '2023-03-24', '2023', '03', '008', '', 'PEN', 3.7670, 7.60, 1, '2023-03-24 13:56:51', '2023-03-24 13:56:51'),
	(631, 1, 'PAGO DE CONSUMO ELECTRICO DE LA TIENDA SAN MARTIN	', '00001631', '2023-03-24', '2023', '03', '008', '', 'PEN', 3.7670, 438.50, 1, '2023-03-24 13:57:03', '2023-03-24 13:57:03'),
	(632, 1, 'PAGO DE INTERNET DE TIENDA SAN MARTIN', '00001632', '2023-03-24', '2023', '03', '008', '', 'PEN', 3.7670, 120.00, 1, '2023-03-24 13:57:54', '2023-04-01 14:40:10'),
	(633, 1, 'PAGO DE INTERNET DE ALMACEN AEROPUERTO', '00001633', '2023-03-24', '2023', '03', '008', '', 'PEN', 3.7670, 111.00, 1, '2023-03-24 13:58:13', '2023-03-24 13:58:13'),
	(634, 1, 'COMPRA DE PRODUCTOS', '00001634', '2023-03-24', '2023', '03', '008', '', 'PEN', 3.7670, 1100.40, 1, '2023-03-24 22:11:53', '2023-03-24 22:11:53'),
	(635, 1, 'DEVOLUCIÓN POR RECLAMO', '00001635', '2023-04-01', '2023', '03', '008', '', 'PEN', 3.7650, 375.00, 1, '2023-04-01 16:50:30', '2023-04-01 16:50:30'),
	(636, 1, 'CONSUMO DE COMBUSTIBLE', '00001636', '2023-04-01', '2023', '03', '008', '', 'PEN', 3.7650, 100.00, 1, '2023-04-01 16:51:04', '2023-04-01 16:51:04'),
	(637, 1, 'COMPRA DE PRODUCTOS', '00001637', '2023-04-01', '2023', '03', '008', '', 'PEN', 3.7650, 1342.37, 1, '2023-04-01 16:53:19', '2023-04-01 16:53:19'),
	(638, 1, 'HONORARIOS DON ANGEL', '00001638', '2023-04-01', '2023', '03', '008', '', 'PEN', 3.7650, 3500.00, 1, '2023-04-01 16:53:52', '2023-04-01 16:53:52'),
	(639, 1, 'PEDIDO DE PERFUMES (LUIS ASCUÑA)', '00001639', '2023-04-01', '2023', '03', '008', '', 'PEN', 3.7650, 1625.00, 1, '2023-04-01 16:56:27', '2023-04-01 16:56:27'),
	(640, 1, 'CONSUMO DE COMBUSTIBLE', '00001640', '2023-04-01', '2023', '03', '008', '', 'PEN', 3.7650, 100.00, 1, '2023-04-01 16:57:01', '2023-04-01 16:57:01'),
	(641, 1, 'SIMPLIFICADO DE LENTES GUESS', '00001641', '2023-04-01', '2023', '03', '008', '', 'PEN', 3.7650, 476.96, 1, '2023-04-01 17:01:18', '2023-04-01 17:01:18'),
	(642, 1, 'COPIAS PARA TRAMITE DE LENTES GUESS', '00001642', '2023-04-01', '2023', '03', '008', '', 'PEN', 3.7650, 2.00, 1, '2023-04-01 17:02:30', '2023-04-01 17:02:30'),
	(643, 1, 'FLETE DE SALIDA DE LENTES GUESS', '00001643', '2023-04-01', '2023', '03', '008', '', 'PEN', 3.7650, 20.00, 1, '2023-04-01 17:03:12', '2023-04-01 17:03:30'),
	(644, 1, 'SIMPLIFICADO DE LENTES GUESS	', '00001644', '2023-04-01', '2023', '03', '008', '', 'PEN', 3.7650, 477.22, 1, '2023-04-01 17:04:07', '2023-04-01 17:04:07'),
	(645, 1, 'COPIAS PARA TRAMITE DE LENTES GUESS	', '00001645', '2023-04-01', '2023', '03', '008', '', 'PEN', 3.7650, 2.00, 1, '2023-04-01 17:04:34', '2023-04-01 17:04:34'),
	(646, 1, 'FLETE DE SALIDA DE LENTES GUESS	', '00001646', '2023-04-01', '2023', '03', '008', '', 'PEN', 3.7650, 20.00, 1, '2023-04-01 17:04:56', '2023-04-22 16:05:18'),
	(647, 1, 'SIMPLIFICADO DE LENTES GUESS	', '00001647', '2023-04-01', '2023', '03', '008', '', 'PEN', 3.7650, 474.42, 1, '2023-04-01 17:05:29', '2023-04-01 17:05:29'),
	(648, 1, 'COPIAS PARA TRAMITE DE LENTES GUESS	', '00001648', '2023-04-01', '2023', '03', '008', '', 'PEN', 3.7650, 2.00, 1, '2023-04-01 17:05:45', '2023-04-01 17:05:45'),
	(649, 1, 'FLETE DE SALIDA DE LENTES GUESS	', '00001649', '2023-04-01', '2023', '03', '008', '', 'PEN', 3.7650, 20.00, 1, '2023-04-01 17:06:08', '2023-04-01 17:06:08'),
	(650, 1, 'SIMPLIFICADO DE LENTES MK', '00001650', '2023-04-01', '2023', '03', '008', '', 'PEN', 3.7650, 474.47, 1, '2023-04-01 17:06:53', '2023-04-01 17:06:53'),
	(651, 1, 'COPIAS PARA TRAMITE DE LENTES MK', '00001651', '2023-04-01', '2023', '03', '008', '', 'PEN', 3.7650, 2.00, 1, '2023-04-01 17:07:11', '2023-04-01 17:07:11'),
	(652, 1, 'FLETE DE SALIDA DE LENTES MK', '00001652', '2023-04-01', '2023', '03', '008', '', 'PEN', 3.7650, 20.00, 1, '2023-04-01 17:07:32', '2023-04-01 17:07:32'),
	(653, 1, 'PEDIDO DE PERFUMES (MARGARITA ANAHUA)', '00001653', '2023-04-01', '2023', '03', '008', '', 'PEN', 3.7650, 800.00, 1, '2023-04-01 23:53:20', '2023-04-01 23:53:20'),
	(654, 1, 'COMPRA DE MATERIAL PARA MUEBLES SKECHERS', '00001654', '2023-04-06', '2023', '03', '008', '', 'PEN', 3.7740, 1995.00, 1, '2023-04-06 15:34:43', '2023-04-06 15:34:43'),
	(655, 1, 'ALARMA PROSEGUR', '00001655', '2023-04-20', '2023', '04', '008', '', 'PEN', 3.7810, 174.99, 1, '2023-04-20 16:24:38', '2023-04-26 13:23:40'),
	(656, 1, 'COMPRA DE PRODUCTOS', '00001656', '2023-04-20', '2023', '04', '008', '', 'PEN', 3.7810, 312.30, 1, '2023-04-20 16:25:29', '2023-04-20 16:25:29'),
	(657, 1, 'COMPRA DE PRODUCTOS', '00001657', '2023-04-20', '2023', '04', '008', '', 'PEN', 3.7810, 3035.00, 1, '2023-04-20 16:25:50', '2023-04-20 16:25:50'),
	(658, 1, 'COMPRA DE MATERIAL PARA ILUMINAR NUEVOS MUEBLES SKECHERS', '00001658', '2023-04-20', '2023', '04', '008', '', 'PEN', 3.7810, 354.96, 1, '2023-04-20 16:26:40', '2023-04-20 16:26:40'),
	(659, 1, 'COMPRA DE ROLLO DE LUZ LED ', '00001659', '2023-04-20', '2023', '04', '008', '', 'PEN', 3.7810, 495.60, 1, '2023-04-20 16:27:16', '2023-04-20 16:27:16'),
	(660, 1, 'COMPRA DE MATERIAL PARA ILUMINAR NUEVOS MUEBLES SKECHERS	', '00001660', '2023-04-20', '2023', '04', '008', '', 'PEN', 3.7810, 140.00, 1, '2023-04-20 16:27:53', '2023-04-20 16:27:53'),
	(661, 1, 'COMPRA DE BOLSAS PEQUEÑAS Y GRANDES PARA TIENDA', '00001661', '2023-04-20', '2023', '04', '008', '', 'PEN', 3.7810, 587.50, 1, '2023-04-20 16:28:39', '2023-04-20 16:28:39'),
	(662, 1, 'COMPRA DE BOLSAS PEQUEÑAS Y GRANDES PARA TIENDA	', '00001662', '2023-04-20', '2023', '04', '008', '', 'PEN', 3.7810, 587.50, 1, '2023-04-20 16:28:54', '2023-04-20 16:28:54'),
	(663, 1, 'COMPRA DE BOLSAS PEQUEÑAS Y GRANDES PARA TIENDA	', '00001663', '2023-04-20', '2023', '04', '008', '', 'PEN', 3.7810, 587.50, 1, '2023-04-20 16:29:08', '2023-04-20 16:29:08'),
	(664, 1, 'COMPRA DE BOLSAS PEQUEÑAS Y GRANDES PARA TIENDA	', '00001664', '2023-04-20', '2023', '04', '008', '', 'PEN', 3.7810, 587.50, 1, '2023-04-20 16:29:23', '2023-04-20 16:29:23'),
	(665, 1, 'RESTANTE DE REMUNERACIÓN DEL MES DE MARZO (JUAN JOSÉ)', '00001665', '2023-04-20', '2023', '04', '008', '', 'PEN', 3.7810, 4434.50, 1, '2023-04-20 16:31:00', '2023-04-20 16:31:00'),
	(666, 1, 'RESTANTE DE REMUNERACIÓN DEL MES DE MARZO (GIOVANNA)	', '00001666', '2023-04-20', '2023', '04', '008', '', 'PEN', 3.7810, 768.50, 1, '2023-04-20 16:31:24', '2023-04-20 16:31:24'),
	(667, 1, 'RESTANTE DE REMUNERACIÓN DEL MES DE MARZO (MOISES)	', '00001667', '2023-04-20', '2023', '04', '008', '', 'PEN', 3.7810, 228.70, 1, '2023-04-20 16:32:13', '2023-04-20 16:32:13'),
	(668, 1, 'RESTANTE DE REMUNERACIÓN DEL MES DE MARZO (YANELA)	', '00001668', '2023-04-20', '2023', '04', '008', '', 'PEN', 3.7810, 418.60, 1, '2023-04-20 16:32:36', '2023-04-20 16:32:36'),
	(669, 1, 'RESTANTE DE REMUNERACIÓN DEL MES DE MARZO (LISSETH)	', '00001669', '2023-04-20', '2023', '04', '008', '', 'PEN', 3.7810, 456.40, 1, '2023-04-20 16:33:18', '2023-04-20 16:33:18'),
	(670, 1, 'RESTANTE DE REMUNERACIÓN DEL MES DE MARZO (CRISTIAN)	', '00001670', '2023-04-20', '2023', '04', '008', '', 'PEN', 3.7810, 378.70, 1, '2023-04-20 16:33:50', '2023-04-20 16:33:50'),
	(671, 1, 'RESTANTE DE REMUNERACIÓN DEL MES DE MARZO (GABRIEL)	', '00001671', '2023-04-20', '2023', '04', '008', '', 'PEN', 3.7810, 147.00, 1, '2023-04-20 16:34:10', '2023-04-20 16:34:10'),
	(672, 1, 'RESTANTE DE REMUNERACIÓN DEL MES DE MARZO (MARK)	', '00001672', '2023-04-20', '2023', '04', '008', '', 'PEN', 3.7810, 895.20, 1, '2023-04-20 16:34:40', '2023-04-20 16:34:40'),
	(673, 1, 'RESTANTE DE REMUNERACIÓN DEL MES DE MARZO (MARIA)	', '00001673', '2023-04-20', '2023', '04', '008', '', 'PEN', 3.7810, 745.80, 1, '2023-04-20 16:35:11', '2023-04-20 16:35:11'),
	(674, 1, 'RESTANTE DE REMUNERACIÓN DEL MES DE MARZO (YENY)	', '00001674', '2023-04-20', '2023', '04', '008', '', 'PEN', 3.7810, 638.40, 1, '2023-04-20 16:35:40', '2023-04-20 16:35:40'),
	(675, 1, 'LIQUIDACIÓN MARIA', '00001675', '2023-04-20', '2023', '04', '008', '', 'PEN', 3.7810, 44.17, 1, '2023-04-20 16:36:46', '2023-04-20 16:36:46'),
	(676, 1, 'BOLETA MARIA', '00001676', '2023-04-20', '2023', '04', '008', '', 'PEN', 3.7810, 1104.29, 1, '2023-04-20 16:37:48', '2023-04-20 16:37:48'),
	(677, 1, 'LIQUIDACIÓN YANELA', '00001677', '2023-04-20', '2023', '04', '008', '', 'PEN', 3.7810, 180.73, 1, '2023-04-20 16:38:19', '2023-04-20 16:38:19'),
	(678, 1, 'BOLETA YANELA', '00001678', '2023-04-20', '2023', '04', '008', '', 'PEN', 3.7810, 319.21, 1, '2023-04-20 16:38:50', '2023-04-20 16:38:50'),
	(679, 1, 'CONSUMO DE COMBUSTIBLE', '00001679', '2023-04-20', '2023', '04', '008', '', 'PEN', 3.7810, 100.00, 1, '2023-04-20 16:39:16', '2023-04-20 16:39:16'),
	(680, 1, 'RECARGA DE EXTINTORES DE AEROPUERTO', '00001680', '2023-04-20', '2023', '04', '008', '', 'PEN', 3.7810, 200.00, 1, '2023-04-20 16:40:03', '2023-04-20 16:40:03'),
	(681, 1, 'RECARGA DE EXTINTORES DE TIENDA SAN MARTIN', '00001681', '2023-04-20', '2023', '04', '008', '', 'PEN', 3.7810, 70.00, 1, '2023-04-20 16:40:26', '2023-04-20 16:40:26'),
	(682, 1, 'PAGO AFP PRIMA', '00001682', '2023-04-20', '2023', '04', '008', '', 'PEN', 3.7810, 179.30, 1, '2023-04-20 16:40:53', '2023-04-20 16:40:53'),
	(683, 1, 'PAGO AFP HABITAT', '00001683', '2023-04-20', '2023', '04', '008', '', 'PEN', 3.7810, 154.30, 1, '2023-04-20 16:41:30', '2023-04-20 16:41:30'),
	(684, 1, 'PAGO DE AFP INTEGRA', '00001684', '2023-04-20', '2023', '04', '008', '', 'PEN', 3.7810, 835.50, 1, '2023-04-20 16:42:05', '2023-04-20 16:42:05'),
	(685, 1, 'COMPRA DE PRODUCTOS', '00001685', '2023-04-20', '2023', '04', '008', '', 'PEN', 3.7810, 3780.44, 1, '2023-04-20 16:44:41', '2023-04-20 16:44:41'),
	(686, 1, 'TARJETAS YELIZA (AUTORIZO LAVIN)', '00001686', '2023-04-20', '2023', '04', '008', '', 'PEN', 3.7810, 120.00, 1, '2023-04-20 16:45:05', '2023-04-20 16:45:05'),
	(687, 1, 'SALIDA POR CAMBIO DE PRODUCTOS (APOLINAR)', '00001687', '2023-04-20', '2023', '04', '008', '', 'PEN', 3.7810, 6.00, 1, '2023-04-20 16:46:10', '2023-04-20 16:46:10'),
	(688, 1, 'CONSUMO DE COMBUSTIBLE', '00001688', '2023-04-20', '2023', '04', '008', '', 'PEN', 3.7810, 100.00, 1, '2023-04-20 16:47:38', '2023-04-20 16:47:38'),
	(689, 1, 'CONSUMO ELECTRICO DE TIENDA SAN MARTIN', '00001689', '2023-04-20', '2023', '04', '008', '', 'PEN', 3.7810, 487.80, 1, '2023-04-20 16:48:09', '2023-04-20 16:48:09'),
	(690, 1, 'CONSUMO ELECTRICO DE TIENDA SAN MARTIN	', '00001690', '2023-04-20', '2023', '04', '008', '', 'PEN', 3.7810, 7.40, 1, '2023-04-20 16:48:47', '2023-04-20 16:48:47'),
	(691, 1, 'CONSUMO ELECTRICO DE TIENDA SAN MARTIN	', '00001691', '2023-04-20', '2023', '04', '008', '', 'PEN', 3.7810, 139.00, 1, '2023-04-20 16:49:00', '2023-04-20 16:49:00'),
	(692, 1, 'PEDIDO OPI (LUIS ASCUÑA)', '00001692', '2023-04-20', '2023', '04', '008', '', 'PEN', 3.7810, 400.00, 1, '2023-04-20 16:49:27', '2023-04-20 16:49:27'),
	(693, 1, 'PEDIDO DE PERFUMES (MARGARITA ANAHUA)', '00001693', '2023-04-20', '2023', '04', '008', '', 'PEN', 3.7810, 1100.00, 1, '2023-04-20 16:49:53', '2023-04-20 16:49:53'),
	(694, 1, 'PEDIDO DE PERFUMES (LUIS ASCUÑA)', '00001694', '2023-04-20', '2023', '04', '008', '', 'PEN', 3.7810, 1625.00, 1, '2023-04-20 16:50:18', '2023-04-20 16:50:18'),
	(695, 1, 'PAGO DE SEGURO DE SCTR SALUD PARA PERSONAL DE AEROPUERTO', '00001695', '2023-04-20', '2023', '04', '008', '', 'PEN', 3.7810, 118.00, 1, '2023-04-20 16:51:06', '2023-04-20 16:51:06'),
	(696, 1, 'PAGO DE SEGURO DE SCTR PENSIONES PARA PERSONAL DE AEROPUERTO	', '00001696', '2023-04-20', '2023', '04', '008', '', 'PEN', 3.7810, 121.54, 1, '2023-04-20 16:51:33', '2023-04-20 16:51:33'),
	(697, 1, 'PAGO DE IMPUESTOS DE MARZO', '00001697', '2023-04-20', '2023', '04', '008', '', 'PEN', 3.7810, 120.00, 1, '2023-04-20 16:52:04', '2023-04-20 16:52:04'),
	(698, 1, 'PAGO DE IMPUESTOS DE MARZO	', '00001698', '2023-04-20', '2023', '04', '008', '', 'PEN', 3.7810, 279.00, 1, '2023-04-20 16:52:21', '2023-04-20 16:52:21'),
	(699, 1, 'PAGO DE IMPUESTOS DE MARZO	', '00001699', '2023-04-20', '2023', '04', '008', '', 'PEN', 3.7810, 1907.00, 1, '2023-04-20 16:52:35', '2023-04-20 16:52:35'),
	(700, 1, 'PAGO DE IMPUESTOS DE MARZO	', '00001700', '2023-04-20', '2023', '04', '008', '', 'PEN', 3.7810, 1314.00, 1, '2023-04-20 16:52:47', '2023-04-20 16:52:47'),
	(701, 1, 'PAGO DE IMPUESTOS DE MARZO	', '00001701', '2023-04-20', '2023', '04', '008', '', 'PEN', 3.7810, 1083.00, 1, '2023-04-20 16:53:06', '2023-04-20 16:53:06'),
	(702, 1, 'PAGO DE IMPUESTOS DE MARZO	', '00001702', '2023-04-20', '2023', '04', '008', '', 'PEN', 3.7810, 461.00, 1, '2023-04-20 16:53:17', '2023-04-20 16:53:17'),
	(703, 1, 'PAGO DE IMPUESTOS DE MARZO	', '00001703', '2023-04-20', '2023', '04', '008', '', 'PEN', 3.7810, 13407.00, 1, '2023-04-20 16:53:34', '2023-04-20 16:53:34'),
	(704, 1, 'PAGO DE IMPUESTOS DE MARZO	', '00001704', '2023-04-20', '2023', '04', '008', '', 'PEN', 3.7810, 183.00, 1, '2023-04-20 16:53:46', '2023-04-20 16:53:46'),
	(705, 1, 'PAGO DE ARANCEL LENTES GUESS (SIMPLIFICADO)', '00001705', '2023-04-26', '2023', '04', '008', '', 'PEN', 3.7620, 429.49, 1, '2023-04-26 14:00:32', '2023-04-26 14:00:32'),
	(706, 1, 'COPIAS PARA TRAMITE LENTES GUESS', '00001706', '2023-04-26', '2023', '04', '008', '', 'PEN', 3.7620, 2.00, 1, '2023-04-26 14:00:53', '2023-04-26 14:00:53'),
	(707, 1, 'FLETE DE SALIDA DE LENTES GUESS', '00001707', '2023-04-26', '2023', '04', '008', '', 'PEN', 3.7620, 15.00, 1, '2023-04-26 14:01:10', '2023-04-26 14:01:10'),
	(708, 1, 'PAGO DE ARANCEL LENTES GUESS (SIMPLIFICADO)	', '00001708', '2023-04-28', '2023', '04', '008', '', 'PEN', 3.7370, 487.60, 1, '2023-04-28 13:50:17', '2023-04-28 13:50:17'),
	(709, 1, 'COPIAS PARA TRAMITE LENTES GUESS	', '00001709', '2023-04-28', '2023', '04', '008', '', 'PEN', 3.7370, 2.00, 1, '2023-04-28 13:50:56', '2023-04-28 13:50:56'),
	(710, 1, 'FLETE DE SALIDA DE LENTES GUESS	', '00001710', '2023-04-28', '2023', '04', '008', '', 'PEN', 3.7370, 15.00, 1, '2023-04-28 13:51:14', '2023-04-28 13:51:14'),
	(711, 1, 'PAGO DE ARANCEL LENTES GUESS (SIMPLIFICADO)	', '00001711', '2023-04-28', '2023', '04', '008', '', 'PEN', 3.7370, 353.14, 1, '2023-04-28 13:51:50', '2023-04-28 13:51:50'),
	(712, 1, 'COPIAS PARA TRAMITE LENTES GUESS	', '00001712', '2023-04-28', '2023', '04', '008', '', 'PEN', 3.7370, 2.00, 1, '2023-04-28 13:52:09', '2023-04-28 13:52:09'),
	(713, 1, 'FLETE DE SALIDA DE LENTES GUESS	', '00001713', '2023-04-28', '2023', '04', '008', '', 'PEN', 3.7370, 15.00, 1, '2023-04-28 13:52:22', '2023-04-28 13:52:22'),
	(714, 1, 'COMPRA DE SENSOR PARA LUCES', '00001714', '2023-04-28', '2023', '04', '008', '', 'PEN', 3.7370, 55.00, 1, '2023-04-28 13:53:19', '2023-04-28 13:53:19'),
	(715, 1, 'RECLAMO DE PERFUME - DEVOLUCIÓN', '00001715', '2023-04-28', '2023', '04', '008', '', 'PEN', 3.7370, 245.00, 1, '2023-04-28 13:57:33', '2023-04-28 13:57:33'),
	(716, 1, 'COMPRA DE PAPEL DE IMPRESORA DE BOLETAS', '00001716', '2023-04-28', '2023', '04', '008', '', 'PEN', 3.7370, 320.00, 1, '2023-04-28 13:58:03', '2023-04-28 13:58:03'),
	(717, 1, 'CONSUMO DE COMBUSTIBLE', '00001717', '2023-04-28', '2023', '04', '008', '', 'PEN', 3.7370, 100.00, 1, '2023-04-28 13:58:22', '2023-04-28 13:58:22'),
	(718, 1, 'COMPRA DE CANALETA PARA LUZ LED', '00001718', '2023-04-28', '2023', '04', '008', '', 'PEN', 3.7370, 280.00, 1, '2023-04-28 13:58:58', '2023-04-28 13:58:58'),
	(719, 1, 'PAGO POR TERMINO DE CONFECCIÓN DE MUEBLES SKECHERS', '00001719', '2023-04-28', '2023', '04', '008', '', 'PEN', 3.7370, 11500.00, 1, '2023-04-28 13:59:41', '2023-04-28 13:59:41'),
	(720, 1, 'PAGO POR REPARACIONES Y MANTENTENIMIENTO DE MUEBLES DE TIENDA SAN MARTIN', '00001720', '2023-04-28', '2023', '04', '008', '', 'PEN', 3.7370, 195.00, 1, '2023-04-28 14:01:10', '2023-04-28 14:01:10'),
	(721, 1, 'RECLAMO DE RELOJ - DEVOLUCIÓN', '00001721', '2023-04-28', '2023', '04', '008', '', 'PEN', 3.7370, 649.00, 1, '2023-04-28 14:01:43', '2023-04-28 14:01:43'),
	(722, 1, 'ADELANTO DE REMUNERACIÓN DEL MES DE ABRIL (JUAN JOSÉ)', '00001722', '2023-04-28', '2023', '04', '008', '', 'PEN', 3.7370, 4000.00, 1, '2023-04-28 14:02:42', '2023-04-28 14:03:31'),
	(723, 1, 'ADELANTO DE REMUNERACIÓN DEL MES DE ABRIL (GIOVANNA)	', '00001723', '2023-04-28', '2023', '04', '008', '', 'PEN', 3.7370, 1500.00, 1, '2023-04-28 14:03:50', '2023-04-28 14:03:50'),
	(724, 1, 'ADELANTO DE REMUNERACIÓN DEL MES DE ABRIL (MOISES)	', '00001724', '2023-04-28', '2023', '04', '008', '', 'PEN', 3.7370, 1000.00, 1, '2023-04-28 14:04:08', '2023-04-28 14:04:08'),
	(725, 1, 'ADELANTO DE REMUNERACIÓN DEL MES DE ABRIL (LISSETH)	', '00001725', '2023-04-28', '2023', '04', '008', '', 'PEN', 3.7370, 1000.00, 1, '2023-04-28 14:04:57', '2023-04-28 14:04:57'),
	(726, 1, 'ADELANTO DE REMUNERACIÓN DEL MES DE ABRIL (GABRIEL)	', '00001726', '2023-04-28', '2023', '04', '008', '', 'PEN', 3.7370, 350.00, 1, '2023-04-28 14:05:26', '2023-04-28 14:05:26'),
	(727, 1, 'ADELANTO DE REMUNERACIÓN DEL MES DE ABRIL (OSCAR)	', '00001727', '2023-04-28', '2023', '04', '008', '', 'PEN', 3.7370, 550.00, 1, '2023-04-28 14:05:50', '2023-04-28 14:05:50'),
	(728, 1, 'ADELANTO DE REMUNERACIÓN DEL MES DE ABRIL (MARK)	', '00001728', '2023-04-28', '2023', '04', '008', '', 'PEN', 3.7370, 1100.00, 1, '2023-04-28 14:06:42', '2023-04-28 14:06:42'),
	(729, 1, 'ADELANTO DE REMUNERACIÓN DEL MES DE ABRIL (YENY)	', '00001729', '2023-04-28', '2023', '04', '008', '', 'PEN', 3.7370, 1000.00, 1, '2023-04-28 14:06:58', '2023-04-28 14:06:58'),
	(730, 1, 'ADELANTO DE REMUNERACIÓN DEL MES DE ABRIL (CRISTIAN)	', '00001730', '2023-04-28', '2023', '04', '008', '', 'PEN', 3.7370, 1000.00, 1, '2023-04-28 14:07:26', '2023-04-28 14:07:26'),
	(731, 1, 'ADELANTO DE REMUNERACIÓN DEL MES DE ABRIL (MARIA)	', '00001731', '2023-04-28', '2023', '04', '008', '', 'PEN', 3.7370, 300.00, 1, '2023-04-28 14:09:48', '2023-04-28 14:09:48'),
	(732, 1, 'PEDIDO DE PERFUMES (MARGARITA ANAHUA)', '00001732', '2023-05-01', '2023', '04', '008', '', 'PEN', 3.7190, 1300.00, 1, '2023-05-01 14:38:04', '2023-05-01 14:38:04'),
	(733, 1, 'HONORARIOS DON ANGEL', '00001733', '2023-05-01', '2023', '04', '008', '', 'PEN', 3.7190, 3500.00, 1, '2023-05-01 14:38:36', '2023-05-01 14:38:36'),
	(734, 1, 'CONSUMO DE COMBUSTIBLE', '00001734', '2023-05-01', '2023', '04', '008', '', 'PEN', 3.7190, 100.00, 1, '2023-05-01 15:03:35', '2023-05-01 15:03:35'),
	(735, 1, 'PAGO DE INTERNET DE LA TIENDA SAN MARTIN ', '00001735', '2023-05-01', '2023', '04', '008', '', 'PEN', 3.7190, 120.90, 1, '2023-05-01 15:04:10', '2023-05-08 14:19:33'),
	(736, 1, 'PAGO DE INTERNET ALMACEN AEROPUERTO', '00001736', '2023-05-01', '2023', '04', '008', '', 'PEN', 3.7190, 111.00, 1, '2023-05-01 15:04:37', '2023-05-01 15:04:37'),
	(737, 1, 'PAGO DE COCHERA ', '00001737', '2023-05-01', '2023', '04', '008', '', 'PEN', 3.7190, 300.00, 1, '2023-05-01 15:05:02', '2023-05-01 15:05:02'),
	(738, 1, 'PAGO DE CELULAR TIENDA Y PAGINA WEB', '00001738', '2023-05-01', '2023', '04', '008', '', 'PEN', 3.7190, 250.00, 1, '2023-05-01 15:05:30', '2023-05-01 15:05:30'),
	(739, 1, 'PAGO POR MANEJO DE PAGINA WEB', '00001739', '2023-05-01', '2023', '04', '008', '', 'PEN', 3.7190, 1200.00, 1, '2023-05-01 15:05:51', '2023-05-01 15:05:51'),
	(740, 1, 'COMPRA DE PRODUCTOS', '00001740', '2023-05-01', '2023', '04', '008', '', 'PEN', 3.7190, 1444.32, 1, '2023-05-01 15:08:13', '2023-05-01 15:08:13'),
	(741, 1, 'INSTALACIÓN DE LUCES LED', '00001741', '2023-05-01', '2023', '04', '008', '', 'PEN', 3.7190, 500.00, 1, '2023-05-01 15:15:43', '2023-05-01 15:15:43'),
	(742, 1, 'INSTALACIÓN DE LUCES LED', '00001742', '2023-05-01', '2023', '04', '008', '', 'PEN', 3.7190, 500.00, 1, '2023-05-01 15:16:06', '2023-05-01 15:16:06'),
	(743, 1, 'INSTALACIÓN DE LUCES LED', '00001743', '2023-05-01', '2023', '04', '008', '', 'PEN', 3.7190, 640.00, 1, '2023-05-01 15:16:28', '2023-05-04 16:57:39'),
	(744, 1, 'COMPRA DE MATERIAL PARA SISTEMA DE SEGURIDAD DE NUEVO ESPACIO', '00001744', '2023-05-01', '2023', '04', '008', '', 'PEN', 3.7190, 1602.00, 1, '2023-05-01 15:21:01', '2023-05-01 15:21:01'),
	(745, 1, 'COMPRA DE MATERIAL', '00001745', '2023-05-01', '2023', '04', '008', '', 'PEN', 3.7190, 734.80, 1, '2023-05-01 15:43:09', '2023-05-01 15:43:09'),
	(746, 1, 'COMPRA DE LICORES', '00001746', '2023-05-04', '2023', '04', '008', '', 'PEN', 3.7090, 3099.00, 1, '2023-05-04 17:05:05', '2023-05-04 17:05:05'),
	(747, 1, 'COMPRA DE LICORES	', '00001747', '2023-05-04', '2023', '04', '008', '', 'PEN', 3.7090, 2832.80, 1, '2023-05-04 17:05:26', '2023-05-04 17:05:26'),
	(748, 1, 'COMPRA DE LICORES	', '00001748', '2023-05-04', '2023', '04', '008', '', 'PEN', 3.7090, 5620.60, 1, '2023-05-04 17:05:50', '2023-05-04 17:05:50'),
	(749, 1, 'COMPRA DE LICORES	', '00001749', '2023-05-04', '2023', '04', '008', '', 'PEN', 3.7090, 4434.00, 1, '2023-05-04 17:06:17', '2023-05-04 17:06:17'),
	(750, 1, 'COMPRA DE LICORES	', '00001750', '2023-05-04', '2023', '04', '008', '', 'PEN', 3.7090, 3210.80, 1, '2023-05-04 17:06:36', '2023-05-04 17:06:36'),
	(751, 1, 'COMPRA DE LICORES	', '00001751', '2023-05-04', '2023', '04', '008', '', 'PEN', 3.7090, 5105.00, 1, '2023-05-04 17:06:53', '2023-05-04 17:06:53'),
	(752, 1, 'COMPRA DE LICORES	', '00001752', '2023-05-04', '2023', '04', '008', '', 'PEN', 3.7090, 801.60, 1, '2023-05-04 17:07:10', '2023-05-04 17:07:10'),
	(753, 1, 'ALMUERZO POR EL DIA DEL TRABAJO', '00001753', '2023-05-23', '2023', '05', '008', '', 'PEN', 3.6950, 284.00, 1, '2023-05-23 13:34:54', '2023-05-23 13:34:54'),
	(754, 1, 'ALMUERZO POR EL DIA DEL TRABAJO	', '00001754', '2023-05-23', '2023', '05', '008', '', 'PEN', 3.6950, 467.00, 1, '2023-05-23 13:35:27', '2023-05-23 13:35:27'),
	(755, 1, 'PAGO PROSEGUR', '00001755', '2023-05-23', '2023', '05', '008', '', 'PEN', 3.6950, 174.99, 1, '2023-05-23 13:36:48', '2023-05-23 13:36:48'),
	(756, 1, 'PEDIDO DE PERFUMES 250 UNI. (LUIS ASCUÑA)', '00001756', '2023-05-23', '2023', '05', '008', '', 'PEN', 3.6950, 1625.00, 1, '2023-05-23 13:37:36', '2023-05-23 13:37:36'),
	(757, 1, 'LEGALIZACIÓN DE FIRMAS PARA ADENDA DE CONTRATO', '00001757', '2023-05-23', '2023', '05', '008', '', 'PEN', 3.6950, 48.00, 1, '2023-05-23 13:38:41', '2023-05-23 13:38:41'),
	(758, 1, 'MOVILIDAD DOÑA JUANA', '00001758', '2023-05-23', '2023', '05', '008', '', 'PEN', 3.6950, 12.00, 1, '2023-05-23 13:38:55', '2023-05-23 13:38:55'),
	(759, 1, 'RESTANTE DE REMUNERACIÓN DEL MES DE ABRIL (JUAN JOSÉ)', '00001759', '2023-05-23', '2023', '05', '008', '', 'PEN', 3.6950, 4576.00, 1, '2023-05-23 13:40:19', '2023-05-23 13:40:19'),
	(760, 1, 'RESTANTE DE REMUNERACIÓN DEL MES DE ABRIL (GIOVANNA)	', '00001760', '2023-05-23', '2023', '05', '008', '', 'PEN', 3.6950, 1079.20, 1, '2023-05-23 13:40:46', '2023-05-23 13:40:46'),
	(761, 1, 'RESTANTE DE REMUNERACIÓN DEL MES DE ABRIL (MOISES)	', '00001761', '2023-05-23', '2023', '05', '008', '', 'PEN', 3.6950, 1230.80, 1, '2023-05-23 13:41:38', '2023-05-23 13:41:38'),
	(762, 1, 'RESTANTE DE REMUNERACIÓN DEL MES DE ABRIL (LISSETH)	', '00001762', '2023-05-23', '2023', '05', '008', '', 'PEN', 3.6950, 618.10, 1, '2023-05-23 13:44:47', '2023-05-23 13:44:47'),
	(763, 1, 'RESTANTE DE REMUNERACIÓN DEL MES DE ABRIL (GABRIEL)	', '00001763', '2023-05-23', '2023', '05', '008', '', 'PEN', 3.6950, 314.90, 1, '2023-05-23 13:45:19', '2023-05-23 13:45:19'),
	(764, 1, 'RESTANTE DE REMUNERACIÓN DEL MES DE ABRIL (OSCAR)	', '00001764', '2023-05-23', '2023', '05', '008', '', 'PEN', 3.6950, 297.40, 1, '2023-05-23 13:45:53', '2023-05-23 13:45:53'),
	(765, 1, 'RESTANTE DE REMUNERACIÓN DEL MES DE ABRIL (MARK)	', '00001765', '2023-05-23', '2023', '05', '008', '', 'PEN', 3.6950, 1132.50, 1, '2023-05-23 13:46:59', '2023-05-23 13:46:59'),
	(766, 1, 'RESTANTE DE REMUNERACIÓN DEL MES DE ABRIL (YENY)	', '00001766', '2023-05-23', '2023', '05', '008', '', 'PEN', 3.6950, 1317.10, 1, '2023-05-23 13:47:29', '2023-05-23 13:47:29'),
	(767, 1, 'RESTANTE DE REMUNERACIÓN DEL MES DE ABRIL (CRISTIAN)	', '00001767', '2023-05-23', '2023', '05', '008', '', 'PEN', 3.6950, 801.40, 1, '2023-05-23 13:48:27', '2023-05-23 13:48:27'),
	(768, 1, 'RESTANTE DE REMUNERACIÓN DEL MES DE ABRIL (MARIA ELENA)	', '00001768', '2023-05-23', '2023', '05', '008', 'ESTE ES UN PERSONAL QUE APOYO POR FALTA DE PERSONAL', 'PEN', 3.6950, 176.70, 1, '2023-05-23 13:49:12', '2023-05-23 13:49:12'),
	(769, 1, 'CONSUMO DE COMBUSTIBLE', '00001769', '2023-05-23', '2023', '05', '008', '', 'PEN', 3.6950, 100.00, 1, '2023-05-23 13:49:49', '2023-05-23 13:49:49'),
	(770, 1, 'PAGO DE SCTR (ANEXO NUEVO TRABAJADOR)', '00001770', '2023-05-23', '2023', '05', '008', '', 'PEN', 3.6950, 28.31, 1, '2023-05-23 13:54:48', '2023-05-23 13:54:48'),
	(771, 1, 'PAGO DE SCTR (ANEXO NUEVO TRABAJADOR)	', '00001771', '2023-05-23', '2023', '05', '008', '', 'PEN', 3.6950, 27.60, 1, '2023-05-23 13:55:05', '2023-05-23 13:55:05'),
	(772, 1, 'PEDIDO DE PERFUMES 300 UNI. (MARGARITA ANAHUA)', '00001772', '2023-05-23', '2023', '05', '008', '', 'PEN', 3.6950, 1600.00, 1, '2023-05-23 13:56:19', '2023-05-23 13:56:19'),
	(773, 1, 'COMPRA DE UTILES DE ASEO', '00001773', '2023-05-23', '2023', '05', '008', '', 'PEN', 3.6950, 376.24, 1, '2023-05-23 13:57:29', '2023-05-23 13:57:29'),
	(774, 1, 'COMPRA DE CHOCOLATES', '00001774', '2023-05-23', '2023', '05', '008', '', 'PEN', 3.6950, 4857.30, 1, '2023-05-23 13:59:04', '2023-05-23 13:59:04'),
	(775, 1, 'CUPONES Y VOLANTES PARA IQUIQUE (DON RHILDO)', '00001775', '2023-05-23', '2023', '05', '008', '', 'PEN', 3.6950, 500.00, 1, '2023-05-23 13:59:51', '2023-05-23 13:59:51'),
	(776, 1, 'CONSUMO DE COMBUSTIBLE', '00001776', '2023-05-23', '2023', '05', '008', '', 'PEN', 3.6950, 100.00, 1, '2023-05-23 14:00:10', '2023-05-23 14:00:10'),
	(777, 1, 'PEDIDO DE PERFUMES 300 UNI. (MARGARITA ANAHUA)', '00001777', '2023-05-23', '2023', '05', '008', '', 'PEN', 3.6950, 1700.00, 1, '2023-05-23 14:01:19', '2023-05-23 14:01:19'),
	(778, 1, 'PEDIDO DE PERFUMES 300 UNI. (LUIS ASCUÑA)', '00001778', '2023-05-23', '2023', '05', '008', '', 'PEN', 3.6950, 1950.00, 1, '2023-05-23 14:01:50', '2023-05-23 14:01:50'),
	(779, 1, 'COMPRA DE PRODUCTOS ', '00001779', '2023-05-23', '2023', '05', '008', '', 'PEN', 3.6950, 1100.40, 1, '2023-05-23 14:02:19', '2023-05-23 14:02:19'),
	(780, 1, 'PAGO DE AFP PRIMA', '00001780', '2023-05-23', '2023', '05', '008', '', 'PEN', 3.6950, 231.45, 1, '2023-05-23 14:03:54', '2023-05-23 14:03:54'),
	(781, 1, 'PAGO DE AFP INTEGRA ', '00001781', '2023-05-23', '2023', '05', '008', '', 'PEN', 3.6950, 986.15, 1, '2023-05-23 14:05:45', '2023-05-23 14:05:45'),
	(782, 1, 'PAGO DE TRIBUTOS  - SUNAT', '00001782', '2023-05-23', '2023', '05', '008', '', 'PEN', 3.6950, 155.00, 1, '2023-05-23 14:06:35', '2023-05-23 14:06:35'),
	(783, 1, 'PAGO DE TRIBUTOS - SUNAT	', '00001783', '2023-05-23', '2023', '05', '008', '', 'PEN', 3.6950, 245.00, 1, '2023-05-23 14:06:52', '2023-05-23 14:06:52'),
	(784, 1, 'PAGO DE TRIBUTOS - SUNAT	', '00001784', '2023-05-23', '2023', '05', '008', '', 'PEN', 3.6950, 1314.00, 1, '2023-05-23 14:07:05', '2023-05-23 14:07:05'),
	(785, 1, 'PAGO DE TRIBUTOS - SUNAT	', '00001785', '2023-05-23', '2023', '05', '008', '', 'PEN', 3.6950, 1159.00, 1, '2023-05-23 14:07:19', '2023-05-23 14:07:19'),
	(786, 1, 'PAGO DE TRIBUTOS - SUNAT	', '00001786', '2023-05-23', '2023', '05', '008', '', 'PEN', 3.6950, 455.00, 1, '2023-05-23 14:07:38', '2023-05-23 14:07:38'),
	(787, 1, 'PAGO DE TRIBUTOS - SUNAT	', '00001787', '2023-05-23', '2023', '05', '008', '', 'PEN', 3.6950, 12486.00, 1, '2023-05-23 14:07:57', '2023-05-23 14:07:57'),
	(788, 1, 'PAGO DE TRIBUTOS - SUNAT	', '00001788', '2023-05-23', '2023', '05', '008', '', 'PEN', 3.6950, 183.00, 1, '2023-05-23 14:08:17', '2023-05-23 14:08:17'),
	(789, 1, 'PEDIDO DE PERFUMES 300 UNI. (MARGARITA ANAHUA)', '00001789', '2023-05-23', '2023', '05', '008', '', 'PEN', 3.6950, 1700.00, 1, '2023-05-23 14:09:54', '2023-05-23 14:09:54'),
	(790, 1, 'PEDIDO DE PERFUMES 300 UNI. (MARGARITA ANAHUA)	', '00001790', '2023-05-23', '2023', '05', '008', '', 'PEN', 3.6950, 1700.00, 1, '2023-05-23 14:10:15', '2023-05-23 14:10:15'),
	(791, 1, 'PEDIDO DE PERFUMES 300 UNI. (LUIS ASCUÑA)	', '00001791', '2023-05-23', '2023', '05', '008', '', 'PEN', 3.6950, 1850.00, 1, '2023-05-23 14:11:13', '2023-05-29 16:58:59'),
	(792, 1, 'PAGO DE SCTR PERSONAL AEROPUERTO', '00001792', '2023-05-23', '2023', '05', '008', '', 'PEN', 3.6950, 122.00, 9, '2023-05-23 14:15:46', '2023-05-29 16:59:13'),
	(793, 1, 'PAGO DE SCTR PERSONAL AEROPUERTO	', '00001793', '2023-05-23', '2023', '05', '008', '', 'PEN', 3.6950, 247.54, 1, '2023-05-23 14:16:14', '2023-05-29 16:59:30'),
	(794, 1, 'PAGO DE CONSUMO ELECTRICO DE TIENDA SAN MARTIN', '00001794', '2023-05-23', '2023', '05', '008', '', 'PEN', 3.6950, 591.00, 1, '2023-05-23 14:17:43', '2023-05-23 14:17:43'),
	(795, 1, 'PAGO DE CONSUMO ELECTRICO DE TIENDA SAN MARTIN	', '00001795', '2023-05-23', '2023', '05', '008', '', 'PEN', 3.6950, 7.40, 1, '2023-05-23 14:17:56', '2023-05-23 14:17:56'),
	(796, 1, 'PAGO DE CONSUMO ELECTRICO DE TIENDA SAN MARTIN	', '00001796', '2023-05-23', '2023', '05', '008', '', 'PEN', 3.6950, 179.90, 1, '2023-05-23 14:18:12', '2023-05-23 14:18:12'),
	(797, 1, 'MANEJO DE PAGINA WEB', '00001797', '2023-05-23', '2023', '05', '008', '', 'PEN', 3.6950, 1200.00, 1, '2023-05-23 15:30:11', '2023-05-23 15:30:11'),
	(798, 1, 'PAGO DE COCHERA', '00001798', '2023-05-23', '2023', '05', '008', '', 'PEN', 3.6950, 300.00, 1, '2023-05-23 15:30:25', '2023-05-23 15:30:25'),
	(799, 1, 'PAGO DE CELULAR TIENDA Y PAGINA', '00001799', '2023-05-23', '2023', '05', '008', '', 'PEN', 3.6950, 250.00, 1, '2023-05-23 15:30:41', '2023-05-23 15:30:41'),
	(800, 1, 'COMPRA DE LAPTOP PARA AEROPUERTO (AUTORIZO LAVIN)', '00001800', '2023-05-23', '2023', '05', '008', '', 'PEN', 3.6950, 1350.00, 1, '2023-05-23 15:31:32', '2023-05-23 15:31:32'),
	(801, 1, 'CONSUMO DE COMBUSTIBLE', '00001801', '2023-06-01', '2023', '05', '008', '', 'PEN', 3.6820, 100.00, 1, '2023-06-01 13:33:07', '2023-06-01 13:33:07'),
	(802, 1, 'PEDIDO DE PERFUMES (MARGARITA ANAHUA)', '00001802', '2023-06-01', '2023', '05', '008', 'SE LE DESCONTO EL VALOR DE 3 UNIDADES', 'PEN', 3.6820, 1560.00, 1, '2023-06-01 13:34:03', '2023-06-01 13:34:03'),
	(803, 1, 'CONSUMO DE COMBUSTIBLE', '00001803', '2023-06-01', '2023', '05', '008', '', 'PEN', 3.6820, 100.00, 1, '2023-06-01 13:34:29', '2023-06-01 13:34:29'),
	(804, 1, 'ADELANTO DE REMUNERACIÓN DE MAYO (JUAN JOSÉ)', '00001804', '2023-06-01', '2023', '05', '008', '', 'PEN', 3.6820, 4000.00, 1, '2023-06-01 13:35:27', '2023-06-01 13:35:27'),
	(805, 1, 'ADELANTO DE REMUNERACIÓN DE MAYO (GIOVANNA)	', '00001805', '2023-06-01', '2023', '05', '008', '', 'PEN', 3.6820, 1500.00, 1, '2023-06-01 13:35:54', '2023-06-01 13:35:54'),
	(806, 1, 'ADELANTO DE REMUNERACIÓN DE MAYO (MOISES)	', '00001806', '2023-06-01', '2023', '05', '008', '', 'PEN', 3.6820, 1100.00, 1, '2023-06-01 13:36:16', '2023-06-01 13:36:16'),
	(807, 1, 'ADELANTO DE REMUNERACIÓN DE MAYO (LISSETH)	', '00001807', '2023-06-01', '2023', '05', '008', '', 'PEN', 3.6820, 1000.00, 1, '2023-06-01 13:36:42', '2023-06-01 13:36:42'),
	(808, 1, 'ADELANTO DE REMUNERACIÓN DE MAYO (GABRIEL)	', '00001808', '2023-06-01', '2023', '05', '008', 'PART TIME', 'PEN', 3.6820, 500.00, 1, '2023-06-01 13:37:09', '2023-06-01 13:37:09'),
	(809, 1, 'ADELANTO DE REMUNERACIÓN DE MAYO (OSCAR)	', '00001809', '2023-06-01', '2023', '05', '008', '', 'PEN', 3.6820, 1000.00, 1, '2023-06-01 13:37:30', '2023-06-01 13:37:30'),
	(810, 1, 'ADELANTO DE REMUNERACIÓN DE MAYO (MARK)	', '00001810', '2023-06-01', '2023', '05', '008', '', 'PEN', 3.6820, 1100.00, 1, '2023-06-01 13:37:51', '2023-06-01 13:37:51'),
	(811, 1, 'ADELANTO DE REMUNERACIÓN DE MAYO (YENY)	', '00001811', '2023-06-01', '2023', '05', '008', '', 'PEN', 3.6820, 1000.00, 1, '2023-06-01 13:38:16', '2023-06-01 13:38:16'),
	(812, 1, 'ADELANTO DE REMUNERACIÓN DE MAYO (CRISTIAN)	', '00001812', '2023-06-01', '2023', '05', '008', '', 'PEN', 3.6820, 1000.00, 1, '2023-06-01 13:38:36', '2023-06-01 13:38:36'),
	(813, 1, 'ADELANTO DE REMUNERACIÓN DE MAYO (DIANA)	', '00001813', '2023-06-01', '2023', '05', '008', '', 'PEN', 3.6820, 800.00, 1, '2023-06-01 13:39:08', '2023-06-01 13:39:08'),
	(814, 1, 'PAGO DE INTERNET TIENDA SAN MARTIN', '00001814', '2023-06-01', '2023', '05', '008', '', 'PEN', 3.6820, 121.00, 1, '2023-06-01 13:39:46', '2023-06-01 13:39:46'),
	(815, 1, 'PAGO DE INTERNET ALMACEN AEROPUERTO', '00001815', '2023-06-01', '2023', '05', '008', '', 'PEN', 3.6820, 111.00, 1, '2023-06-01 13:40:20', '2023-06-01 13:40:20'),
	(816, 1, 'COMPRA DE TAPIZ PARA ZONA DE ZAPATILLAS', '00001816', '2023-06-01', '2023', '05', '008', '', 'PEN', 3.6820, 120.00, 1, '2023-06-01 13:41:01', '2023-06-01 13:41:01'),
	(817, 1, 'PEDIDO DE PERFUMES (LUIS ASCUÑA)', '00001817', '2023-06-01', '2023', '05', '008', '', 'PEN', 3.6820, 1950.00, 1, '2023-06-01 13:42:44', '2023-06-01 13:42:44'),
	(818, 1, 'HONORARIOS DON ANGEL', '00001818', '2023-06-01', '2023', '05', '008', '', 'PEN', 3.6820, 3500.00, 1, '2023-06-01 13:43:06', '2023-06-01 13:43:06'),
	(819, 1, 'PAGO DE CONSUMO ELECTRICO DE AEROPUERTO DE ENERO A MAYO', '00001819', '2023-06-01', '2023', '05', '008', '', 'PEN', 3.6820, 3942.39, 1, '2023-06-01 13:43:58', '2023-06-01 13:43:58'),
	(820, 1, 'CASO INDECOPI', '00001820', '2023-06-01', '2023', '05', '008', '', 'PEN', 3.6820, 545.00, 1, '2023-06-01 13:45:25', '2023-06-01 13:45:25'),
	(821, 1, 'COMPRA DE REPUESTOS DE FOCOS DE MUEBLES', '00001821', '2023-06-01', '2023', '05', '008', '', 'PEN', 3.6820, 211.20, 1, '2023-06-01 13:46:11', '2023-06-01 13:46:11'),
	(822, 1, 'CONSUMO DE COMBUSTIBLE', '00001822', '2023-06-01', '2023', '05', '008', '', 'PEN', 3.6820, 100.00, 1, '2023-06-01 13:46:38', '2023-06-01 13:46:38'),
	(823, 1, 'PEDIDO DE PERFUMES (MARGARITA ANAHUA) 400 UNI.', '00001823', '2023-06-01', '2023', '05', '008', '', 'PEN', 3.6820, 2280.00, 1, '2023-06-01 13:47:14', '2023-06-01 13:47:14'),
	(824, 1, 'INTALACIÓN DE LUCES LED EN MUEBLES DE EXHIBICIÓN', '00001824', '2023-06-01', '2023', '05', '008', '', 'PEN', 3.6820, 600.00, 1, '2023-06-01 13:49:15', '2023-06-01 13:49:15'),
	(825, 1, 'INTALACIÓN DE LUCES LED EN MUEBLES DE EXHIBICIÓN	', '00001825', '2023-06-01', '2023', '05', '008', '', 'PEN', 3.6820, 900.00, 1, '2023-06-01 13:49:33', '2023-06-01 13:49:33'),
	(826, 1, 'INTALACIÓN DE LUCES LED EN MUEBLES DE EXHIBICIÓN	', '00001826', '2023-06-01', '2023', '05', '008', '', 'PEN', 3.6820, 284.50, 1, '2023-06-01 13:49:53', '2023-06-01 13:49:53'),
	(827, 1, 'ADELANTO PARA CONSTRUCCION DE PUERTA DEL PISO 3 (OFICINA Y ALMACEN MAYORISTA)', '00001827', '2023-06-01', '2023', '05', '008', '', 'PEN', 3.6820, 1100.00, 1, '2023-06-01 13:58:28', '2023-06-01 13:58:28'),
	(828, 1, 'COMPRA DE MATERIAL (ZONA SKECHERS)', '00001828', '2023-06-01', '2023', '05', '008', '', 'PEN', 3.6820, 1995.00, 1, '2023-06-01 13:59:57', '2023-06-01 13:59:57');

-- Volcando estructura para tabla bd_app_inventario.management_incomes
CREATE TABLE IF NOT EXISTS `management_incomes` (
  `id_income` bigint(20) unsigned NOT NULL AUTO_INCREMENT,
  `id_user` int(10) unsigned NOT NULL,
  `id_type_income` int(10) unsigned NOT NULL,
  `code` varchar(10) COLLATE utf8_unicode_ci NOT NULL,
  `date` date NOT NULL,
  `year` varchar(10) COLLATE utf8_unicode_ci NOT NULL,
  `month` varchar(10) COLLATE utf8_unicode_ci NOT NULL,
  `observation` varchar(500) COLLATE utf8_unicode_ci NOT NULL,
  `payment_method` varchar(500) COLLATE utf8_unicode_ci NOT NULL,
  `total_pen` decimal(10,2) NOT NULL,
  `total_usd` decimal(10,2) NOT NULL,
  `state` int(11) NOT NULL,
  `created_at` timestamp NULL DEFAULT NULL,
  `updated_at` timestamp NULL DEFAULT NULL,
  PRIMARY KEY (`id_income`) USING BTREE,
  KEY `management_monthly_incomes_id_user_foreign` (`id_user`),
  CONSTRAINT `management_monthly_incomes_id_user_foreign` FOREIGN KEY (`id_user`) REFERENCES `users` (`id_user`)
) ENGINE=InnoDB AUTO_INCREMENT=27 DEFAULT CHARSET=utf8 COLLATE=utf8_unicode_ci;

-- Volcando datos para la tabla bd_app_inventario.management_incomes: ~26 rows (aproximadamente)
INSERT INTO `management_incomes` (`id_income`, `id_user`, `id_type_income`, `code`, `date`, `year`, `month`, `observation`, `payment_method`, `total_pen`, `total_usd`, `state`, `created_at`, `updated_at`) VALUES
	(1, 1, 11, '00001001', '2022-08-24', '2022', '07', '', '008', 20729.98, 0.00, 9, '2022-08-24 23:19:33', '2022-08-26 21:59:09'),
	(2, 1, 13, '00001002', '2022-08-24', '2022', '07', '', '008', 300000.00, 0.00, 9, '2022-08-24 23:21:36', '2022-08-26 21:59:16'),
	(3, 1, 16, '00001003', '2022-08-24', '2022', '07', '', '008', 500.00, 0.00, 9, '2022-08-24 23:22:19', '2022-08-26 21:59:02'),
	(4, 1, 17, '00001004', '2022-08-24', '2022', '07', 'Acumulado reportado en Junio 2022', '008', 59584.45, 0.00, 9, '2022-08-24 23:23:47', '2022-08-26 21:57:28'),
	(5, 1, 11, '00001005', '2022-08-25', '2022', '08', '', '008', 11207.12, 2826.72, 9, '2022-08-25 14:10:41', '2022-08-26 21:59:23'),
	(6, 1, 19, '00001006', '2022-08-25', '2022', '08', '', '008', 189761.10, 0.00, 9, '2022-08-25 23:26:51', '2022-08-25 23:29:11'),
	(7, 1, 11, '00001007', '2022-08-26', '2022', '07', '', '008', 20729.98, 5369.07, 1, '2022-08-26 21:59:59', '2022-08-26 21:59:59'),
	(8, 1, 13, '00001008', '2022-08-26', '2022', '07', '', '008', 300000.00, 77700.08, 1, '2022-08-26 22:00:42', '2022-08-26 22:00:42'),
	(9, 1, 16, '00001009', '2022-08-26', '2022', '07', '', '008', 500.00, 129.50, 1, '2022-08-26 22:01:09', '2022-08-26 22:01:09'),
	(10, 1, 17, '00001010', '2022-08-26', '2022', '07', 'Acumulado reportado en Junio 2022', '008', 59584.45, 15432.39, 1, '2022-08-26 22:01:46', '2022-08-26 22:02:10'),
	(11, 1, 11, '00001011', '2022-08-26', '2022', '07', '', '008', 11207.12, 2826.72, 9, '2022-08-26 22:03:03', '2022-08-26 22:03:34'),
	(12, 1, 11, '00001012', '2022-08-26', '2022', '07', '', '008', 11207.12, 2826.72, 9, '2022-08-26 22:04:31', '2022-08-26 22:06:44'),
	(13, 1, 11, '00001013', '2022-08-26', '2022', '08', '', '008', 11207.12, 2826.72, 9, '2022-08-26 22:06:56', '2022-08-27 14:54:28'),
	(14, 1, 11, '00001014', '2022-08-27', '2022', '08', '', '008', 11207.12, 2826.72, 1, '2022-08-27 14:54:44', '2022-08-27 14:54:44'),
	(15, 1, 11, '00001015', '2022-09-06', '2022', '09', '', '008', 54385.60, 14026.67, 1, '2022-09-06 22:34:18', '2022-09-06 22:34:18'),
	(16, 1, 13, '00001016', '2022-10-03', '2022', '09', '', '008', 300000.00, 76923.00, 1, '2022-10-03 15:28:31', '2022-10-03 15:28:31'),
	(17, 1, 11, '00001017', '2022-10-05', '2022', '10', '', '008', 52315.77, 13478.26, 1, '2022-10-05 15:38:57', '2022-10-05 15:38:57'),
	(18, 1, 11, '00001018', '2022-11-05', '2022', '11', '', '008', 50806.35, 12761.85, 1, '2022-11-05 14:43:12', '2022-11-05 14:43:12'),
	(19, 1, 19, '00001019', '2022-12-07', '2022', '12', '', '008', 49314.50, 12686.74, 9, '2022-12-07 23:05:12', '2022-12-07 23:05:27'),
	(20, 1, 11, '00001020', '2022-12-26', '2022', '12', '', '008', 49314.50, 12686.74, 1, '2022-12-26 22:31:11', '2022-12-26 22:31:11'),
	(21, 1, 16, '00001021', '2022-12-26', '2022', '12', 'PAGO DE PRIMERA CUOTA DE PRESTAMO (MARK ROBLES)', '008', 200.00, 52.26, 1, '2022-12-26 22:32:58', '2022-12-26 22:32:58'),
	(22, 1, 13, '00001022', '2023-01-03', '2022', '12', '', '008', 150000.00, 39267.02, 1, '2023-01-03 22:46:10', '2023-01-03 22:46:10'),
	(23, 1, 11, '00001023', '2023-01-09', '2023', '01', '', '008', 76245.50, 19882.23, 1, '2023-01-10 00:12:16', '2023-01-10 00:12:16'),
	(24, 1, 13, '00001024', '2023-03-06', '2023', '03', 'CHEQUE  N° 18 ', '008', 150000.00, 39588.28, 1, '2023-03-06 17:21:32', '2023-03-06 17:21:32'),
	(25, 1, 13, '00001025', '2023-04-25', '2023', '04', '', '008', 150000.00, 39883.01, 1, '2023-04-25 14:34:46', '2023-04-25 14:34:46'),
	(26, 1, 13, '00001026', '2023-06-03', '2023', '06', 'CHEQUE N° 52', '008', 150000.00, 40672.45, 1, '2023-06-03 15:29:59', '2023-06-03 15:29:59');

-- Volcando estructura para tabla bd_app_inventario.migrations
CREATE TABLE IF NOT EXISTS `migrations` (
  `id` int(10) unsigned NOT NULL AUTO_INCREMENT,
  `migration` varchar(255) COLLATE utf8_unicode_ci NOT NULL,
  `batch` int(11) NOT NULL,
  PRIMARY KEY (`id`)
) ENGINE=InnoDB AUTO_INCREMENT=13 DEFAULT CHARSET=utf8 COLLATE=utf8_unicode_ci;

-- Volcando datos para la tabla bd_app_inventario.migrations: ~10 rows (aproximadamente)
INSERT INTO `migrations` (`id`, `migration`, `batch`) VALUES
	(3, '2022_07_26_012913_create_management_incomes_table', 1),
	(4, '2022_07_26_013332_create_management_monthly_expenses_table', 2),
	(5, '2022_07_26_013343_create_management_monthly_incomes_table', 2),
	(6, '2022_07_26_220742_create_management_utilities_table', 3),
	(7, '2022_07_29_161019_create_management_utilities_detail_table', 4),
	(8, '2022_08_01_223450_create_daily_settlement_expenses_table', 4),
	(9, '2022_08_03_200822_create_clients_table', 5),
	(10, '2022_08_03_213914_create_accounts_receivable_table', 6),
	(11, '2022_08_07_143134_create_accounts_receivable_payment_table', 7),
	(12, '2022_08_09_033515_create_accounts_receivable_expenses_table', 8);

-- Volcando estructura para tabla bd_app_inventario.privileges
CREATE TABLE IF NOT EXISTS `privileges` (
  `id_privilege` bigint(20) unsigned NOT NULL AUTO_INCREMENT,
  `name` varchar(200) COLLATE utf8_unicode_ci NOT NULL,
  `role` varchar(200) COLLATE utf8_unicode_ci NOT NULL,
  `state` int(11) NOT NULL,
  `created_at` timestamp NULL DEFAULT NULL,
  `updated_at` timestamp NULL DEFAULT NULL,
  PRIMARY KEY (`id_privilege`)
) ENGINE=InnoDB AUTO_INCREMENT=6 DEFAULT CHARSET=utf8 COLLATE=utf8_unicode_ci;

-- Volcando datos para la tabla bd_app_inventario.privileges: ~5 rows (aproximadamente)
INSERT INTO `privileges` (`id_privilege`, `name`, `role`, `state`, `created_at`, `updated_at`) VALUES
	(1, 'Listar', 'List', 1, '2022-08-18 12:49:31', '2022-08-18 12:49:31'),
	(2, 'Agregar', 'Add', 1, '2022-08-18 12:49:41', '2022-08-18 12:49:42'),
	(3, 'Editar', 'Edit', 1, '2022-08-18 12:49:53', '2022-08-18 12:49:54'),
	(4, 'Eliminar', 'Delete', 1, '2022-08-18 12:50:06', '2022-08-18 12:50:07'),
	(5, 'Ver', 'View', 1, '2022-08-18 12:50:13', '2022-08-18 12:50:14');

-- Volcando estructura para tabla bd_app_inventario.privileges_zones
CREATE TABLE IF NOT EXISTS `privileges_zones` (
  `id_privilege_zone` bigint(20) unsigned NOT NULL AUTO_INCREMENT,
  `id_user_type` bigint(20) unsigned NOT NULL,
  `id_zone` bigint(20) unsigned NOT NULL,
  `id_privilege` bigint(20) unsigned NOT NULL,
  `state` int(11) NOT NULL,
  `created_at` timestamp NULL DEFAULT NULL,
  `updated_at` timestamp NULL DEFAULT NULL,
  PRIMARY KEY (`id_privilege_zone`),
  KEY `privileges_zones_id_user_type_foreign` (`id_user_type`),
  KEY `privileges_zones_id_zone_foreign` (`id_zone`),
  KEY `privileges_zones_id_privilege_foreign` (`id_privilege`),
  CONSTRAINT `privileges_zones_id_privilege_foreign` FOREIGN KEY (`id_privilege`) REFERENCES `privileges` (`id_privilege`),
  CONSTRAINT `privileges_zones_id_user_type_foreign` FOREIGN KEY (`id_user_type`) REFERENCES `user_type` (`id_user_type`),
  CONSTRAINT `privileges_zones_id_zone_foreign` FOREIGN KEY (`id_zone`) REFERENCES `zones` (`id_zone`)
) ENGINE=InnoDB AUTO_INCREMENT=658 DEFAULT CHARSET=utf8 COLLATE=utf8_unicode_ci;

-- Volcando datos para la tabla bd_app_inventario.privileges_zones: ~239 rows (aproximadamente)
INSERT INTO `privileges_zones` (`id_privilege_zone`, `id_user_type`, `id_zone`, `id_privilege`, `state`, `created_at`, `updated_at`) VALUES
	(406, 2, 4, 1, 1, '2022-09-08 21:14:16', '2022-09-08 21:14:16'),
	(407, 2, 4, 5, 1, '2022-09-08 21:14:16', '2022-09-08 21:14:16'),
	(408, 2, 5, 1, 1, '2022-09-08 21:14:16', '2022-09-08 21:14:16'),
	(409, 2, 5, 5, 1, '2022-09-08 21:14:16', '2022-09-08 21:14:16'),
	(410, 2, 7, 1, 1, '2022-09-08 21:14:16', '2022-09-08 21:14:16'),
	(411, 2, 7, 5, 1, '2022-09-08 21:14:16', '2022-09-08 21:14:16'),
	(412, 2, 6, 1, 1, '2022-09-08 21:14:16', '2022-09-08 21:14:16'),
	(413, 2, 6, 5, 1, '2022-09-08 21:14:16', '2022-09-08 21:14:16'),
	(414, 2, 9, 1, 1, '2022-09-08 21:14:16', '2022-09-08 21:14:16'),
	(415, 2, 9, 5, 1, '2022-09-08 21:14:16', '2022-09-08 21:14:16'),
	(416, 2, 8, 1, 1, '2022-09-08 21:14:16', '2022-09-08 21:14:16'),
	(417, 2, 8, 5, 1, '2022-09-08 21:14:16', '2022-09-08 21:14:16'),
	(418, 2, 2, 1, 1, '2022-09-08 21:14:16', '2022-09-08 21:14:16'),
	(419, 2, 2, 5, 1, '2022-09-08 21:14:16', '2022-09-08 21:14:16'),
	(420, 2, 3, 1, 1, '2022-09-08 21:14:16', '2022-09-08 21:14:16'),
	(421, 2, 3, 5, 1, '2022-09-08 21:14:16', '2022-09-08 21:14:16'),
	(422, 2, 19, 1, 1, '2022-09-08 21:14:16', '2022-09-08 21:14:16'),
	(423, 2, 19, 5, 1, '2022-09-08 21:14:16', '2022-09-08 21:14:16'),
	(424, 2, 15, 1, 1, '2022-09-08 21:14:16', '2022-09-08 21:14:16'),
	(425, 2, 15, 5, 1, '2022-09-08 21:14:16', '2022-09-08 21:14:16'),
	(426, 2, 20, 1, 1, '2022-09-08 21:14:16', '2022-09-08 21:14:16'),
	(427, 2, 20, 5, 1, '2022-09-08 21:14:16', '2022-09-08 21:14:16'),
	(428, 2, 16, 1, 1, '2022-09-08 21:14:16', '2022-09-08 21:14:16'),
	(429, 2, 16, 5, 1, '2022-09-08 21:14:16', '2022-09-08 21:14:16'),
	(430, 2, 18, 1, 1, '2022-09-08 21:14:16', '2022-09-08 21:14:16'),
	(431, 2, 18, 5, 1, '2022-09-08 21:14:16', '2022-09-08 21:14:16'),
	(432, 2, 14, 1, 1, '2022-09-08 21:14:16', '2022-09-08 21:14:16'),
	(433, 2, 14, 5, 1, '2022-09-08 21:14:16', '2022-09-08 21:14:16'),
	(434, 2, 21, 1, 1, '2022-09-08 21:14:16', '2022-09-08 21:14:16'),
	(435, 2, 21, 5, 1, '2022-09-08 21:14:16', '2022-09-08 21:14:16'),
	(436, 2, 17, 1, 1, '2022-09-08 21:14:16', '2022-09-08 21:14:16'),
	(437, 2, 17, 5, 1, '2022-09-08 21:14:16', '2022-09-08 21:14:16'),
	(438, 1, 4, 1, 1, '2022-12-07 23:40:44', '2022-12-07 23:40:44'),
	(439, 1, 4, 2, 1, '2022-12-07 23:40:44', '2022-12-07 23:40:44'),
	(440, 1, 4, 3, 1, '2022-12-07 23:40:44', '2022-12-07 23:40:44'),
	(441, 1, 4, 4, 1, '2022-12-07 23:40:44', '2022-12-07 23:40:44'),
	(442, 1, 4, 5, 1, '2022-12-07 23:40:44', '2022-12-07 23:40:44'),
	(443, 1, 5, 1, 1, '2022-12-07 23:40:44', '2022-12-07 23:40:44'),
	(444, 1, 5, 2, 1, '2022-12-07 23:40:44', '2022-12-07 23:40:44'),
	(445, 1, 5, 3, 1, '2022-12-07 23:40:44', '2022-12-07 23:40:44'),
	(446, 1, 5, 4, 1, '2022-12-07 23:40:44', '2022-12-07 23:40:44'),
	(447, 1, 5, 5, 1, '2022-12-07 23:40:44', '2022-12-07 23:40:44'),
	(448, 1, 7, 1, 1, '2022-12-07 23:40:44', '2022-12-07 23:40:44'),
	(449, 1, 7, 2, 1, '2022-12-07 23:40:44', '2022-12-07 23:40:44'),
	(450, 1, 7, 3, 1, '2022-12-07 23:40:44', '2022-12-07 23:40:44'),
	(451, 1, 7, 4, 1, '2022-12-07 23:40:44', '2022-12-07 23:40:44'),
	(452, 1, 7, 5, 1, '2022-12-07 23:40:44', '2022-12-07 23:40:44'),
	(453, 1, 6, 1, 1, '2022-12-07 23:40:44', '2022-12-07 23:40:44'),
	(454, 1, 6, 2, 1, '2022-12-07 23:40:44', '2022-12-07 23:40:44'),
	(455, 1, 6, 3, 1, '2022-12-07 23:40:44', '2022-12-07 23:40:44'),
	(456, 1, 6, 4, 1, '2022-12-07 23:40:44', '2022-12-07 23:40:44'),
	(457, 1, 6, 5, 1, '2022-12-07 23:40:44', '2022-12-07 23:40:44'),
	(458, 1, 9, 1, 1, '2022-12-07 23:40:44', '2022-12-07 23:40:44'),
	(459, 1, 9, 2, 1, '2022-12-07 23:40:44', '2022-12-07 23:40:44'),
	(460, 1, 9, 3, 1, '2022-12-07 23:40:44', '2022-12-07 23:40:44'),
	(461, 1, 9, 4, 1, '2022-12-07 23:40:44', '2022-12-07 23:40:44'),
	(462, 1, 9, 5, 1, '2022-12-07 23:40:44', '2022-12-07 23:40:44'),
	(463, 1, 8, 1, 1, '2022-12-07 23:40:44', '2022-12-07 23:40:44'),
	(464, 1, 8, 2, 1, '2022-12-07 23:40:44', '2022-12-07 23:40:44'),
	(465, 1, 8, 3, 1, '2022-12-07 23:40:44', '2022-12-07 23:40:44'),
	(466, 1, 8, 4, 1, '2022-12-07 23:40:44', '2022-12-07 23:40:44'),
	(467, 1, 8, 5, 1, '2022-12-07 23:40:44', '2022-12-07 23:40:44'),
	(468, 1, 1, 1, 1, '2022-12-07 23:40:44', '2022-12-07 23:40:44'),
	(469, 1, 1, 2, 1, '2022-12-07 23:40:44', '2022-12-07 23:40:44'),
	(470, 1, 1, 3, 1, '2022-12-07 23:40:44', '2022-12-07 23:40:44'),
	(471, 1, 1, 4, 1, '2022-12-07 23:40:44', '2022-12-07 23:40:44'),
	(472, 1, 1, 5, 1, '2022-12-07 23:40:44', '2022-12-07 23:40:44'),
	(473, 1, 2, 1, 1, '2022-12-07 23:40:44', '2022-12-07 23:40:44'),
	(474, 1, 2, 2, 1, '2022-12-07 23:40:44', '2022-12-07 23:40:44'),
	(475, 1, 2, 3, 1, '2022-12-07 23:40:44', '2022-12-07 23:40:44'),
	(476, 1, 2, 4, 1, '2022-12-07 23:40:44', '2022-12-07 23:40:44'),
	(477, 1, 2, 5, 1, '2022-12-07 23:40:44', '2022-12-07 23:40:44'),
	(478, 1, 3, 1, 1, '2022-12-07 23:40:44', '2022-12-07 23:40:44'),
	(479, 1, 3, 2, 1, '2022-12-07 23:40:44', '2022-12-07 23:40:44'),
	(480, 1, 3, 3, 1, '2022-12-07 23:40:44', '2022-12-07 23:40:44'),
	(481, 1, 3, 4, 1, '2022-12-07 23:40:44', '2022-12-07 23:40:44'),
	(482, 1, 3, 5, 1, '2022-12-07 23:40:44', '2022-12-07 23:40:44'),
	(483, 1, 13, 1, 1, '2022-12-07 23:40:44', '2022-12-07 23:40:44'),
	(484, 1, 13, 2, 1, '2022-12-07 23:40:44', '2022-12-07 23:40:44'),
	(485, 1, 13, 3, 1, '2022-12-07 23:40:44', '2022-12-07 23:40:44'),
	(486, 1, 13, 4, 1, '2022-12-07 23:40:44', '2022-12-07 23:40:44'),
	(487, 1, 13, 5, 1, '2022-12-07 23:40:44', '2022-12-07 23:40:44'),
	(488, 1, 12, 1, 1, '2022-12-07 23:40:44', '2022-12-07 23:40:44'),
	(489, 1, 12, 2, 1, '2022-12-07 23:40:44', '2022-12-07 23:40:44'),
	(490, 1, 12, 3, 1, '2022-12-07 23:40:44', '2022-12-07 23:40:44'),
	(491, 1, 12, 4, 1, '2022-12-07 23:40:44', '2022-12-07 23:40:44'),
	(492, 1, 12, 5, 1, '2022-12-07 23:40:44', '2022-12-07 23:40:44'),
	(493, 1, 22, 1, 1, '2022-12-07 23:40:44', '2022-12-07 23:40:44'),
	(494, 1, 22, 2, 1, '2022-12-07 23:40:44', '2022-12-07 23:40:44'),
	(495, 1, 22, 3, 1, '2022-12-07 23:40:44', '2022-12-07 23:40:44'),
	(496, 1, 22, 4, 1, '2022-12-07 23:40:44', '2022-12-07 23:40:44'),
	(497, 1, 22, 5, 1, '2022-12-07 23:40:44', '2022-12-07 23:40:44'),
	(498, 1, 11, 1, 1, '2022-12-07 23:40:44', '2022-12-07 23:40:44'),
	(499, 1, 11, 2, 1, '2022-12-07 23:40:44', '2022-12-07 23:40:44'),
	(500, 1, 11, 3, 1, '2022-12-07 23:40:44', '2022-12-07 23:40:44'),
	(501, 1, 11, 4, 1, '2022-12-07 23:40:44', '2022-12-07 23:40:44'),
	(502, 1, 11, 5, 1, '2022-12-07 23:40:44', '2022-12-07 23:40:44'),
	(503, 1, 10, 1, 1, '2022-12-07 23:40:44', '2022-12-07 23:40:44'),
	(504, 1, 10, 2, 1, '2022-12-07 23:40:44', '2022-12-07 23:40:44'),
	(505, 1, 10, 3, 1, '2022-12-07 23:40:44', '2022-12-07 23:40:44'),
	(506, 1, 10, 4, 1, '2022-12-07 23:40:44', '2022-12-07 23:40:44'),
	(507, 1, 10, 5, 1, '2022-12-07 23:40:44', '2022-12-07 23:40:44'),
	(508, 1, 19, 1, 1, '2022-12-07 23:40:44', '2022-12-07 23:40:44'),
	(509, 1, 19, 2, 1, '2022-12-07 23:40:44', '2022-12-07 23:40:44'),
	(510, 1, 19, 3, 1, '2022-12-07 23:40:44', '2022-12-07 23:40:44'),
	(511, 1, 19, 4, 1, '2022-12-07 23:40:44', '2022-12-07 23:40:44'),
	(512, 1, 19, 5, 1, '2022-12-07 23:40:44', '2022-12-07 23:40:44'),
	(513, 1, 15, 1, 1, '2022-12-07 23:40:44', '2022-12-07 23:40:44'),
	(514, 1, 15, 2, 1, '2022-12-07 23:40:44', '2022-12-07 23:40:44'),
	(515, 1, 15, 3, 1, '2022-12-07 23:40:44', '2022-12-07 23:40:44'),
	(516, 1, 15, 4, 1, '2022-12-07 23:40:44', '2022-12-07 23:40:44'),
	(517, 1, 15, 5, 1, '2022-12-07 23:40:44', '2022-12-07 23:40:44'),
	(518, 1, 20, 1, 1, '2022-12-07 23:40:44', '2022-12-07 23:40:44'),
	(519, 1, 20, 2, 1, '2022-12-07 23:40:44', '2022-12-07 23:40:44'),
	(520, 1, 20, 3, 1, '2022-12-07 23:40:44', '2022-12-07 23:40:44'),
	(521, 1, 20, 4, 1, '2022-12-07 23:40:44', '2022-12-07 23:40:44'),
	(522, 1, 20, 5, 1, '2022-12-07 23:40:44', '2022-12-07 23:40:44'),
	(523, 1, 16, 1, 1, '2022-12-07 23:40:44', '2022-12-07 23:40:44'),
	(524, 1, 16, 2, 1, '2022-12-07 23:40:44', '2022-12-07 23:40:44'),
	(525, 1, 16, 3, 1, '2022-12-07 23:40:44', '2022-12-07 23:40:44'),
	(526, 1, 16, 4, 1, '2022-12-07 23:40:44', '2022-12-07 23:40:44'),
	(527, 1, 16, 5, 1, '2022-12-07 23:40:44', '2022-12-07 23:40:44'),
	(528, 1, 18, 1, 1, '2022-12-07 23:40:44', '2022-12-07 23:40:44'),
	(529, 1, 18, 2, 1, '2022-12-07 23:40:44', '2022-12-07 23:40:44'),
	(530, 1, 18, 3, 1, '2022-12-07 23:40:44', '2022-12-07 23:40:44'),
	(531, 1, 18, 4, 1, '2022-12-07 23:40:44', '2022-12-07 23:40:44'),
	(532, 1, 18, 5, 1, '2022-12-07 23:40:44', '2022-12-07 23:40:44'),
	(533, 1, 14, 1, 1, '2022-12-07 23:40:44', '2022-12-07 23:40:44'),
	(534, 1, 14, 2, 1, '2022-12-07 23:40:44', '2022-12-07 23:40:44'),
	(535, 1, 14, 3, 1, '2022-12-07 23:40:44', '2022-12-07 23:40:44'),
	(536, 1, 14, 4, 1, '2022-12-07 23:40:44', '2022-12-07 23:40:44'),
	(537, 1, 14, 5, 1, '2022-12-07 23:40:44', '2022-12-07 23:40:44'),
	(538, 1, 21, 1, 1, '2022-12-07 23:40:44', '2022-12-07 23:40:44'),
	(539, 1, 21, 2, 1, '2022-12-07 23:40:44', '2022-12-07 23:40:44'),
	(540, 1, 21, 3, 1, '2022-12-07 23:40:44', '2022-12-07 23:40:44'),
	(541, 1, 21, 4, 1, '2022-12-07 23:40:44', '2022-12-07 23:40:44'),
	(542, 1, 21, 5, 1, '2022-12-07 23:40:44', '2022-12-07 23:40:44'),
	(543, 1, 17, 1, 1, '2022-12-07 23:40:44', '2022-12-07 23:40:44'),
	(544, 1, 17, 2, 1, '2022-12-07 23:40:44', '2022-12-07 23:40:44'),
	(545, 1, 17, 3, 1, '2022-12-07 23:40:44', '2022-12-07 23:40:44'),
	(546, 1, 17, 4, 1, '2022-12-07 23:40:44', '2022-12-07 23:40:44'),
	(547, 1, 17, 5, 1, '2022-12-07 23:40:44', '2022-12-07 23:40:44'),
	(548, 3, 4, 1, 1, '2023-02-17 00:43:44', '2023-02-17 00:43:44'),
	(549, 3, 4, 2, 1, '2023-02-17 00:43:44', '2023-02-17 00:43:44'),
	(550, 3, 4, 3, 1, '2023-02-17 00:43:44', '2023-02-17 00:43:44'),
	(551, 3, 4, 4, 1, '2023-02-17 00:43:44', '2023-02-17 00:43:44'),
	(552, 3, 4, 5, 1, '2023-02-17 00:43:44', '2023-02-17 00:43:44'),
	(553, 3, 5, 1, 1, '2023-02-17 00:43:44', '2023-02-17 00:43:44'),
	(554, 3, 5, 2, 1, '2023-02-17 00:43:44', '2023-02-17 00:43:44'),
	(555, 3, 5, 3, 1, '2023-02-17 00:43:44', '2023-02-17 00:43:44'),
	(556, 3, 5, 4, 1, '2023-02-17 00:43:44', '2023-02-17 00:43:44'),
	(557, 3, 5, 5, 1, '2023-02-17 00:43:44', '2023-02-17 00:43:44'),
	(558, 3, 7, 1, 1, '2023-02-17 00:43:44', '2023-02-17 00:43:44'),
	(559, 3, 7, 2, 1, '2023-02-17 00:43:44', '2023-02-17 00:43:44'),
	(560, 3, 7, 3, 1, '2023-02-17 00:43:44', '2023-02-17 00:43:44'),
	(561, 3, 7, 4, 1, '2023-02-17 00:43:44', '2023-02-17 00:43:44'),
	(562, 3, 7, 5, 1, '2023-02-17 00:43:44', '2023-02-17 00:43:44'),
	(563, 3, 6, 1, 1, '2023-02-17 00:43:44', '2023-02-17 00:43:44'),
	(564, 3, 6, 2, 1, '2023-02-17 00:43:44', '2023-02-17 00:43:44'),
	(565, 3, 6, 3, 1, '2023-02-17 00:43:44', '2023-02-17 00:43:44'),
	(566, 3, 6, 4, 1, '2023-02-17 00:43:44', '2023-02-17 00:43:44'),
	(567, 3, 6, 5, 1, '2023-02-17 00:43:44', '2023-02-17 00:43:44'),
	(568, 3, 9, 1, 1, '2023-02-17 00:43:44', '2023-02-17 00:43:44'),
	(569, 3, 9, 2, 1, '2023-02-17 00:43:44', '2023-02-17 00:43:44'),
	(570, 3, 9, 3, 1, '2023-02-17 00:43:44', '2023-02-17 00:43:44'),
	(571, 3, 9, 4, 1, '2023-02-17 00:43:44', '2023-02-17 00:43:44'),
	(572, 3, 9, 5, 1, '2023-02-17 00:43:44', '2023-02-17 00:43:44'),
	(573, 3, 8, 1, 1, '2023-02-17 00:43:44', '2023-02-17 00:43:44'),
	(574, 3, 8, 2, 1, '2023-02-17 00:43:44', '2023-02-17 00:43:44'),
	(575, 3, 8, 3, 1, '2023-02-17 00:43:44', '2023-02-17 00:43:44'),
	(576, 3, 8, 4, 1, '2023-02-17 00:43:44', '2023-02-17 00:43:44'),
	(577, 3, 8, 5, 1, '2023-02-17 00:43:44', '2023-02-17 00:43:44'),
	(578, 3, 1, 1, 1, '2023-02-17 00:43:44', '2023-02-17 00:43:44'),
	(579, 3, 1, 2, 1, '2023-02-17 00:43:44', '2023-02-17 00:43:44'),
	(580, 3, 1, 3, 1, '2023-02-17 00:43:44', '2023-02-17 00:43:44'),
	(581, 3, 1, 4, 1, '2023-02-17 00:43:44', '2023-02-17 00:43:44'),
	(582, 3, 1, 5, 1, '2023-02-17 00:43:44', '2023-02-17 00:43:44'),
	(583, 3, 2, 1, 1, '2023-02-17 00:43:44', '2023-02-17 00:43:44'),
	(584, 3, 2, 2, 1, '2023-02-17 00:43:44', '2023-02-17 00:43:44'),
	(585, 3, 2, 3, 1, '2023-02-17 00:43:44', '2023-02-17 00:43:44'),
	(586, 3, 2, 4, 1, '2023-02-17 00:43:44', '2023-02-17 00:43:44'),
	(587, 3, 2, 5, 1, '2023-02-17 00:43:44', '2023-02-17 00:43:44'),
	(588, 3, 3, 1, 1, '2023-02-17 00:43:44', '2023-02-17 00:43:44'),
	(589, 3, 3, 2, 1, '2023-02-17 00:43:44', '2023-02-17 00:43:44'),
	(590, 3, 3, 3, 1, '2023-02-17 00:43:44', '2023-02-17 00:43:44'),
	(591, 3, 3, 4, 1, '2023-02-17 00:43:44', '2023-02-17 00:43:44'),
	(592, 3, 3, 5, 1, '2023-02-17 00:43:44', '2023-02-17 00:43:44'),
	(593, 3, 13, 1, 1, '2023-02-17 00:43:44', '2023-02-17 00:43:44'),
	(594, 3, 13, 2, 1, '2023-02-17 00:43:44', '2023-02-17 00:43:44'),
	(595, 3, 13, 3, 1, '2023-02-17 00:43:44', '2023-02-17 00:43:44'),
	(596, 3, 13, 4, 1, '2023-02-17 00:43:44', '2023-02-17 00:43:44'),
	(597, 3, 13, 5, 1, '2023-02-17 00:43:44', '2023-02-17 00:43:44'),
	(598, 3, 12, 1, 1, '2023-02-17 00:43:44', '2023-02-17 00:43:44'),
	(599, 3, 12, 2, 1, '2023-02-17 00:43:44', '2023-02-17 00:43:44'),
	(600, 3, 12, 3, 1, '2023-02-17 00:43:44', '2023-02-17 00:43:44'),
	(601, 3, 12, 4, 1, '2023-02-17 00:43:44', '2023-02-17 00:43:44'),
	(602, 3, 12, 5, 1, '2023-02-17 00:43:44', '2023-02-17 00:43:44'),
	(603, 3, 22, 1, 1, '2023-02-17 00:43:44', '2023-02-17 00:43:44'),
	(604, 3, 22, 2, 1, '2023-02-17 00:43:44', '2023-02-17 00:43:44'),
	(605, 3, 22, 3, 1, '2023-02-17 00:43:44', '2023-02-17 00:43:44'),
	(606, 3, 22, 4, 1, '2023-02-17 00:43:44', '2023-02-17 00:43:44'),
	(607, 3, 22, 5, 1, '2023-02-17 00:43:44', '2023-02-17 00:43:44'),
	(608, 3, 11, 1, 1, '2023-02-17 00:43:44', '2023-02-17 00:43:44'),
	(609, 3, 11, 2, 1, '2023-02-17 00:43:44', '2023-02-17 00:43:44'),
	(610, 3, 11, 3, 1, '2023-02-17 00:43:44', '2023-02-17 00:43:44'),
	(611, 3, 11, 4, 1, '2023-02-17 00:43:44', '2023-02-17 00:43:44'),
	(612, 3, 11, 5, 1, '2023-02-17 00:43:44', '2023-02-17 00:43:44'),
	(613, 3, 10, 1, 1, '2023-02-17 00:43:44', '2023-02-17 00:43:44'),
	(614, 3, 10, 2, 1, '2023-02-17 00:43:44', '2023-02-17 00:43:44'),
	(615, 3, 10, 3, 1, '2023-02-17 00:43:44', '2023-02-17 00:43:44'),
	(616, 3, 10, 4, 1, '2023-02-17 00:43:44', '2023-02-17 00:43:44'),
	(617, 3, 10, 5, 1, '2023-02-17 00:43:44', '2023-02-17 00:43:44'),
	(618, 3, 19, 1, 1, '2023-02-17 00:43:44', '2023-02-17 00:43:44'),
	(619, 3, 19, 2, 1, '2023-02-17 00:43:44', '2023-02-17 00:43:44'),
	(620, 3, 19, 3, 1, '2023-02-17 00:43:44', '2023-02-17 00:43:44'),
	(621, 3, 19, 4, 1, '2023-02-17 00:43:44', '2023-02-17 00:43:44'),
	(622, 3, 19, 5, 1, '2023-02-17 00:43:44', '2023-02-17 00:43:44'),
	(623, 3, 15, 1, 1, '2023-02-17 00:43:44', '2023-02-17 00:43:44'),
	(624, 3, 15, 2, 1, '2023-02-17 00:43:44', '2023-02-17 00:43:44'),
	(625, 3, 15, 3, 1, '2023-02-17 00:43:44', '2023-02-17 00:43:44'),
	(626, 3, 15, 4, 1, '2023-02-17 00:43:44', '2023-02-17 00:43:44'),
	(627, 3, 15, 5, 1, '2023-02-17 00:43:44', '2023-02-17 00:43:44'),
	(628, 3, 20, 1, 1, '2023-02-17 00:43:44', '2023-02-17 00:43:44'),
	(629, 3, 20, 2, 1, '2023-02-17 00:43:44', '2023-02-17 00:43:44'),
	(630, 3, 20, 3, 1, '2023-02-17 00:43:44', '2023-02-17 00:43:44'),
	(631, 3, 20, 4, 1, '2023-02-17 00:43:44', '2023-02-17 00:43:44'),
	(632, 3, 20, 5, 1, '2023-02-17 00:43:44', '2023-02-17 00:43:44'),
	(633, 3, 16, 1, 1, '2023-02-17 00:43:44', '2023-02-17 00:43:44'),
	(634, 3, 16, 2, 1, '2023-02-17 00:43:44', '2023-02-17 00:43:44'),
	(635, 3, 16, 3, 1, '2023-02-17 00:43:44', '2023-02-17 00:43:44'),
	(636, 3, 16, 4, 1, '2023-02-17 00:43:44', '2023-02-17 00:43:44'),
	(637, 3, 16, 5, 1, '2023-02-17 00:43:44', '2023-02-17 00:43:44'),
	(638, 3, 18, 1, 1, '2023-02-17 00:43:44', '2023-02-17 00:43:44'),
	(639, 3, 18, 2, 1, '2023-02-17 00:43:44', '2023-02-17 00:43:44'),
	(640, 3, 18, 3, 1, '2023-02-17 00:43:44', '2023-02-17 00:43:44'),
	(641, 3, 18, 4, 1, '2023-02-17 00:43:44', '2023-02-17 00:43:44'),
	(642, 3, 18, 5, 1, '2023-02-17 00:43:44', '2023-02-17 00:43:44'),
	(643, 3, 14, 1, 1, '2023-02-17 00:43:44', '2023-02-17 00:43:44'),
	(644, 3, 14, 2, 1, '2023-02-17 00:43:44', '2023-02-17 00:43:44'),
	(645, 3, 14, 3, 1, '2023-02-17 00:43:44', '2023-02-17 00:43:44'),
	(646, 3, 14, 4, 1, '2023-02-17 00:43:44', '2023-02-17 00:43:44'),
	(647, 3, 14, 5, 1, '2023-02-17 00:43:44', '2023-02-17 00:43:44'),
	(648, 3, 21, 1, 1, '2023-02-17 00:43:44', '2023-02-17 00:43:44'),
	(649, 3, 21, 2, 1, '2023-02-17 00:43:44', '2023-02-17 00:43:44'),
	(650, 3, 21, 3, 1, '2023-02-17 00:43:44', '2023-02-17 00:43:44'),
	(651, 3, 21, 4, 1, '2023-02-17 00:43:44', '2023-02-17 00:43:44'),
	(652, 3, 21, 5, 1, '2023-02-17 00:43:44', '2023-02-17 00:43:44'),
	(653, 3, 17, 1, 1, '2023-02-17 00:43:44', '2023-02-17 00:43:44'),
	(654, 3, 17, 2, 1, '2023-02-17 00:43:44', '2023-02-17 00:43:44'),
	(655, 3, 17, 3, 1, '2023-02-17 00:43:44', '2023-02-17 00:43:44'),
	(656, 3, 17, 4, 1, '2023-02-17 00:43:44', '2023-02-17 00:43:44'),
	(657, 3, 17, 5, 1, '2023-02-17 00:43:44', '2023-02-17 00:43:44');

-- Volcando estructura para tabla bd_app_inventario.providers
CREATE TABLE IF NOT EXISTS `providers` (
  `id_provider` bigint(20) unsigned NOT NULL AUTO_INCREMENT,
  `document_type` varchar(10) COLLATE utf8_unicode_ci NOT NULL,
  `document_number` varchar(20) COLLATE utf8_unicode_ci NOT NULL,
  `name` varchar(500) COLLATE utf8_unicode_ci NOT NULL,
  `email` varchar(100) COLLATE utf8_unicode_ci NOT NULL,
  `phone` varchar(20) COLLATE utf8_unicode_ci NOT NULL,
  `state` int(11) NOT NULL,
  `created_at` timestamp NULL DEFAULT NULL,
  `updated_at` timestamp NULL DEFAULT NULL,
  PRIMARY KEY (`id_provider`) USING BTREE
) ENGINE=InnoDB AUTO_INCREMENT=3 DEFAULT CHARSET=utf8 COLLATE=utf8_unicode_ci;

-- Volcando datos para la tabla bd_app_inventario.providers: ~2 rows (aproximadamente)
INSERT INTO `providers` (`id_provider`, `document_type`, `document_number`, `name`, `email`, `phone`, `state`, `created_at`, `updated_at`) VALUES
	(1, '1', '45353453', 'test', '', '', 9, '2023-06-03 22:20:43', '2023-06-03 22:25:20'),
	(2, '1', '45454545', 'test', '', '', 1, '2023-06-03 22:25:29', '2023-06-03 22:25:29');

-- Volcando estructura para tabla bd_app_inventario.type_expenses
CREATE TABLE IF NOT EXISTS `type_expenses` (
  `id_type_expense` bigint(20) unsigned NOT NULL AUTO_INCREMENT,
  `name` varchar(300) COLLATE utf8_unicode_ci DEFAULT NULL,
  `description` varchar(300) COLLATE utf8_unicode_ci DEFAULT NULL,
  `state` int(11) NOT NULL,
  `created_at` timestamp NULL DEFAULT NULL,
  `updated_at` timestamp NULL DEFAULT NULL,
  PRIMARY KEY (`id_type_expense`)
) ENGINE=InnoDB AUTO_INCREMENT=11 DEFAULT CHARSET=utf8 COLLATE=utf8_unicode_ci;

-- Volcando datos para la tabla bd_app_inventario.type_expenses: ~10 rows (aproximadamente)
INSERT INTO `type_expenses` (`id_type_expense`, `name`, `description`, `state`, `created_at`, `updated_at`) VALUES
	(1, 'REMUNERACIONES', 'REMUNERACIONES', 1, '2022-07-26 04:50:31', '2022-07-26 04:50:32'),
	(2, 'IMPUESTOS', 'IMPUESTOS', 1, '2022-07-26 04:50:31', '2022-07-26 04:50:32'),
	(3, 'ARRIENDO AEROPUERTO', 'ARRIENDO AEROPUERTO', 1, '2022-07-26 04:50:53', '2022-07-26 04:50:53'),
	(4, 'ARRIENDO SAN MARTIN', 'ARRIENDO SAN MARTIN', 1, '2022-07-26 04:51:03', '2022-07-26 04:51:04'),
	(5, 'SEGURO', 'SEGURO', 1, '2022-07-26 04:51:13', '2022-07-26 04:51:14'),
	(6, 'CONTADOR', 'CONTADOR', 1, '2022-07-26 04:51:26', '2022-07-26 04:51:27'),
	(7, 'COMISION POS OPERADORES', 'COMISION POS OPERADORES', 1, '2022-07-26 04:51:37', '2022-07-26 04:51:37'),
	(8, 'COMISION POS INVERSIONES', 'COMISION POS INVERSIONES', 1, '2022-07-26 04:51:58', '2022-07-26 04:51:59'),
	(9, 'GASTOS GENERALES', 'GASTOS GENERALES', 1, '2022-07-26 04:52:09', '2022-07-26 04:52:09'),
	(10, 'bbb', 'aaaaa', 9, '2022-08-01 00:20:51', '2022-08-01 00:31:23');

-- Volcando estructura para tabla bd_app_inventario.type_income_management
CREATE TABLE IF NOT EXISTS `type_income_management` (
  `id_type_income` bigint(20) unsigned NOT NULL AUTO_INCREMENT,
  `name` varchar(300) COLLATE utf8_unicode_ci DEFAULT NULL,
  `description` varchar(300) COLLATE utf8_unicode_ci DEFAULT NULL,
  `state` int(11) NOT NULL,
  `created_at` timestamp NULL DEFAULT NULL,
  `updated_at` timestamp NULL DEFAULT NULL,
  PRIMARY KEY (`id_type_income`) USING BTREE
) ENGINE=InnoDB AUTO_INCREMENT=20 DEFAULT CHARSET=utf8 COLLATE=utf8_unicode_ci;

-- Volcando datos para la tabla bd_app_inventario.type_income_management: ~9 rows (aproximadamente)
INSERT INTO `type_income_management` (`id_type_income`, `name`, `description`, `state`, `created_at`, `updated_at`) VALUES
	(11, 'Restante del mes anterior', '', 1, '2022-08-23 07:56:16', '2022-08-24 23:17:10'),
	(12, 'Cheque 1', '', 9, '2022-08-23 07:56:37', '2022-08-23 08:11:16'),
	(13, 'cheque 1', '', 1, '2022-08-24 23:17:36', '2022-08-24 23:17:36'),
	(14, 'cheque 2', '', 1, '2022-08-24 23:17:48', '2022-08-24 23:17:48'),
	(15, 'cheque 3', '', 1, '2022-08-24 23:18:01', '2022-08-24 23:18:01'),
	(16, 'Otros Ingresos A)', '', 1, '2022-08-24 23:18:19', '2022-08-24 23:18:19'),
	(17, 'Otros Ingresos B)', '', 1, '2022-08-24 23:18:31', '2022-08-24 23:18:31'),
	(18, 'Otros Ingresos C)', '', 1, '2022-08-24 23:18:42', '2022-08-24 23:18:42'),
	(19, 'Saldo acumulado', '', 1, '2022-08-25 23:23:14', '2022-08-25 23:23:14');

-- Volcando estructura para tabla bd_app_inventario.users
CREATE TABLE IF NOT EXISTS `users` (
  `id_user` int(10) unsigned NOT NULL AUTO_INCREMENT,
  `id_user_type` bigint(20) unsigned NOT NULL DEFAULT '0',
  `establishment` varchar(1000) COLLATE utf8_unicode_ci DEFAULT NULL,
  `name` varchar(300) COLLATE utf8_unicode_ci DEFAULT NULL,
  `last_name` varchar(300) COLLATE utf8_unicode_ci DEFAULT NULL,
  `user` varchar(300) COLLATE utf8_unicode_ci DEFAULT NULL,
  `email` varchar(150) COLLATE utf8_unicode_ci NOT NULL,
  `password` varchar(200) COLLATE utf8_unicode_ci NOT NULL,
  `phone` varchar(15) COLLATE utf8_unicode_ci DEFAULT NULL,
  `state` int(11) NOT NULL,
  `api_token` varchar(60) COLLATE utf8_unicode_ci NOT NULL,
  `remember_token` varchar(100) COLLATE utf8_unicode_ci DEFAULT NULL,
  `created_at` timestamp NULL DEFAULT NULL,
  `updated_at` timestamp NULL DEFAULT NULL,
  PRIMARY KEY (`id_user`),
  UNIQUE KEY `users_email_unique` (`email`),
  UNIQUE KEY `users_api_token_unique` (`api_token`),
  KEY `id_user_type` (`id_user_type`),
  CONSTRAINT `FK_users_user_type` FOREIGN KEY (`id_user_type`) REFERENCES `user_type` (`id_user_type`)
) ENGINE=InnoDB AUTO_INCREMENT=18 DEFAULT CHARSET=utf8 COLLATE=utf8_unicode_ci;

-- Volcando datos para la tabla bd_app_inventario.users: ~12 rows (aproximadamente)
INSERT INTO `users` (`id_user`, `id_user_type`, `establishment`, `name`, `last_name`, `user`, `email`, `password`, `phone`, `state`, `api_token`, `remember_token`, `created_at`, `updated_at`) VALUES
	(1, 1, '[1,3]', 'Juan José', 'José', 'Administrador', 'admin@comprasentacna.com', '$2y$10$qHLk0N.tLGt3G7wbC8657epQ.cqK7EyQm/tcBN.Fd4KwrHJdJY4jC', '981513145', 1, 'RnciX827gfSzPG6HGDFBxKG7jEbAJiATVZ3XwtWLhp77yUsGXzx1O7QHHLYs', NULL, NULL, '2022-09-26 21:13:46'),
	(2, 1, '[1,3]', 'DANIELA ', 'MIXCO', 'adm', 'adm@dpgdutyfree.com', '$2y$10$U.QWv8AQXeiJ7DaGXU8TWuMZY9FcIUO0Mc1OH8NWzbycgGF93cJKG', '', 1, 'XYCXFMhcAE5cOhCa5FxW3O4zevKCKcWCuIqoCxMwlvMC8ZZiy36QLc7GMGBk', NULL, '2021-08-19 03:43:21', '2021-08-26 09:16:53'),
	(3, 1, '[1,3]', 'DPG', 'SAN MARTIN', 'VENTAS SM', 'ventas@dpgdutyfree.com', '$2y$10$6RlDMMFG.atv00YGdXYra.CNskqEvjpM8O0H0SfGcTU4swLF3.3im', '', 9, 'OHEwbdT1ncIuqNEffRWsdvnZDP9WwGwtDrqwkXOsDZEmuKMJNbBO6FYr1i85', NULL, '2021-08-19 04:38:30', '2022-09-03 22:04:45'),
	(6, 1, '[1,3]', 'APTO', 'AEROPUERTO', 'VENTAS APTO', 'aeropuerto@dpgdutyfree.com', '$2y$10$ysl8/VXaW25mKcfYgbcGKOZJCjJ628X3POnzczCj6yjjRk6stRmTq', '', 9, 'SO1zebjI9iL41Hr22p7qmp2nztfmtNoVR1cTjRWIinm5U2F8thKzbNjccwNl', NULL, '2021-08-19 05:08:22', '2022-09-03 22:04:30'),
	(7, 1, '[1,3]', 'Carla', 'Ochoa', 'CARLA', 'ventasweb@dpgdutyfree.com', '$2y$10$1NbK6ATa9mrVGYJq.NVjHuB7.lquZVqrM/IhGta473fAlxKmXYLJO', '', 9, 'F4pPD0X4lGPlB4evgTlDBT49NJYklz3UaB9GB2JQlEhSaFujS4xjmkXRAfyN', NULL, '2021-08-19 06:01:53', '2022-09-03 22:04:22'),
	(8, 1, '[1,3]', 'YONATHAN', 'W.', 'Yonathan', 'yonathanwilliammc@gmail.com', '$2y$10$KiBQiYHBP5C9AB5qTkW/2O6.8PrxkvRoqWxuNjo3v9Ex2SGuJUPL2', '', 1, 'yHf2mSDQ3vNI8hjGuQSfigQTzzsiOnrR8FRf1X9fGFSxQXICnDrmYwAdSa6x', NULL, '2021-08-19 21:17:22', '2022-08-23 10:52:04'),
	(9, 1, '[1,3]', 'Shani', 'Dayanani', 'sdayanani', 'sdayanani@dpgdutyfree.com', '$2y$10$Wi9p2/mIR166jF9ZeqwMtO2gMRo1CftVVt5HtZiTJZYET7s8jGd4a', '', 1, 'uj46dFEb14FkfUxmb9lqTvMoW46JeiQK7xlF3hKZWnxQyvyHAAnwsjRjBCuC', NULL, '2021-08-30 03:05:37', '2021-08-30 03:05:37'),
	(13, 2, NULL, 'Asdasd', '', 'Juan', 'jaun@gmail.com', '$2y$10$P3TO4V0h3s8y.nagbxxVMuR7TlY82LuLS2aEq0FoGo7hr5c/VT7dm', '', 9, 'RNP7HPs3f3oZ6k0Mv9bzJDa18CekZUdAgdqDTfCmBWXki6Q1jfBHQJZ0a8lG', NULL, '2022-08-23 10:45:00', '2022-08-24 01:35:26'),
	(14, 1, NULL, 'Test', '', 'Test', 'test@gmail.com', '$2y$10$WkyVbUP22HBhLi/TJ5pfQO1FZGctS3cwI0y9BoW2Qs1xis/iELAZ6', '', 9, 'ggAsAs7i2AtzplT33orDhHH4WLnmYtWMduNbIWrUtAvCh7b4sDkWHIPZptkg', NULL, '2022-08-23 11:37:17', '2022-08-23 11:38:35'),
	(15, 1, NULL, 'Revisión - Mensual', '', 'Rahul', 'rmulani@palacedf.cl', '$2y$10$JkW6.YOOIYHOG3y2rVpdgeSn/5WROjVOXOry9EcNUB7qd1I26J2we', '', 1, 'gP3phV0yz2caKuaYScK44G5keFnbeyE6Zo36iavDAupR7PXcZxuXTbluOe9w', NULL, '2022-09-06 15:32:43', '2022-09-06 15:35:24'),
	(16, 2, NULL, 'INFORMACION', '', 'Ventas@palacedf.cl', 'ventas@palacedf.cl', '$2y$10$3NApIzarcwCDenUm9VkWpOdAAolTIVkDvkMDF/KQcytASjuPPL0/u', '', 1, 'NU3J171vU9BLClyuMu1zZZnqBrxDAg277g9HT1ZIjre0dUvWx7znW86acBLS', NULL, '2022-09-08 21:22:28', '2022-09-08 21:22:28'),
	(17, 3, NULL, 'Lavin Dayanani', '', 'Lavind@palacedf.cl', 'lavind@palacedf.cl', '$2y$10$JXsGWDHRqDIa3ZFsqSv5he1fB/.dtK6.IHnBdoad0J9rZ.JeiSMN6', '', 1, 'qoZ6p7DWMCbUeDWv7QI6dyIsGsInCmXWNiwVO9IXaZ0hdz78P2XNVoXyf0Sb', NULL, '2023-02-17 00:44:48', '2023-02-17 00:44:48');

-- Volcando estructura para tabla bd_app_inventario.user_type
CREATE TABLE IF NOT EXISTS `user_type` (
  `id_user_type` bigint(20) unsigned NOT NULL AUTO_INCREMENT,
  `name` varchar(200) COLLATE utf8_unicode_ci NOT NULL,
  `state` int(11) NOT NULL,
  `created_at` timestamp NULL DEFAULT NULL,
  `updated_at` timestamp NULL DEFAULT NULL,
  PRIMARY KEY (`id_user_type`)
) ENGINE=InnoDB AUTO_INCREMENT=4 DEFAULT CHARSET=utf8 COLLATE=utf8_unicode_ci;

-- Volcando datos para la tabla bd_app_inventario.user_type: ~3 rows (aproximadamente)
INSERT INTO `user_type` (`id_user_type`, `name`, `state`, `created_at`, `updated_at`) VALUES
	(1, 'Administrador', 1, '2022-08-23 07:52:19', '2022-08-23 10:51:38'),
	(2, 'REVISIÓN', 1, '2022-08-23 08:44:50', '2022-09-08 21:14:16'),
	(3, 'Lavin Dayanani', 1, '2023-02-17 00:43:44', '2023-02-17 00:43:44');

-- Volcando estructura para tabla bd_app_inventario.utilities
CREATE TABLE IF NOT EXISTS `utilities` (
  `id_utility` bigint(20) unsigned NOT NULL AUTO_INCREMENT,
  `id_user` int(10) unsigned NOT NULL,
  `code` varchar(10) COLLATE utf8_unicode_ci NOT NULL,
  `date` date NOT NULL,
  `year` varchar(10) COLLATE utf8_unicode_ci NOT NULL,
  `month` varchar(10) COLLATE utf8_unicode_ci NOT NULL,
  `observation` varchar(500) COLLATE utf8_unicode_ci NOT NULL,
  `income_total_pen` decimal(10,2) NOT NULL,
  `income_total_usd` decimal(10,2) NOT NULL,
  `expense_total_pen` decimal(10,2) NOT NULL,
  `expense_total_usd` decimal(10,2) NOT NULL,
  `balance_total_pen` decimal(10,2) NOT NULL,
  `balance_total_usd` decimal(10,2) NOT NULL,
  `state` int(11) NOT NULL,
  `created_at` timestamp NULL DEFAULT NULL,
  `updated_at` timestamp NULL DEFAULT NULL,
  PRIMARY KEY (`id_utility`),
  KEY `management_utilities_id_user_foreign` (`id_user`),
  CONSTRAINT `management_utilities_id_user_foreign` FOREIGN KEY (`id_user`) REFERENCES `users` (`id_user`)
) ENGINE=InnoDB DEFAULT CHARSET=utf8 COLLATE=utf8_unicode_ci;

-- Volcando datos para la tabla bd_app_inventario.utilities: ~0 rows (aproximadamente)

-- Volcando estructura para tabla bd_app_inventario.utilities_detail
CREATE TABLE IF NOT EXISTS `utilities_detail` (
  `id_utility_detail` bigint(20) unsigned NOT NULL AUTO_INCREMENT,
  `id_utility` bigint(20) unsigned NOT NULL,
  `id_detail` int(11) NOT NULL,
  `type` varchar(10) COLLATE utf8_unicode_ci NOT NULL,
  `year` varchar(10) COLLATE utf8_unicode_ci NOT NULL,
  `month` varchar(10) COLLATE utf8_unicode_ci NOT NULL,
  `description` varchar(500) COLLATE utf8_unicode_ci NOT NULL,
  `total_pen` decimal(10,2) NOT NULL,
  `total_usd` decimal(10,2) NOT NULL,
  `state` int(11) NOT NULL,
  `created_at` timestamp NULL DEFAULT NULL,
  `updated_at` timestamp NULL DEFAULT NULL,
  PRIMARY KEY (`id_utility_detail`),
  KEY `management_utilities_detail_id_utility_foreign` (`id_utility`),
  CONSTRAINT `management_utilities_detail_id_utility_foreign` FOREIGN KEY (`id_utility`) REFERENCES `utilities` (`id_utility`)
) ENGINE=InnoDB DEFAULT CHARSET=utf8 COLLATE=utf8_unicode_ci;

-- Volcando datos para la tabla bd_app_inventario.utilities_detail: ~0 rows (aproximadamente)

-- Volcando estructura para tabla bd_app_inventario.zones
CREATE TABLE IF NOT EXISTS `zones` (
  `id_zone` bigint(20) unsigned NOT NULL AUTO_INCREMENT,
  `name` varchar(200) COLLATE utf8_unicode_ci NOT NULL,
  `module` varchar(200) COLLATE utf8_unicode_ci NOT NULL,
  `group` varchar(200) COLLATE utf8_unicode_ci NOT NULL,
  `state` int(11) NOT NULL,
  `created_at` timestamp NULL DEFAULT NULL,
  `updated_at` timestamp NULL DEFAULT NULL,
  PRIMARY KEY (`id_zone`)
) ENGINE=InnoDB AUTO_INCREMENT=23 DEFAULT CHARSET=utf8 COLLATE=utf8_unicode_ci;

-- Volcando datos para la tabla bd_app_inventario.zones: ~22 rows (aproximadamente)
INSERT INTO `zones` (`id_zone`, `name`, `module`, `group`, `state`, `created_at`, `updated_at`) VALUES
	(1, 'Inicio', 'Home', 'Inicio', 1, '2022-08-18 12:51:23', '2022-08-18 12:51:24'),
	(2, 'Liq. Diaria - Egresos', 'DailySettlementExpense', 'Liquidación Diaria', 1, '2022-08-18 12:51:23', '2022-08-18 12:51:24'),
	(3, 'Liq. Diaria - Ingresos', 'DailySettlementIncome', 'Liquidación Diaria', 1, '2022-08-18 12:51:23', '2022-08-18 12:51:24'),
	(4, 'Gast. Externos - Egresos', 'ManagementExpense', 'Gastos Externos', 1, '2022-08-18 12:54:44', '2022-08-18 12:54:45'),
	(5, 'Gast. Externos - Ingresos', 'ManagementIncome', 'Gastos Externos', 1, '2022-08-18 12:54:44', '2022-08-18 12:54:45'),
	(6, 'Gest. de Cobros - Egresos', 'AccountReceivableExpense', 'Gestión de Cobros', 1, '2022-08-18 12:55:59', '2022-08-18 12:56:00'),
	(7, 'Cuentas por Cobrar', 'AccountReceivable', 'Gestión de Cobros', 1, '2022-08-18 12:57:48', '2022-08-18 12:57:48'),
	(8, 'Gest. de Utilidades - Ingresos', 'Income', 'Gestión de Utilidades', 1, '2022-08-18 13:09:57', '2022-08-18 13:09:57'),
	(9, 'Gest. de Utilidades - Egresos', 'Expense', 'Gestión de Utilidades', 1, '2022-08-18 13:09:57', '2022-08-18 13:09:57'),
	(10, 'Usuario', 'User', 'Mantenimiento', 1, '2022-08-18 13:10:54', '2022-08-18 13:10:54'),
	(11, 'Tipo de Usuario', 'UserType', 'Mantenimiento', 1, '2022-08-18 13:10:54', '2022-08-18 13:10:54'),
	(12, 'Tipo de Gasto', 'TypeExpense', 'Mantenimiento', 1, '2022-08-18 13:10:54', '2022-08-18 13:10:54'),
	(13, 'Cliente', 'Client', 'Entidad', 1, '2022-08-18 13:10:54', '2022-08-18 13:10:54'),
	(14, 'Proveedor', 'Provider', 'Entidad', 1, '2022-08-18 13:13:14', '2022-08-18 13:13:15'),
	(15, 'Productos', 'Product', 'Productos', 1, '2022-08-18 13:13:14', '2022-08-18 13:13:15'),
	(16, 'Categoria', 'Category', 'Productos', 1, '2022-08-18 13:13:14', '2022-08-18 13:13:15'),
	(17, 'Utilidad - Mensual', 'ReportUtilityMonth', 'Reporte', 1, '2022-08-18 13:13:14', '2022-08-18 13:13:15'),
	(18, 'Liq. Diaria ', 'ReportUtilityDailySettlement', 'Reporte', 1, '2022-08-18 13:13:14', '2022-08-18 13:13:15'),
	(19, 'Gerencial', 'ReportUtilityManagement', 'Reporte', 1, '2022-08-18 13:13:14', '2022-08-18 13:13:15'),
	(20, 'Gest. Cobros', 'ReportUtilityAccountReceivable', 'Reporte', 1, '2022-08-18 13:13:14', '2022-08-18 13:13:15'),
	(21, 'Utilidad ', 'ReportUtility', 'Reporte', 1, '2022-08-18 13:13:14', '2022-08-18 13:13:15'),
	(22, 'Tipo de Ingreso', 'TypeIncomeManagement', 'Mantenimiento', 1, '2022-08-18 13:10:54', '2022-08-18 13:10:54');

/*!40103 SET TIME_ZONE=IFNULL(@OLD_TIME_ZONE, 'system') */;
/*!40101 SET SQL_MODE=IFNULL(@OLD_SQL_MODE, '') */;
/*!40014 SET FOREIGN_KEY_CHECKS=IFNULL(@OLD_FOREIGN_KEY_CHECKS, 1) */;
/*!40101 SET CHARACTER_SET_CLIENT=@OLD_CHARACTER_SET_CLIENT */;
/*!40111 SET SQL_NOTES=IFNULL(@OLD_SQL_NOTES, 1) */;
